patient_id,ews_001,ews_002,ews_003,ews_004,ews_005,ews_006,ews_007,ews_008,ews_009,ews_010,ews_011,ews_012,ews_013,ews_014,ews_015,ews_016,ews_017,ews_018,ews_019,ews_020,ews_021,ews_022,ews_023,ews_024,ews_025,ews_026,ews_027,ews_028,ews_029,ews_030,ews_031,ews_032,ews_033,ews_034,ews_035,ews_036,ews_037,ews_038,ews_039,ews_040,ews_041,ews_042,ews_043,ews_044,ews_045,ews_046,ews_047,ews_048,ews_049,ews_050,ews_051,ews_052,ews_053,ews_054,ews_055,ews_056,ews_057,ews_058,ews_059,ews_060,ews_061,ews_062,ews_063,ews_064,ews_065,ews_066,ews_067,ews_068,ews_069,ews_070,ews_071,ews_072,ews_073,ews_074,ews_075,ews_076,ews_077,ews_078,ews_079,ews_080,ews_081,ews_082,ews_083,ews_084,ews_085,ews_086,ews_087,ews_088,ews_089,ews_090,ews_091,ews_092,ews_093,ews_094,ews_095,ews_096,outcome,group
SUR-0197,36.0,38.2,32.6,34.4,33.3,35.4,42.9,44.0,44.5,59.3,62.2,37.9,34.3,40.6,50.8,54.3,40.4,51.2,46.1,46.9,33.3,25.3,41.2,35.6,52.7,59.0,61.5,51.9,47.2,40.9,42.6,23.3,41.7,44.9,68.7,51.9,40.8,63.5,59.1,67.1,42.1,40.2,52.0,36.2,47.7,30.2,35.4,51.2,49.6,54.2,41.3,43.7,59.7,20.6,59.6,39.4,44.0,40.2,44.2,65.3,59.0,49.2,63.7,54.2,46.4,54.1,32.5,35.5,45.8,40.9,47.8,58.2,37.2,47.9,56.3,26.6,45.3,46.0,65.6,46.6,40.6,40.6,44.5,37.8,36.6,54.4,58.2,39.2,56.9,46.5,60.8,29.7,35.5,37.4,33.6,41.9,1,Surgical
SUR-0168,35.9,28.1,29.0,34.3,17.5,22.4,37.8,51.2,43.8,40.3,42.3,26.0,33.6,52.3,39.1,44.6,40.3,24.9,39.4,44.1,40.9,42.1,49.0,29.4,49.0,38.6,28.9,35.1,39.1,25.0,31.0,33.6,23.3,45.5,34.6,28.4,42.6,40.1,42.4,41.9,33.5,39.4,30.9,41.4,46.9,19.3,51.1,25.0,31.5,46.0,40.6,36.5,49.4,31.4,45.1,45.6,34.3,33.6,23.5,44.8,38.9,43.3,30.1,43.7,28.2,30.5,39.2,21.5,55.1,25.8,29.6,24.8,50.3,23.8,39.5,38.0,37.8,50.5,33.9,27.4,32.1,52.4,35.5,26.9,36.8,37.9,31.0,27.0,58.4,43.2,23.0,35.5,53.8,21.0,37.1,50.2,1,Surgical
MED-0064,0.0,0.0,0.0,8.3,7.9,0.0,0.0,21.6,0.0,5.6,0.1,2.1,18.5,0.0,2.8,2.8,2.8,4.8,5.2,0.7,0.0,7.4,0.0,16.7,10.0,13.0,1.8,8.4,1.1,10.3,0.0,18.5,0.0,0.0,12.4,0.0,5.9,3.7,0.0,12.0,0.0,0.8,7.3,0.0,4.5,4.0,0.0,0.0,12.5,14.0,1.3,0.0,0.4,0.0,0.0,0.0,0.0,0.0,0.0,9.6,0.0,8.2,0.0,20.2,0.0,9.9,10.5,2.2,12.0,0.0,0.0,10.4,0.0,0.0,16.0,0.0,7.3,0.0,19.9,0.0,3.4,0.0,1.8,0.0,0.0,13.3,5.8,0.0,0.0,14.2,0.0,7.5,0.0,6.8,21.8,0.0,1,Medical
SUR-0034,51.9,32.6,47.7,34.9,60.4,43.0,26.8,28.1,41.3,33.7,35.2,44.9,36.3,53.1,30.8,31.2,39.9,43.8,52.3,57.1,33.2,44.1,35.3,36.2,41.1,50.2,49.0,46.5,26.7,27.1,40.9,45.8,30.4,54.8,42.6,44.1,36.2,39.0,42.7,52.4,51.8,31.9,42.2,55.8,24.7,52.5,39.5,40.0,38.0,33.2,50.9,51.4,59.5,40.5,49.4,27.1,23.1,37.6,42.1,58.1,22.4,28.0,53.0,44.6,51.9,55.3,44.4,37.9,53.0,47.8,58.7,45.2,31.8,38.7,58.7,30.7,23.5,32.5,46.1,52.1,47.0,48.2,34.8,28.9,37.7,39.7,40.9,42.3,54.5,36.9,37.7,47.2,68.9,45.7,36.7,48.6,1,Surgical
MED-0067,37.4,47.3,20.7,30.1,32.6,14.6,34.4,25.5,17.5,44.5,20.9,16.8,35.5,18.2,20.6,18.9,33.8,33.3,41.1,21.6,24.2,25.9,21.7,22.8,42.2,19.2,34.9,38.6,28.8,35.7,28.5,23.7,18.0,38.5,29.1,39.1,41.9,37.4,35.2,25.3,36.0,30.8,26.6,18.1,32.2,22.7,29.5,23.3,25.1,12.6,35.6,33.0,20.3,35.1,20.4,34.9,45.1,29.0,37.5,35.7,27.5,33.9,35.0,35.7,31.7,19.1,24.8,19.6,43.8,20.4,28.3,18.8,21.3,23.5,21.0,17.4,17.5,44.7,18.6,30.4,41.5,37.3,28.7,40.1,9.3,15.6,16.1,17.0,46.2,27.0,28.4,18.3,25.9,36.0,12.3,29.7,1,Medical
SUR-0122,19.3,12.8,23.9,28.0,31.7,24.1,45.3,20.4,42.1,24.9,31.5,23.0,17.6,24.0,37.2,25.9,23.3,29.7,25.3,23.7,39.0,14.9,24.9,25.2,26.4,28.2,22.9,25.7,38.0,38.8,24.6,19.3,3.7,21.4,27.8,19.7,21.6,29.6,18.5,41.3,39.6,26.3,25.3,25.6,28.9,13.5,14.4,23.4,22.3,33.1,28.2,28.6,9.4,41.5,12.4,35.6,11.1,24.7,19.9,26.2,32.3,41.0,13.7,32.5,22.7,16.3,38.5,37.3,14.0,20.6,23.4,15.9,38.4,31.4,6.9,33.3,20.8,12.8,25.3,44.8,27.9,17.6,16.6,40.4,27.2,23.5,27.3,29.2,25.0,31.6,35.2,23.4,24.9,14.9,2.1,16.2,1,Surgical
MED-0347,23.8,8.0,19.9,23.5,4.1,24.3,25.5,25.0,27.6,8.7,13.9,26.4,21.2,19.4,19.3,24.2,5.6,36.9,15.2,26.5,32.8,20.7,18.5,16.7,18.9,15.0,17.3,23.6,19.9,15.0,34.6,21.6,21.8,28.5,21.4,22.8,28.0,18.5,22.4,8.7,19.9,27.8,1.2,10.1,13.9,27.6,8.5,15.0,9.1,19.3,13.8,13.1,35.6,24.8,27.2,22.6,23.0,18.6,31.9,29.0,26.0,29.0,15.6,17.3,14.0,23.9,20.5,28.9,10.5,14.2,25.8,14.4,9.7,5.9,1.6,33.3,2.4,15.1,26.2,10.4,9.4,25.2,30.0,0.4,20.9,0.0,15.7,14.0,36.9,20.2,31.6,10.4,33.7,26.7,11.9,25.8,1,Medical
MED-0491,32.6,19.0,1.5,17.0,17.2,22.5,12.0,20.1,22.1,5.8,10.1,21.6,14.9,17.0,34.4,20.3,36.6,35.1,35.1,14.9,14.9,17.3,14.8,25.3,29.3,28.5,29.8,19.6,21.3,19.6,23.1,1.5,11.4,10.2,22.5,23.5,28.1,14.1,39.1,32.7,27.5,20.2,34.3,26.9,26.2,14.7,10.6,33.4,32.7,17.7,4.5,27.0,10.9,6.3,20.3,37.4,24.6,27.4,17.2,21.9,35.3,25.3,11.6,22.4,16.8,13.3,16.1,32.5,12.6,4.6,14.2,17.0,19.5,3.8,16.9,7.6,10.6,23.4,1.1,32.5,33.1,14.4,11.6,21.2,1.2,16.0,22.5,13.7,21.4,16.7,13.6,47.4,23.6,5.5,24.4,13.1,1,Medical
SUR-0261,31.1,22.9,45.8,27.5,30.8,45.3,51.6,17.6,22.6,20.6,19.4,37.4,36.2,21.0,30.5,30.3,30.0,31.3,37.9,31.2,16.3,30.1,43.1,49.2,16.3,17.8,17.2,34.1,43.6,45.6,36.6,26.3,16.8,35.2,27.3,31.5,38.9,54.0,40.6,54.0,13.2,25.4,32.5,31.0,34.9,21.8,32.6,40.6,40.5,33.8,28.5,26.6,40.6,42.9,35.8,50.1,34.0,22.7,36.1,44.6,44.7,32.5,19.2,24.9,24.7,27.1,37.2,25.7,28.1,27.2,31.9,36.6,41.6,24.4,40.9,15.6,34.3,35.1,26.3,29.9,16.5,37.0,22.8,40.0,44.9,45.1,23.7,47.4,25.8,37.8,44.2,24.9,39.8,19.5,13.3,30.7,1,Surgical
MED-0457,2.3,0.4,0.0,24.6,12.1,4.0,11.3,17.4,5.9,0.0,2.5,14.4,4.6,12.8,0.0,0.0,11.6,6.8,2.2,0.0,1.1,0.0,16.0,4.9,3.1,0.0,0.0,11.4,12.0,0.0,0.0,4.9,9.1,0.0,0.0,0.0,16.5,14.0,0.5,6.8,0.0,11.2,3.2,4.8,0.0,0.0,19.7,6.9,12.8,5.5,14.0,0.0,1.1,5.8,0.0,4.5,15.2,1.2,12.9,20.8,8.4,0.0,0.0,0.0,3.8,0.0,0.0,0.0,0.0,0.0,6.0,12.5,4.4,31.1,0.0,2.1,0.0,0.0,13.2,14.2,8.4,10.3,0.0,5.3,2.9,0.2,15.5,15.5,15.5,0.1,12.7,0.0,1.0,0.0,7.4,4.0,1,Medical
MED-0066,13.3,0.0,7.1,0.0,0.0,23.8,20.4,9.6,6.7,0.0,23.4,16.2,21.8,11.6,13.9,14.6,1.8,0.6,10.1,9.2,30.4,0.0,17.5,4.8,12.9,11.7,25.3,0.4,0.0,8.0,19.8,0.0,23.7,0.0,16.4,22.7,0.0,31.0,12.0,8.4,7.6,2.4,16.6,0.0,3.6,24.6,0.7,24.9,12.6,21.4,14.7,0.0,7.3,0.0,0.0,27.2,5.3,15.5,19.8,4.0,14.9,19.5,12.3,15.8,8.4,22.3,25.9,23.2,29.5,5.1,13.7,9.8,8.5,3.8,10.9,9.3,3.6,0.0,25.5,0.0,0.0,26.9,10.3,0.0,11.1,8.9,0.0,0.0,0.0,0.4,7.3,14.2,0.1,19.6,13.6,0.0,1,Medical
MED-0287,42.2,30.0,54.9,74.1,15.2,36.3,29.9,43.1,50.0,38.0,40.4,31.5,61.6,58.7,56.3,38.8,45.2,68.2,38.1,46.9,49.0,49.4,31.2,23.4,35.2,58.5,41.5,44.8,28.8,41.6,38.7,45.0,46.8,67.4,43.8,29.9,55.9,44.8,55.4,45.4,31.3,20.5,54.0,27.7,51.2,44.1,44.0,59.2,25.6,48.0,45.8,40.0,25.6,44.2,43.3,36.5,25.9,34.3,47.1,56.7,18.0,59.9,51.5,59.9,46.9,41.6,37.8,45.8,39.9,51.1,51.8,47.7,52.7,52.1,43.3,27.2,27.4,54.3,67.5,35.9,54.0,29.7,36.0,16.6,26.2,46.8,46.5,27.3,36.2,46.4,50.9,39.7,29.4,27.0,37.4,44.4,1,Medical
SUR-0136,12.9,4.5,15.3,19.9,15.6,28.9,19.1,8.0,19.8,32.5,35.0,20.9,35.3,3.7,17.1,25.4,6.2,14.4,23.1,19.8,2.6,25.2,17.7,30.8,33.4,18.8,0.0,16.7,19.0,17.9,14.9,15.9,27.7,9.7,11.6,13.8,35.3,0.0,10.9,19.8,16.5,24.0,15.2,19.5,15.9,30.6,16.2,17.3,34.0,11.0,20.5,32.6,16.1,27.6,8.9,20.7,14.3,26.3,18.8,3.6,22.4,15.7,28.5,3.8,3.9,15.6,25.6,5.1,25.5,5.9,22.3,22.7,11.5,27.6,21.4,11.6,23.0,20.0,20.0,0.0,18.7,25.0,9.2,22.5,39.4,18.3,24.5,28.0,19.6,12.2,5.0,12.6,42.8,5.5,22.1,24.0,1,Surgical
MED-0068,49.5,10.0,22.1,16.4,21.3,17.5,15.5,25.6,21.7,32.6,27.2,37.4,41.4,38.6,23.6,35.8,27.5,53.3,25.5,40.4,20.1,29.5,16.6,35.3,15.4,31.2,39.5,33.0,34.5,41.2,26.3,27.5,33.8,19.8,29.2,1.1,38.5,38.9,39.1,22.2,24.4,26.6,17.1,26.5,26.8,29.1,25.7,27.3,3.5,17.9,20.8,43.4,23.2,28.1,25.5,11.0,30.5,13.4,30.6,31.9,31.1,30.0,57.5,33.3,17.3,17.8,46.0,14.1,12.2,31.6,30.6,19.9,25.0,23.7,33.3,28.7,16.8,31.0,34.7,40.4,22.0,47.0,19.8,14.2,23.5,21.6,30.6,27.0,43.5,18.0,39.5,31.4,32.8,29.5,35.7,34.0,1,Medical
MED-0328,41.4,19.0,29.5,35.4,38.7,37.2,36.6,30.7,41.4,32.7,31.4,44.0,35.7,46.1,35.9,11.5,37.6,32.8,41.5,48.2,51.0,45.6,29.2,32.5,36.1,52.4,56.1,32.6,15.2,44.3,38.5,27.8,43.7,39.5,32.6,34.0,52.1,57.6,43.5,28.0,35.7,31.7,33.5,41.3,54.4,42.5,37.4,56.8,22.7,24.2,24.1,39.9,47.5,47.3,41.5,47.5,34.8,36.0,39.2,30.5,43.6,36.8,33.4,44.9,48.0,27.9,37.2,40.1,35.8,39.0,35.7,22.2,51.6,32.9,36.1,56.0,19.4,26.2,34.0,40.0,52.1,27.5,45.3,44.8,44.3,30.5,41.6,39.8,31.0,41.8,50.1,48.9,40.2,36.7,43.4,39.1,1,Medical
MED-0396,18.0,21.3,35.5,27.5,5.4,28.0,17.7,26.8,16.5,39.1,47.9,41.1,39.5,14.1,8.3,30.7,36.9,42.2,30.1,32.0,31.0,24.5,25.2,15.9,6.9,30.4,23.2,31.9,31.7,29.6,35.2,25.4,30.9,19.9,22.3,15.3,25.0,21.6,19.6,36.4,19.8,17.2,31.6,19.9,17.9,18.4,30.7,29.9,24.4,6.1,4.8,46.3,36.9,31.9,13.0,39.9,18.6,30.1,36.9,25.1,44.9,28.1,14.5,22.1,36.1,26.2,23.5,31.1,10.5,17.3,23.2,34.6,9.5,39.7,6.1,35.8,25.8,16.3,29.0,15.6,11.7,24.1,46.5,19.9,35.6,11.6,22.0,18.1,17.8,24.4,21.1,49.3,18.5,13.0,35.4,11.0,1,Medical
MED-0245,26.2,12.2,4.0,3.4,3.5,24.9,0.0,27.4,8.9,17.6,12.4,16.4,4.3,7.0,4.3,13.3,3.0,3.8,0.0,0.0,18.7,1.3,10.0,4.3,3.2,0.0,13.2,0.0,8.1,6.7,2.4,8.4,0.0,14.3,0.0,12.8,0.0,0.0,9.5,0.0,27.0,0.0,8.7,10.0,0.0,20.6,11.4,4.6,0.0,0.1,7.2,25.7,0.0,15.5,0.0,22.4,5.5,0.0,17.6,0.0,4.6,0.0,4.0,7.9,7.8,0.0,0.0,0.0,9.2,0.0,19.5,10.4,0.0,0.0,3.3,18.6,1.5,6.3,0.0,4.1,2.4,22.8,0.0,0.0,0.0,3.3,0.0,17.6,0.0,0.0,9.7,15.0,3.5,1.6,0.0,4.4,1,Medical
MED-0378,17.0,11.8,19.8,0.0,17.4,6.9,13.8,4.5,5.2,7.2,9.0,24.3,16.5,26.0,8.5,0.0,3.5,18.9,20.6,11.3,0.0,5.7,15.8,6.4,2.1,11.1,12.3,19.8,1.3,3.8,21.2,3.2,0.0,28.3,17.8,27.4,0.0,30.5,10.0,5.2,23.5,0.0,0.0,0.0,27.2,8.7,10.1,32.9,23.0,20.6,20.3,12.0,8.6,19.3,16.3,16.6,11.7,0.0,1.6,9.5,3.8,0.0,13.7,11.9,9.1,16.5,8.8,19.3,2.7,6.6,0.0,0.0,11.3,0.0,18.7,12.1,19.1,0.0,7.5,22.4,16.8,17.8,16.0,4.4,36.6,0.0,27.8,5.8,11.9,19.0,10.0,11.8,13.8,17.5,10.2,0.0,1,Medical
SUR-0111,15.6,11.7,14.8,7.7,14.5,16.7,22.7,11.8,16.7,10.8,26.6,10.4,10.3,14.0,7.1,30.1,22.6,19.7,18.8,7.9,13.5,13.5,11.0,0.0,22.7,17.9,4.9,14.3,34.1,16.1,14.4,10.8,11.0,14.6,8.9,8.3,17.7,11.4,10.8,11.7,18.1,24.8,16.1,17.5,27.0,15.6,6.3,10.5,9.6,23.6,19.9,26.2,22.7,0.7,28.6,16.8,22.7,29.8,14.8,30.0,15.0,23.5,8.5,0.0,24.3,21.4,22.5,20.9,29.5,16.7,3.2,25.7,13.4,16.6,22.7,0.0,12.9,9.7,19.9,10.8,14.4,27.0,16.2,13.5,22.9,17.4,21.8,5.8,17.1,31.9,17.2,14.3,25.2,13.0,19.6,29.0,1,Surgical
SUR-0027,29.7,36.1,23.4,11.1,30.7,24.5,10.3,4.9,58.1,26.5,21.4,26.0,20.1,17.9,20.1,37.8,23.3,29.1,32.8,19.9,28.7,27.3,20.2,14.4,10.1,20.9,24.2,12.4,38.1,25.6,24.5,37.3,28.9,40.4,41.8,33.6,23.4,33.6,15.9,43.5,11.6,24.6,19.9,25.8,16.9,18.0,23.1,25.4,25.7,18.9,23.7,24.1,31.7,9.2,37.3,28.0,40.9,25.0,16.5,35.2,37.3,26.0,25.8,26.0,31.2,20.6,25.8,28.8,21.9,16.0,25.9,19.6,11.1,16.6,23.1,26.3,39.8,19.6,9.9,1.7,24.6,18.8,18.4,29.5,50.2,21.0,27.2,30.9,29.3,9.1,22.5,18.4,15.6,19.3,29.6,11.9,1,Surgical
SUR-0159,18.5,24.3,30.8,17.1,0.0,2.7,13.2,11.9,27.0,15.0,7.1,31.1,25.4,31.2,5.5,13.1,24.4,26.2,26.9,20.2,11.3,5.9,19.3,21.4,18.4,26.0,23.8,12.6,20.6,0.0,6.7,20.0,6.1,9.4,26.6,3.4,18.1,9.5,4.4,15.9,20.3,15.8,9.4,27.9,11.0,22.9,11.0,18.7,33.0,25.8,16.5,21.7,9.9,24.0,11.2,23.0,8.4,11.2,14.6,4.5,15.0,30.5,23.9,22.4,21.6,18.7,18.5,31.1,25.4,20.3,9.2,28.7,11.0,25.8,20.4,12.9,16.4,13.6,37.0,2.8,27.1,29.0,0.0,5.0,10.0,7.6,33.2,17.2,24.1,18.8,19.0,20.8,0.7,6.2,13.6,15.1,1,Surgical
SUR-0030,0.0,21.5,21.3,16.2,33.3,20.2,27.2,21.7,11.8,19.3,21.7,8.9,1.3,12.6,20.7,25.4,28.0,15.8,15.7,7.1,23.0,0.0,3.5,14.3,3.8,15.9,8.4,20.0,0.0,40.2,24.0,22.5,40.4,12.1,2.5,13.5,22.1,13.9,30.9,27.8,16.9,38.2,0.0,12.2,26.8,11.1,5.7,36.6,25.1,23.0,7.4,12.6,2.1,24.6,6.1,17.7,6.6,27.1,28.3,45.7,16.0,20.6,32.9,11.9,35.0,21.1,4.5,30.5,38.3,2.6,24.1,4.1,38.4,27.3,14.9,27.3,22.5,23.4,24.4,8.4,12.5,17.4,32.8,25.3,12.4,14.9,27.6,15.0,9.5,33.5,11.6,28.9,35.6,23.0,13.4,27.1,1,Surgical
SUR-0123,13.8,17.1,14.4,18.1,20.5,17.7,9.4,43.1,3.0,18.8,27.1,7.4,9.0,11.2,16.4,13.0,21.3,11.1,19.0,25.9,0.7,16.2,24.0,9.3,0.9,19.2,23.0,11.1,6.8,19.6,22.0,22.4,38.4,24.8,34.8,15.2,23.9,8.7,16.8,20.5,13.5,34.7,6.1,12.1,8.2,21.2,9.1,24.4,0.0,16.7,20.3,32.3,9.0,20.6,4.8,32.6,27.9,23.0,22.7,0.3,10.4,1.5,18.7,26.0,34.2,17.5,11.3,10.8,26.6,1.0,10.1,27.5,17.0,14.2,8.7,1.6,8.1,0.0,36.6,10.8,26.0,22.1,28.6,15.6,4.8,36.1,12.1,27.3,2.2,14.3,25.6,18.0,16.4,15.2,36.1,0.6,1,Surgical
SUR-0222,17.0,7.2,36.3,16.3,14.1,29.8,40.4,6.9,21.0,44.2,30.6,13.2,30.6,16.8,37.9,29.4,19.4,43.6,21.0,31.1,32.0,45.7,13.2,27.4,29.4,0.2,8.4,37.8,42.5,33.1,21.3,40.3,20.0,30.9,27.4,50.2,22.3,28.8,48.0,12.6,35.3,41.6,40.4,15.1,17.6,33.2,27.2,22.5,27.5,30.4,31.3,16.3,32.1,16.3,14.0,32.9,28.6,34.7,0.0,39.1,9.7,14.5,33.5,26.5,17.8,21.7,16.5,12.9,27.8,18.5,22.3,30.9,24.9,37.2,30.5,19.6,18.2,11.4,31.8,33.3,18.9,11.5,27.0,17.5,18.0,42.3,31.4,18.2,25.9,51.1,33.6,45.4,15.1,30.0,19.6,15.9,1,Surgical
MED-0361,23.5,42.7,46.5,30.8,45.6,28.8,31.0,14.7,21.1,28.4,23.5,13.5,12.7,32.6,32.5,15.8,41.1,29.8,31.2,31.0,24.1,24.4,10.7,31.8,31.4,26.4,21.3,29.9,29.4,5.8,16.4,20.8,0.8,16.4,23.5,20.0,45.3,33.3,21.8,20.2,18.9,20.5,32.7,17.9,15.4,25.5,20.6,29.2,0.3,35.2,27.3,25.2,7.7,22.1,20.3,43.4,23.5,34.8,28.1,21.5,17.6,18.8,38.5,23.9,31.1,32.8,18.2,10.6,38.0,26.5,35.2,40.1,23.8,13.2,24.8,12.0,17.0,22.1,7.1,21.2,15.0,27.7,31.9,32.8,17.9,28.9,32.9,23.1,3.3,23.2,27.2,8.4,13.2,44.8,27.5,9.9,1,Medical
MED-0031,69.2,50.3,47.4,47.0,55.0,48.9,46.0,60.0,55.6,69.7,74.1,66.1,53.2,57.9,65.7,47.7,49.0,55.9,59.9,51.8,53.2,82.5,66.9,66.5,55.5,51.1,50.4,59.7,66.2,62.0,58.3,70.9,59.3,51.4,72.3,66.3,76.0,46.8,54.3,57.2,77.2,39.5,70.9,48.1,75.0,61.4,65.8,65.4,52.6,57.6,65.6,63.2,36.0,45.5,61.5,72.2,58.4,64.6,68.0,65.5,56.8,55.2,51.6,74.9,57.7,55.4,51.9,64.3,29.4,62.7,57.7,52.1,55.6,65.2,51.8,70.7,59.9,54.7,56.7,54.8,49.4,61.9,70.4,48.8,71.7,54.8,52.1,47.1,63.6,37.6,57.0,54.7,52.4,47.9,67.1,61.3,0,Medical
MED-0261,22.9,11.1,26.3,10.8,26.7,28.6,20.7,26.9,30.2,28.7,6.0,19.9,16.4,14.2,1.3,14.0,4.7,16.9,15.7,22.5,21.8,0.0,13.3,24.5,21.2,7.2,27.4,16.2,26.6,19.2,4.1,19.9,2.6,18.3,27.9,19.8,14.8,8.2,10.7,27.7,23.0,16.4,8.5,36.5,22.8,29.6,38.6,0.1,47.0,22.2,35.6,21.9,29.3,10.9,14.3,17.0,37.9,12.6,37.2,3.2,35.5,7.7,15.2,19.0,23.9,11.0,7.3,21.3,6.2,21.7,22.1,31.4,23.0,14.2,30.1,24.5,11.7,6.1,14.9,31.5,7.0,31.2,33.4,21.7,38.3,26.3,37.7,15.2,28.4,4.6,9.4,16.4,18.5,17.4,0.2,17.5,1,Medical
SUR-0138,35.6,30.0,36.7,42.2,38.7,36.6,16.3,9.7,11.7,37.1,30.3,31.5,17.2,16.2,29.3,18.0,30.2,15.3,34.8,30.6,15.7,15.8,48.2,8.8,16.7,40.9,50.1,17.2,27.0,22.7,21.0,31.1,20.6,24.1,27.7,17.9,34.6,21.5,17.8,30.5,33.7,32.1,27.8,27.0,32.7,15.6,27.6,8.6,31.7,13.1,3.4,13.8,27.0,17.0,31.8,17.2,26.2,27.3,32.7,37.1,35.7,26.4,29.8,24.2,8.9,33.6,18.3,26.1,24.0,37.6,22.5,28.6,38.4,26.0,8.6,14.5,13.9,11.4,24.5,45.0,32.0,19.4,21.6,10.2,28.3,20.1,19.9,22.6,38.1,32.5,21.6,34.3,30.5,26.9,36.4,32.6,1,Surgical
SUR-0247,34.1,28.8,48.7,39.2,18.3,37.1,31.0,26.9,25.2,61.9,31.2,14.8,30.6,47.9,22.2,45.1,51.6,32.3,33.5,37.4,28.0,42.7,46.8,34.4,7.1,23.0,32.1,52.7,16.2,50.3,35.3,58.0,33.2,27.3,31.0,49.5,38.8,55.8,34.0,23.1,31.9,32.7,43.1,30.3,32.3,44.3,43.2,45.5,42.0,36.9,25.0,23.0,44.4,48.4,46.8,27.4,40.7,43.7,22.0,28.8,57.9,30.5,31.8,46.2,46.1,40.6,52.9,39.3,47.4,42.3,51.3,37.9,13.4,35.0,36.3,34.3,48.5,27.8,42.1,44.1,20.9,31.5,42.9,14.4,44.3,34.9,29.3,37.3,44.4,47.1,30.1,37.2,44.0,30.4,41.9,36.1,1,Surgical
SUR-0071,2.4,26.7,43.5,19.3,15.8,19.8,39.2,38.6,32.4,42.3,18.2,34.6,32.6,37.4,34.9,24.2,30.0,17.8,43.6,28.6,39.9,41.1,34.1,36.2,23.8,32.9,26.5,27.5,18.5,26.7,21.4,25.6,20.0,43.4,29.6,36.4,21.2,20.3,16.4,11.1,31.0,43.7,30.7,33.7,34.5,48.4,43.5,25.1,22.5,18.8,29.6,29.5,35.8,37.7,27.6,6.3,37.4,31.4,42.6,26.4,28.2,13.6,41.5,25.6,37.3,31.8,30.9,12.6,12.2,36.5,48.1,16.0,25.0,18.7,22.9,29.6,39.5,14.3,46.1,41.5,24.9,54.0,29.1,28.1,16.3,50.9,38.9,51.9,23.5,22.6,32.9,43.8,12.5,39.3,45.2,27.9,1,Surgical
MED-0216,0.0,24.8,16.9,9.7,12.0,2.0,17.4,36.5,22.8,19.4,18.8,5.6,12.1,38.5,18.7,21.6,10.4,5.5,4.7,3.6,8.6,12.9,9.2,5.7,24.4,7.4,15.6,25.5,25.5,24.4,27.0,16.7,20.1,44.9,11.7,20.3,38.1,14.5,25.9,0.0,25.8,32.1,20.2,9.7,41.0,8.4,28.4,36.8,26.5,19.3,11.5,33.8,15.5,10.3,28.9,16.2,16.6,9.7,10.7,15.7,29.2,18.4,0.0,25.0,27.3,13.9,33.7,40.7,6.3,13.4,17.5,22.6,41.7,16.2,11.9,23.7,7.8,4.9,15.3,26.1,26.9,40.0,23.7,14.0,18.7,23.1,16.1,0.0,24.0,22.6,22.4,11.6,22.1,25.3,29.3,16.8,1,Medical
MED-0079,55.3,31.0,34.2,38.8,44.5,51.2,36.3,29.1,23.8,25.1,34.6,15.7,26.6,33.1,27.2,57.9,48.5,24.1,15.8,30.5,4.6,11.7,26.2,31.7,15.8,14.2,10.9,39.8,34.8,35.7,36.3,34.7,24.9,29.3,35.0,26.9,27.3,19.1,32.4,32.0,31.0,43.7,36.0,18.1,31.3,29.5,19.4,16.6,32.5,10.9,31.2,36.2,19.9,30.6,17.1,24.7,22.8,29.7,20.5,30.1,30.4,31.6,42.8,24.9,46.3,48.4,36.5,10.6,28.5,40.0,36.4,36.7,25.8,35.0,24.8,35.8,40.8,30.2,33.5,4.3,21.0,15.4,45.7,24.3,16.2,20.0,28.1,26.8,17.1,24.8,37.8,37.0,30.5,23.2,46.0,21.0,1,Medical
SUR-0079,22.5,43.2,24.2,27.6,17.4,19.1,41.0,33.6,43.6,18.3,39.4,43.8,40.8,21.5,35.5,10.3,39.8,31.0,37.2,29.9,17.7,21.4,46.3,30.2,20.3,21.9,21.9,41.9,25.9,38.1,33.9,23.8,38.2,35.9,17.1,27.5,44.6,21.4,28.6,38.6,14.5,36.3,35.9,35.8,21.3,29.7,40.4,17.9,36.0,39.6,48.4,39.4,34.6,34.3,39.1,34.5,3.2,20.4,28.7,37.7,48.1,33.4,34.1,45.5,41.9,27.9,20.1,25.2,29.2,34.9,43.5,37.0,37.0,36.3,35.2,29.0,25.9,20.3,36.7,11.9,36.3,23.1,31.9,39.5,24.9,29.4,19.1,48.8,8.1,30.6,25.2,35.2,20.3,17.9,21.4,35.4,1,Surgical
MED-0384,32.0,41.4,40.3,49.3,33.7,12.7,35.0,44.2,31.2,6.3,36.4,32.2,35.4,44.4,33.6,17.3,17.9,48.4,23.1,39.3,52.5,33.4,29.0,41.5,38.3,17.5,37.5,32.8,29.2,33.2,47.0,49.4,39.5,23.6,27.1,37.2,17.3,23.3,25.1,37.9,51.9,42.9,28.7,44.9,26.7,30.1,32.2,40.9,4.1,52.1,26.8,31.4,7.6,39.7,44.5,28.7,16.0,21.9,16.5,18.9,24.6,47.9,26.4,46.0,35.2,39.8,27.3,44.6,32.7,33.9,37.9,32.8,31.7,33.7,31.0,16.2,42.6,32.4,47.2,40.3,39.1,20.7,40.1,25.2,18.4,46.2,34.1,50.8,19.6,43.7,43.6,40.3,42.5,35.1,36.6,52.7,1,Medical
MED-0040,51.5,46.1,40.7,48.7,56.7,59.4,41.8,58.6,51.7,62.5,48.6,51.1,66.7,64.0,49.9,53.7,38.3,51.3,51.5,50.9,54.0,61.7,50.0,39.8,54.3,55.7,52.8,50.3,46.4,46.8,63.0,52.2,47.6,38.2,62.2,56.9,54.6,62.2,53.9,43.7,30.3,51.1,60.2,44.7,47.1,71.8,56.9,59.9,58.3,54.7,36.0,50.9,46.2,46.1,44.7,54.9,73.5,61.1,79.2,55.9,46.7,59.4,52.0,62.1,48.2,56.5,48.2,48.0,56.4,53.1,51.7,40.2,39.9,67.6,60.3,40.6,45.9,35.1,53.7,62.5,42.7,54.8,38.2,38.9,60.5,52.4,55.9,59.7,58.7,56.3,64.1,56.2,46.1,35.9,54.8,40.7,0,Medical
MED-0024,70.7,47.5,53.2,73.4,54.4,46.9,76.1,71.0,62.2,54.8,63.8,51.2,57.6,67.4,53.1,53.1,69.9,69.8,56.0,60.9,49.4,73.7,50.6,53.0,76.4,65.9,76.5,64.6,74.8,57.1,83.0,75.6,72.1,58.2,60.5,69.4,81.0,65.5,54.3,76.2,61.8,55.3,66.5,54.9,71.7,63.1,64.6,64.7,56.1,55.6,58.7,54.2,71.7,64.6,61.1,56.5,54.2,53.9,59.7,57.5,53.6,69.9,83.9,61.5,56.1,80.2,61.7,56.9,58.2,74.4,51.8,44.0,47.8,78.7,91.7,65.3,51.2,87.3,58.1,68.6,62.4,74.2,72.5,84.3,67.3,59.4,83.9,68.5,46.3,45.6,78.2,56.6,58.5,74.1,46.9,62.4,0,Medical
SUR-0193,19.2,7.4,14.3,23.2,2.0,27.3,9.5,23.7,0.0,25.0,19.8,23.4,20.7,29.0,25.0,27.3,38.0,6.9,15.5,24.4,30.9,3.5,17.8,13.4,18.2,22.5,14.6,20.0,13.3,10.3,0.0,16.8,29.3,27.3,24.6,24.2,18.9,0.0,18.9,5.8,24.0,16.9,25.9,10.8,22.2,15.9,17.4,0.0,16.8,15.8,16.4,27.4,15.5,22.5,16.1,10.0,14.2,16.8,1.3,16.6,12.0,8.7,17.0,17.8,0.0,0.0,27.3,28.3,29.7,9.0,15.5,18.8,27.1,17.8,27.0,9.4,14.8,21.6,16.8,12.2,17.4,25.0,17.6,23.5,13.4,36.8,8.9,24.6,7.1,35.0,28.1,31.5,26.9,21.2,22.8,1.4,1,Surgical
MED-0399,15.4,9.6,14.0,15.8,4.9,22.8,12.8,17.4,15.0,0.0,15.2,0.0,0.0,19.5,10.7,15.6,16.1,4.1,30.8,0.0,5.7,6.3,11.0,0.0,0.0,17.0,8.7,0.0,19.1,7.9,29.8,9.6,0.0,23.5,17.6,0.0,0.0,9.9,0.8,12.0,0.0,11.7,14.2,20.7,20.2,1.8,7.4,15.5,10.2,23.6,15.8,32.5,0.0,24.5,18.0,26.8,21.9,21.1,10.2,27.5,24.3,17.7,5.0,25.1,1.3,10.8,16.9,8.7,3.0,22.3,12.3,16.8,0.0,32.1,9.5,18.2,4.2,20.7,24.4,21.7,10.4,2.4,11.2,21.1,4.2,1.1,11.6,15.6,17.6,3.0,7.3,17.5,4.9,13.1,18.7,14.5,1,Medical
SUR-0297,25.0,25.4,39.3,14.9,34.7,0.1,47.2,10.4,36.2,22.9,23.5,20.9,29.8,37.6,9.0,14.9,20.1,23.3,27.6,26.9,30.8,29.8,19.9,15.6,31.8,14.5,26.9,17.8,15.5,18.6,5.6,31.0,23.5,36.5,17.0,32.7,26.8,26.9,5.4,21.7,20.5,23.6,29.5,10.6,18.4,30.3,36.5,19.8,15.0,6.8,22.0,31.3,13.9,30.6,21.1,24.5,29.5,2.8,26.8,28.3,20.2,30.5,9.1,8.3,30.1,0.0,11.5,11.7,10.2,25.6,31.5,22.1,17.6,21.0,36.8,24.2,17.3,23.3,25.5,5.8,32.2,15.7,21.8,7.0,32.1,18.5,35.9,28.0,23.2,8.2,2.4,38.9,13.0,13.1,21.1,26.5,1,Surgical
SUR-0242,39.3,28.1,28.0,24.9,30.2,18.2,19.1,32.5,27.5,19.3,9.2,8.9,24.6,27.6,27.3,17.4,28.9,11.9,11.7,37.3,35.3,19.7,15.7,26.9,31.2,45.1,34.3,43.1,36.9,42.4,24.2,18.0,30.5,28.2,21.7,17.1,33.0,17.8,26.3,24.7,23.6,29.4,15.5,17.9,16.9,34.5,33.9,27.1,14.4,27.0,34.1,15.6,15.6,23.0,22.8,39.5,9.8,30.3,33.9,30.8,5.7,37.2,16.0,37.9,24.3,31.0,16.3,15.4,23.4,38.4,25.0,25.4,23.0,15.6,39.2,12.6,25.1,15.3,31.7,12.7,2.4,21.1,0.0,34.0,47.1,18.4,22.9,30.6,24.8,21.0,15.7,24.1,25.2,0.0,29.1,17.7,1,Surgical
MED-0140,52.3,43.6,64.0,56.4,38.6,72.6,53.6,50.6,35.5,55.2,24.1,50.0,54.5,39.0,47.7,50.3,62.6,64.9,44.1,45.6,52.5,38.0,40.0,63.6,39.6,44.4,47.1,45.0,56.5,44.0,51.4,47.3,40.3,51.4,64.6,36.0,59.3,48.9,41.4,47.7,39.8,41.9,46.3,46.4,48.9,69.0,51.0,45.7,25.4,44.3,56.1,42.2,60.9,33.7,53.8,46.0,46.8,50.5,51.0,54.8,51.3,57.7,53.3,46.3,53.7,48.4,45.9,58.4,50.0,54.2,51.5,42.7,67.1,32.4,50.6,46.0,58.3,35.0,40.9,46.4,48.2,59.6,56.4,41.9,43.0,40.4,48.2,50.9,52.4,61.4,43.1,54.7,63.1,41.8,43.8,36.9,1,Medical
MED-0251,44.5,29.5,24.0,31.8,57.1,0.0,24.1,41.9,27.5,40.7,20.6,24.5,23.9,19.1,29.8,16.8,39.7,49.1,34.5,20.2,26.0,33.2,48.6,17.0,36.6,29.5,13.4,25.0,12.6,29.0,19.3,28.0,25.9,22.3,27.4,30.7,37.4,29.5,41.2,13.4,21.9,34.3,38.6,34.7,45.7,35.9,24.8,23.6,12.8,20.0,20.7,9.4,34.4,23.2,52.9,37.2,34.0,23.3,42.9,39.3,30.8,25.5,18.8,19.0,45.8,21.6,61.5,42.2,27.3,20.9,27.5,21.1,37.6,11.0,16.5,37.2,35.3,29.2,38.2,20.9,22.1,14.5,22.7,0.0,36.5,46.9,40.0,35.2,17.9,26.2,25.0,26.2,14.7,25.4,11.7,36.9,1,Medical
MED-0175,32.0,38.4,25.9,38.3,46.9,28.0,27.6,34.8,27.8,41.8,34.3,22.9,37.3,43.5,27.3,43.1,22.8,33.7,52.6,33.6,36.1,22.6,27.9,39.4,51.7,30.4,36.6,26.2,49.0,46.8,42.6,38.2,29.0,42.8,40.4,24.5,18.2,52.8,34.9,32.2,40.0,13.1,30.3,52.5,25.6,50.7,34.0,44.3,53.8,38.4,39.7,31.6,34.3,38.4,38.6,35.7,43.9,55.7,34.4,39.2,38.7,45.6,36.0,20.7,35.1,23.8,38.2,40.5,56.1,27.3,40.1,21.5,23.5,32.3,50.2,61.5,24.2,45.0,34.6,32.3,28.0,30.3,38.2,36.9,27.9,40.2,28.8,41.7,39.4,19.4,13.1,18.4,25.9,37.6,54.0,26.4,1,Medical
MED-0324,24.9,11.0,14.5,22.9,16.7,15.2,14.1,9.9,31.5,23.8,34.8,16.1,6.4,19.6,11.3,27.7,9.2,23.8,22.5,18.1,17.4,10.6,13.3,28.6,16.5,20.5,24.6,12.0,0.0,10.4,14.5,26.0,8.2,5.7,3.6,17.7,14.6,23.1,17.3,9.4,34.8,19.9,21.8,10.0,7.3,14.0,29.5,28.3,24.4,26.2,25.8,19.8,17.1,11.8,31.0,17.3,26.8,19.2,18.0,25.5,23.5,13.2,23.8,19.6,14.7,21.9,7.8,29.9,27.4,9.5,23.4,31.4,20.6,16.4,18.4,4.5,15.2,5.7,20.8,33.2,19.1,13.8,14.3,27.6,12.4,5.5,17.6,16.9,33.9,31.6,9.3,25.0,7.7,15.7,7.9,0.0,1,Medical
SUR-0096,4.1,38.0,12.5,40.7,34.1,16.5,29.5,27.0,12.3,19.9,23.6,42.1,12.8,31.2,36.1,16.1,24.4,38.4,5.9,20.0,25.1,40.4,30.1,46.8,26.3,30.2,28.5,19.2,29.9,14.6,36.5,31.5,18.0,19.1,11.5,19.9,8.4,34.7,35.9,25.7,10.7,24.9,32.8,6.1,37.8,18.6,40.2,20.3,19.3,29.3,22.6,21.8,6.1,16.4,24.2,29.0,23.2,46.6,5.7,23.5,21.4,28.5,24.6,22.1,22.4,2.1,46.3,5.1,25.9,30.0,37.1,25.0,20.8,13.3,28.7,37.5,26.1,25.1,21.4,27.5,16.9,13.9,20.0,10.3,22.0,20.5,46.3,42.0,29.1,39.4,35.9,22.1,16.5,43.4,38.1,20.5,1,Surgical
SUR-0026,29.3,23.4,32.3,17.7,49.2,16.9,22.0,44.5,32.8,23.3,19.0,24.0,40.3,26.4,30.3,28.2,33.2,35.1,22.4,27.8,25.0,9.9,20.8,30.8,45.8,10.1,21.8,9.7,53.1,10.5,36.1,24.3,7.1,14.3,38.2,13.6,42.3,29.6,33.5,37.4,20.8,41.2,27.3,20.1,29.3,50.2,42.0,22.3,18.7,28.2,15.9,16.2,49.4,26.0,35.5,24.4,7.5,26.3,14.8,24.4,33.0,23.1,20.6,40.2,32.6,34.9,35.2,24.5,18.4,29.4,14.3,31.3,35.5,39.2,23.4,29.7,43.2,32.2,35.8,21.8,28.8,34.3,19.1,28.7,21.3,23.0,28.8,26.7,23.9,33.2,17.5,30.6,0.0,15.9,37.4,34.7,1,Surgical
MED-0424,44.5,30.2,27.4,42.0,39.6,23.8,29.6,28.1,31.7,21.3,28.4,31.9,38.7,28.6,13.2,40.6,32.7,35.9,47.0,32.3,15.6,26.0,33.0,32.3,21.3,40.9,19.1,24.4,32.8,15.4,22.4,14.1,42.1,23.7,30.5,29.0,43.7,31.4,34.1,26.7,24.6,16.3,19.1,42.9,39.7,18.3,20.4,37.2,26.0,18.5,40.8,49.6,43.9,31.2,53.9,27.4,20.6,12.7,56.4,40.0,10.2,8.9,28.4,23.9,29.7,28.0,20.7,38.9,28.2,32.4,29.8,36.4,46.4,15.8,13.1,21.5,21.9,35.8,18.0,20.7,21.5,17.5,35.5,23.6,44.4,28.7,37.8,24.0,16.6,31.2,30.1,36.4,23.6,50.6,22.4,27.9,1,Medical
SUR-0097,27.3,12.7,8.2,17.2,10.4,23.2,11.7,7.9,26.7,17.9,0.0,13.0,7.0,20.3,24.2,13.7,17.6,10.1,6.3,18.9,38.6,7.6,8.3,31.1,16.6,16.6,9.0,18.3,18.9,12.0,17.5,2.8,12.1,12.2,36.9,24.8,15.3,10.1,14.1,13.3,20.0,25.2,10.0,33.9,9.7,40.0,16.6,14.4,4.4,0.0,13.2,25.6,3.1,13.6,15.8,19.3,30.8,9.6,25.8,0.0,4.0,17.7,42.5,13.1,0.9,37.8,19.5,22.1,22.2,19.4,21.8,3.3,11.9,23.9,19.4,22.1,10.4,13.4,20.0,37.1,12.6,16.1,12.3,13.1,17.9,20.1,19.5,27.6,17.5,16.4,19.0,42.6,23.2,15.1,16.6,22.7,1,Surgical
SUR-0105,14.6,37.2,23.4,27.8,25.5,8.9,16.8,29.5,16.3,0.0,14.0,25.2,31.5,24.1,6.0,12.0,14.3,27.6,8.4,0.0,24.5,37.1,11.2,7.7,13.4,16.9,4.8,37.4,0.0,12.3,13.9,19.2,13.7,15.6,5.8,2.2,22.0,25.1,34.0,32.5,16.9,13.9,19.2,8.7,0.0,19.3,11.7,31.8,2.7,13.3,19.6,17.8,34.6,10.2,12.8,23.3,37.4,25.6,24.7,40.7,14.8,28.8,12.8,18.8,30.4,15.9,27.5,27.5,20.3,23.5,29.6,24.5,20.5,10.1,4.3,15.2,3.2,25.7,7.6,29.1,8.5,11.8,3.0,3.2,0.0,15.0,17.4,21.1,23.5,26.3,29.2,32.5,41.1,32.7,19.7,33.8,1,Surgical
SUR-0035,8.9,20.0,37.0,7.0,22.7,15.4,29.7,5.9,16.1,35.0,13.9,22.3,30.9,44.3,24.5,31.2,26.8,17.3,19.3,41.9,24.6,8.7,29.0,23.2,20.8,17.8,8.0,12.3,14.3,19.5,23.8,18.5,8.0,15.3,16.3,20.8,23.6,33.1,27.4,21.2,16.8,16.3,24.0,27.8,10.6,12.3,26.6,26.1,21.0,25.5,15.0,38.4,34.3,25.7,32.0,18.5,29.0,24.4,7.4,3.7,26.9,5.6,4.4,25.1,33.8,16.0,33.0,20.9,30.7,24.7,10.9,7.2,44.1,4.4,16.8,10.9,10.7,9.2,14.0,13.1,23.3,26.4,7.3,7.3,25.9,36.9,18.6,33.2,24.4,28.5,39.8,26.2,24.2,7.5,27.4,19.8,1,Surgical
MED-0266,43.7,24.8,32.7,27.4,22.7,37.6,24.7,41.6,29.3,33.1,34.0,23.3,23.7,18.7,45.0,35.3,16.1,25.4,22.9,20.0,38.3,30.9,16.8,18.8,25.7,42.9,3.7,24.9,34.8,26.5,41.1,29.2,18.1,24.7,25.0,48.3,50.8,34.0,17.3,16.2,42.9,37.5,33.7,22.7,43.4,39.4,44.5,36.7,28.0,24.3,36.9,28.1,30.8,22.5,27.2,4.9,49.6,19.0,43.8,23.1,29.3,37.4,5.6,21.7,20.7,30.5,26.9,21.4,19.8,22.1,10.5,33.2,44.2,27.6,45.2,36.9,24.0,32.5,38.0,23.1,32.3,24.7,50.3,38.7,27.5,29.5,6.4,28.5,29.2,32.5,24.6,40.8,25.3,40.2,25.7,24.1,1,Medical
MED-0110,22.4,37.9,23.1,2.6,17.7,29.1,53.4,38.1,34.1,25.0,14.3,37.8,16.0,32.5,12.2,44.3,32.9,24.5,19.2,34.6,20.0,16.7,7.6,37.7,50.3,18.0,41.7,30.1,16.9,30.8,32.2,14.5,16.9,30.0,50.4,38.3,27.7,36.1,22.0,38.1,27.4,33.3,37.1,29.1,49.0,32.2,32.1,28.6,19.4,7.0,36.0,24.9,34.0,30.4,38.9,30.8,43.3,17.0,16.9,21.2,41.1,45.8,19.1,37.1,34.7,27.0,31.1,15.3,18.4,23.5,26.6,21.3,25.2,28.3,29.8,25.3,31.0,25.5,37.3,52.1,29.4,10.3,17.6,27.6,25.4,12.0,48.4,17.1,17.9,37.1,28.1,15.4,32.7,26.9,30.1,25.2,1,Medical
SUR-0167,12.1,25.3,23.7,33.6,26.3,23.0,15.7,18.7,25.7,18.1,22.1,5.3,20.3,8.6,14.2,13.3,22.0,25.1,23.5,30.0,20.1,18.2,20.7,23.3,35.4,9.2,16.4,3.1,20.7,9.1,16.8,19.9,22.1,20.6,10.0,10.4,0.0,24.7,13.3,6.1,18.2,34.3,11.9,7.4,15.3,41.0,8.2,1.1,23.6,21.3,41.2,19.8,26.3,43.6,15.7,17.4,13.1,19.2,17.5,14.5,16.6,16.8,22.8,17.9,27.3,20.9,14.3,18.6,28.8,12.4,36.0,27.6,14.9,0.0,17.4,33.9,19.3,0.5,15.4,7.0,11.3,10.9,12.3,25.0,3.2,26.2,14.7,15.7,23.1,14.0,14.2,14.6,25.1,30.0,10.8,11.1,1,Surgical
MED-0295,42.9,46.9,36.7,45.7,20.6,39.0,31.8,30.4,24.1,48.8,45.6,37.8,40.8,33.8,23.5,37.8,29.1,23.0,37.6,51.8,26.0,26.1,20.1,27.5,50.7,19.9,32.2,34.1,29.3,33.0,25.5,39.0,18.8,32.9,38.2,41.1,28.1,20.6,25.9,31.5,45.2,22.9,33.0,18.0,33.2,21.5,40.5,31.0,42.7,28.4,26.4,25.1,32.9,8.6,49.0,27.1,27.1,45.0,24.3,29.6,16.5,26.5,31.9,16.3,34.3,44.3,36.9,37.6,37.1,31.3,38.6,22.5,25.4,22.1,35.2,35.3,34.3,10.4,31.6,36.5,19.8,34.6,36.6,23.9,32.2,25.3,32.5,37.2,39.7,14.9,32.1,23.2,22.7,29.5,22.1,23.5,1,Medical
MED-0337,41.9,49.1,31.9,24.5,34.6,42.3,20.4,21.1,37.4,27.6,36.9,31.9,31.0,42.9,33.9,51.7,50.8,26.2,17.8,55.0,37.1,43.9,48.3,38.0,21.0,33.1,31.6,53.6,19.1,31.8,31.6,38.5,32.5,43.9,6.4,39.6,35.5,37.9,49.1,29.9,45.6,37.5,42.3,28.3,37.3,47.3,28.9,40.7,37.3,30.7,42.4,16.9,42.8,25.8,28.3,41.9,31.1,51.0,42.2,36.4,40.8,33.0,30.4,53.3,55.0,38.8,24.3,46.3,36.0,18.0,21.5,23.9,32.2,30.7,44.6,34.6,30.4,21.7,36.7,54.2,36.7,49.6,29.1,42.4,40.6,36.9,42.7,29.5,52.1,53.6,51.3,12.6,43.8,43.8,36.4,39.8,1,Medical
MED-0369,1.8,11.7,0.0,20.0,0.0,14.8,12.3,2.8,13.1,7.3,27.5,6.9,0.0,8.1,0.0,21.0,9.1,0.0,13.8,0.0,6.1,9.5,0.0,12.3,2.9,12.7,0.0,10.6,8.1,0.0,7.1,17.6,1.8,8.6,18.6,10.7,10.8,0.6,6.6,0.0,0.0,11.4,0.0,24.8,0.0,0.0,5.4,0.0,14.3,1.0,11.5,14.8,0.0,5.6,5.4,0.0,14.8,1.5,17.0,0.0,6.0,13.7,0.0,19.9,29.8,24.0,2.2,0.2,8.2,3.4,0.0,0.0,9.6,2.2,15.1,3.2,0.0,22.6,0.0,12.2,0.0,4.2,5.3,21.4,17.7,35.3,0.0,5.7,10.5,9.8,2.0,12.3,3.0,5.7,12.0,5.3,1,Medical
MED-0447,27.5,19.1,7.7,0.8,13.3,6.3,15.2,14.5,10.1,12.4,17.2,3.6,0.0,32.0,12.5,8.9,23.0,19.5,15.3,34.1,19.7,22.4,7.8,17.4,11.2,11.3,7.2,20.1,26.8,17.8,11.1,6.6,6.8,8.2,0.0,3.7,20.6,20.8,7.1,15.1,8.3,32.4,32.6,6.5,17.1,13.7,17.1,0.5,6.5,18.1,25.1,24.5,19.1,23.4,9.6,4.8,12.8,6.2,8.6,32.8,16.3,7.3,16.3,0.0,15.9,21.8,7.7,18.5,10.0,8.6,9.6,20.7,0.0,15.4,12.0,6.0,11.8,25.5,13.2,7.1,2.5,12.6,26.5,12.6,13.1,0.0,19.9,28.0,12.2,22.8,4.2,5.3,8.1,30.4,6.9,4.0,1,Medical
MED-0334,23.7,35.5,30.3,34.1,26.1,26.7,31.4,14.6,30.1,28.1,32.6,41.5,14.8,28.5,40.0,15.6,18.1,28.9,26.6,25.4,36.5,21.5,18.2,42.8,39.8,22.9,30.8,24.5,30.6,26.8,21.9,22.5,19.1,20.7,23.1,25.1,40.4,33.9,30.9,7.5,5.8,33.8,22.4,23.5,16.1,23.5,40.1,16.2,16.5,28.4,43.4,28.0,29.5,30.4,22.9,30.7,42.8,18.4,46.1,44.0,18.9,33.0,19.7,14.3,19.2,38.1,40.2,28.0,16.7,13.5,37.5,29.2,31.9,39.1,29.1,33.9,37.9,23.0,13.9,27.2,28.5,34.2,15.1,37.8,26.8,20.6,24.5,37.7,6.7,18.4,5.6,14.5,28.6,21.9,18.9,19.1,1,Medical
MED-0199,4.2,10.1,0.0,15.2,15.5,4.5,0.0,0.0,6.4,0.0,11.5,9.2,9.2,0.0,0.0,0.0,0.0,0.0,17.3,0.0,0.0,0.0,0.0,4.2,0.9,0.6,0.0,2.8,0.0,5.5,0.0,10.4,2.1,0.0,20.2,0.0,0.0,3.7,0.0,0.0,0.0,0.0,0.0,0.0,0.0,0.0,18.0,11.2,0.0,0.0,0.0,18.2,0.0,0.0,6.6,6.2,3.7,10.9,0.0,0.0,6.9,16.3,0.0,0.0,0.0,13.4,6.9,0.0,8.6,0.0,0.0,0.0,0.0,5.8,4.7,15.8,11.1,0.0,20.4,1.1,1.0,10.9,0.0,8.0,0.0,0.0,0.0,0.0,9.5,0.0,0.0,0.0,0.0,8.9,0.0,9.9,1,Medical
MED-0169,37.7,40.7,31.9,13.3,27.4,40.3,16.6,9.9,38.1,24.1,38.5,24.3,35.4,30.2,24.4,23.6,37.7,41.6,26.1,35.9,46.2,39.8,41.8,49.9,27.2,39.4,23.3,43.3,25.9,33.5,9.1,23.0,43.8,30.4,33.4,27.7,17.2,26.2,37.4,6.6,32.8,45.5,41.3,42.5,46.5,30.8,28.6,30.6,37.1,27.1,45.7,26.0,21.0,46.8,19.2,27.9,23.1,22.0,34.6,27.1,34.9,20.2,32.1,29.6,10.6,16.4,28.5,29.0,28.1,19.9,34.2,40.6,19.6,46.5,39.0,18.8,34.0,20.6,34.4,32.3,22.7,47.4,15.2,32.5,30.4,21.9,25.9,34.7,19.1,26.7,15.4,30.9,19.4,14.6,45.4,38.1,1,Medical
MED-0482,48.8,39.4,39.4,64.7,27.8,38.5,49.3,34.0,14.2,33.9,47.7,35.1,42.7,38.3,42.4,34.1,43.9,41.0,13.1,37.9,52.5,32.1,34.7,24.5,30.7,22.3,39.4,41.0,31.5,34.6,49.9,31.6,23.5,33.2,31.0,33.1,49.4,51.2,39.0,42.6,33.6,31.1,35.7,42.9,35.3,34.5,41.3,43.0,28.3,30.3,36.6,33.8,40.0,32.9,50.6,34.6,20.6,33.8,38.5,39.1,46.2,56.3,23.6,18.5,26.1,36.5,28.6,40.0,40.5,26.2,31.0,42.8,36.7,40.0,51.6,27.4,36.8,33.5,44.8,33.8,29.7,38.9,32.6,39.3,36.4,41.3,45.6,34.8,41.9,17.3,29.3,43.5,41.2,22.7,36.4,51.5,1,Medical
SUR-0224,20.9,46.3,39.5,41.6,30.5,39.5,25.9,33.1,23.1,55.4,43.3,41.0,42.6,19.1,29.8,42.6,19.9,33.5,25.5,30.9,35.8,24.2,24.9,35.0,34.9,34.9,43.1,15.8,27.5,32.4,26.1,47.0,26.0,46.0,39.1,45.4,46.5,20.1,27.5,11.4,35.9,27.4,46.2,39.8,55.1,28.6,37.5,32.2,47.8,14.1,44.7,60.2,50.3,34.0,39.6,40.5,23.7,21.1,22.0,27.3,23.8,23.6,32.3,13.6,22.7,4.0,35.5,20.7,24.4,36.6,33.3,44.6,22.3,45.3,25.8,28.8,35.3,27.2,33.9,43.7,23.4,55.7,26.3,14.6,17.6,46.6,39.3,28.4,42.1,23.8,35.8,33.6,44.3,33.4,22.1,26.7,1,Surgical
SUR-0156,8.6,13.1,36.4,25.7,22.4,14.9,24.4,11.6,0.2,32.1,42.4,26.9,31.1,34.0,21.1,27.8,30.2,46.8,49.0,40.9,30.0,22.0,24.0,25.6,6.9,13.0,17.2,24.8,29.6,32.9,26.5,17.6,5.9,42.5,43.2,28.5,28.2,6.7,24.9,20.4,22.1,29.7,42.7,32.0,26.5,29.1,31.8,24.0,17.9,21.4,22.5,8.6,28.6,10.8,18.9,21.5,22.8,7.5,22.4,31.9,18.6,19.8,21.0,13.9,16.9,24.0,11.0,30.8,34.7,5.4,3.9,26.9,30.1,30.6,33.0,20.9,18.9,15.7,17.6,3.4,17.2,31.4,5.3,27.7,22.7,26.3,22.2,15.2,20.5,25.3,16.9,16.8,42.1,32.3,12.5,27.4,1,Surgical
MED-0307,2.3,0.0,5.2,3.3,0.6,0.0,0.0,5.1,0.0,0.0,3.7,0.0,13.6,0.0,0.0,0.8,0.0,0.0,0.0,0.0,10.1,1.3,21.2,18.1,2.1,3.6,1.9,6.4,0.0,0.0,9.0,6.6,0.0,0.0,4.4,0.0,3.9,11.6,1.7,0.0,0.0,7.2,4.2,0.0,0.0,3.5,18.5,0.5,5.5,11.3,3.5,8.7,0.0,0.0,8.9,8.0,8.1,0.0,17.1,0.0,0.0,3.7,31.7,0.0,0.0,0.0,0.0,10.8,6.5,6.8,0.0,0.0,0.0,0.0,0.0,10.1,6.1,0.0,0.0,3.5,2.9,0.0,0.0,4.3,0.0,0.0,7.2,27.5,0.0,0.0,6.7,19.3,0.0,0.0,0.0,2.1,1,Medical
MED-0232,0.6,14.0,21.8,4.4,0.0,2.9,11.5,6.7,17.7,10.4,29.2,20.3,10.1,25.6,12.8,0.0,1.3,0.0,0.0,34.5,2.5,0.0,15.3,18.0,21.8,2.5,18.4,3.0,37.3,12.7,33.5,7.1,22.4,8.5,30.2,36.9,18.0,23.2,0.0,6.3,19.1,30.2,18.6,24.2,37.7,22.6,13.6,21.1,11.9,25.0,23.4,13.5,23.3,18.6,0.0,27.3,15.7,34.4,7.3,0.0,10.9,18.4,13.5,17.3,3.5,13.4,15.2,16.2,0.0,6.4,29.5,20.1,0.0,1.4,27.8,18.0,24.9,8.5,12.7,7.3,0.0,14.1,30.7,5.0,31.2,17.7,6.8,40.8,4.1,21.7,10.9,6.3,20.3,9.9,18.5,18.5,1,Medical
MED-0423,6.1,10.7,0.0,0.0,8.2,13.2,0.0,19.9,14.9,0.0,17.5,0.0,9.6,0.0,11.7,5.7,15.8,16.8,14.2,13.8,9.5,3.5,0.1,8.2,0.0,11.7,0.0,3.4,6.6,4.5,2.2,5.7,16.3,9.1,12.7,0.0,0.0,1.3,0.0,0.6,18.6,13.8,0.0,7.9,0.0,0.0,26.0,13.8,5.0,18.1,4.5,8.8,3.6,17.5,0.0,5.5,1.8,0.0,20.5,2.4,31.6,0.0,0.0,0.0,0.0,0.0,0.0,0.0,9.2,5.0,0.0,6.7,0.0,8.5,2.1,14.3,1.7,4.5,9.8,0.0,8.8,16.4,0.0,0.0,3.2,3.7,11.9,17.8,2.1,0.0,19.4,14.7,19.4,23.7,0.0,2.7,1,Medical
MED-0050,36.6,14.2,32.6,36.8,19.8,53.3,14.4,55.1,48.8,31.2,39.8,17.0,28.4,45.8,39.2,41.7,18.7,32.1,20.8,40.1,27.6,38.5,40.0,28.0,29.9,29.1,44.6,28.5,26.0,33.0,44.0,36.2,60.1,36.9,28.7,33.2,24.2,21.6,36.1,32.6,31.9,13.8,35.1,31.6,33.6,19.1,28.9,36.0,23.1,39.9,37.9,24.5,42.5,29.1,32.0,29.7,16.6,23.6,13.4,29.0,23.1,20.4,21.7,42.4,25.9,27.9,22.9,38.4,27.7,14.6,29.0,45.0,24.5,27.3,20.5,44.9,49.5,47.2,18.0,35.3,20.7,35.3,26.1,49.8,33.1,34.2,21.5,31.1,46.1,30.3,29.6,46.0,37.6,42.7,40.5,29.7,1,Medical
SUR-0288,34.8,29.4,16.6,40.9,27.7,10.7,13.0,15.7,22.9,23.3,22.4,34.6,21.8,12.8,13.7,27.1,26.5,22.3,13.8,21.4,26.9,20.9,38.6,26.4,39.0,17.1,12.4,13.8,34.9,24.6,8.6,35.3,17.9,27.4,20.4,23.2,38.1,30.2,31.0,35.0,32.6,24.2,28.2,34.2,29.6,27.0,19.0,52.1,35.1,36.0,13.4,28.9,49.8,0.0,13.1,45.4,23.4,36.2,17.7,18.5,28.9,38.2,27.2,9.1,32.0,23.0,19.7,34.7,15.3,24.0,21.5,20.4,22.4,18.3,31.8,24.8,33.3,27.0,19.2,34.4,23.5,26.2,18.6,30.5,22.7,20.7,47.0,18.9,28.1,39.7,44.2,24.4,32.3,16.1,30.4,19.3,1,Surgical
MED-0358,33.2,39.0,29.2,23.7,16.4,39.1,23.5,54.3,30.9,32.1,12.4,42.5,33.2,22.5,36.4,34.9,35.4,38.9,44.3,39.2,24.8,29.1,20.6,34.2,20.3,26.1,43.3,26.2,35.7,38.2,13.7,0.5,36.7,27.9,20.4,39.0,30.1,32.9,42.5,45.8,36.5,20.2,38.0,30.1,15.8,23.1,33.8,18.5,28.0,41.2,35.7,40.8,43.2,31.7,29.0,25.7,35.5,31.3,18.6,39.9,40.4,28.3,35.2,24.8,21.2,58.6,9.3,43.4,34.9,30.1,22.0,34.6,19.6,30.7,30.8,47.9,12.0,38.3,10.4,26.6,27.7,39.8,36.2,39.8,38.7,45.2,21.2,31.9,35.3,30.1,16.5,27.5,34.3,29.0,60.1,27.7,1,Medical
MED-0087,26.7,33.0,24.0,17.5,26.5,22.8,33.6,21.6,20.8,24.9,34.1,19.1,5.8,9.0,17.6,41.3,8.3,4.0,8.3,7.1,4.3,11.5,27.1,19.6,12.4,24.5,10.8,3.4,12.2,27.4,42.0,19.9,37.1,16.8,6.1,8.1,11.2,7.4,23.2,20.2,17.8,13.7,34.2,37.6,27.7,29.9,24.4,27.7,11.6,12.1,9.0,44.9,23.8,25.1,5.7,20.3,21.2,6.7,19.4,18.7,6.7,11.9,20.1,18.2,19.6,19.4,27.3,9.3,30.5,33.2,20.0,28.7,13.2,14.3,36.1,11.8,15.3,12.1,16.4,1.9,8.4,24.3,6.9,25.9,30.8,23.7,9.0,21.2,3.9,15.7,22.3,16.6,18.5,30.4,20.7,32.6,1,Medical
SUR-0046,35.0,32.1,16.4,10.9,32.4,12.2,28.3,23.4,21.4,34.7,18.7,39.4,15.8,21.4,13.3,10.8,32.7,29.9,22.8,14.7,34.9,45.9,32.6,16.8,11.5,24.4,36.2,13.1,0.5,26.6,11.3,35.2,21.7,28.9,0.0,40.5,33.0,33.6,29.1,13.9,26.6,27.2,30.5,21.5,47.2,27.3,18.6,15.2,19.2,13.1,32.3,15.4,21.6,12.7,22.8,38.3,25.2,24.1,15.7,30.4,0.0,10.1,32.1,14.0,31.7,42.7,12.6,19.2,24.0,24.3,26.2,19.5,21.9,8.4,16.2,18.5,30.4,10.6,4.2,24.8,33.2,15.3,20.7,7.3,29.1,33.0,28.7,18.0,17.1,11.8,12.1,24.2,25.7,5.7,24.3,22.5,1,Surgical
MED-0193,16.7,29.2,18.9,28.3,0.0,2.6,17.6,25.5,32.8,30.6,30.6,27.4,16.9,14.0,23.1,51.5,28.9,33.9,17.1,18.7,0.0,17.1,31.3,5.9,21.8,0.0,29.5,13.2,27.9,20.6,9.8,2.8,13.8,19.4,31.5,14.5,0.0,3.4,23.9,33.5,15.8,24.0,20.2,23.6,19.0,20.5,0.0,26.7,19.6,9.5,0.0,16.2,15.1,18.6,22.3,7.8,42.5,34.0,8.0,11.6,21.7,28.0,20.2,16.2,4.7,7.0,13.7,6.5,15.7,0.0,24.5,25.4,39.3,27.0,22.3,19.3,35.3,15.2,14.1,0.0,22.0,17.8,0.0,5.2,33.0,24.6,20.4,18.0,33.6,25.0,28.5,16.4,15.4,29.3,5.3,27.3,1,Medical
SUR-0296,35.9,23.1,38.5,30.5,44.6,49.1,41.4,39.7,32.9,19.1,25.8,28.1,36.3,31.3,55.3,36.9,50.3,40.9,42.7,40.5,34.9,30.7,40.7,42.6,57.1,36.4,22.8,35.0,32.1,15.2,50.3,45.8,32.7,20.5,17.0,41.3,29.6,36.4,25.1,46.2,40.2,36.1,37.4,53.5,51.3,28.8,7.6,26.2,47.3,32.7,30.7,30.2,50.3,49.9,16.6,36.6,37.0,29.5,35.6,43.7,30.4,35.4,38.0,38.3,22.6,42.1,47.5,29.4,41.8,42.3,56.2,50.9,31.2,47.4,32.1,40.6,27.2,39.7,23.7,32.4,34.0,39.9,25.6,26.1,49.1,26.1,52.9,31.0,51.3,25.5,36.8,24.4,37.8,37.8,37.0,39.9,1,Surgical
MED-0034,56.7,42.7,57.3,51.1,53.9,49.4,71.8,48.2,50.5,56.9,38.6,55.7,50.8,48.6,66.2,46.9,55.8,53.9,56.2,64.2,42.4,51.8,50.9,60.4,55.8,31.2,70.5,69.7,32.8,61.8,43.4,47.5,53.8,38.9,59.2,40.7,49.4,51.7,65.6,43.7,57.4,46.2,58.1,43.5,39.1,29.1,60.4,45.2,56.7,48.5,52.6,40.3,42.2,57.3,51.7,63.4,59.8,41.7,46.7,64.9,43.6,54.8,52.4,42.6,35.4,55.8,60.9,52.9,51.9,49.7,41.5,36.6,57.3,39.8,54.1,51.2,69.8,44.0,62.9,61.8,42.2,48.1,45.3,53.6,46.1,47.6,53.3,58.4,57.2,66.8,68.4,49.9,39.6,51.7,30.6,29.4,0,Medical
MED-0032,48.0,50.9,55.0,39.5,25.1,43.8,51.0,41.4,52.0,49.5,50.3,65.4,32.7,44.5,47.4,46.8,42.1,37.0,34.6,51.8,40.6,64.2,49.8,46.7,35.1,32.9,39.9,45.1,64.9,14.4,49.2,37.2,41.7,35.8,45.9,37.3,45.6,33.6,38.8,51.1,55.2,43.4,58.3,40.8,49.0,39.2,44.2,52.8,35.8,39.2,66.5,38.0,57.5,45.4,49.3,51.3,29.4,37.5,38.9,46.7,40.3,38.9,45.7,44.5,53.1,42.5,65.4,37.2,56.2,61.3,45.6,61.0,50.6,30.5,45.8,55.7,50.4,48.1,12.7,41.4,46.7,48.1,53.2,47.9,39.9,59.0,47.4,57.3,51.3,57.9,53.1,65.7,45.8,42.7,32.8,44.2,0,Medical
MED-0200,24.3,11.1,37.7,18.7,28.2,5.5,25.5,36.4,18.2,15.9,15.6,20.9,0.0,11.4,14.2,23.9,33.6,7.6,21.0,17.1,24.0,17.0,40.3,12.9,8.3,23.0,0.0,25.7,16.8,28.7,32.8,30.7,0.0,16.6,14.7,22.3,38.5,29.5,28.0,29.1,32.2,27.0,7.5,19.8,33.3,22.7,24.4,36.6,13.8,20.1,19.4,15.4,1.3,16.6,20.8,23.9,24.9,33.4,10.2,21.0,15.5,47.5,19.1,17.2,39.1,24.3,11.2,38.8,15.6,32.5,15.4,20.2,7.3,18.9,22.6,9.4,31.9,28.8,34.9,29.7,14.2,18.1,13.2,0.0,22.6,25.0,10.3,18.7,20.5,22.2,15.6,30.3,28.2,17.8,29.7,27.3,1,Medical
MED-0366,39.5,71.5,40.4,42.3,35.9,52.3,34.5,56.6,35.8,58.1,34.9,37.7,41.8,72.9,47.8,48.9,56.1,35.5,43.6,51.1,55.3,45.2,73.5,53.1,42.3,18.0,33.5,19.5,54.6,39.2,69.6,47.1,34.0,45.4,36.4,46.8,32.9,50.8,34.3,53.8,50.2,53.1,45.8,38.1,30.5,47.2,55.0,49.6,37.3,26.2,52.3,62.0,38.6,40.2,44.5,61.1,25.2,41.7,40.5,39.1,37.9,28.4,40.0,46.5,52.0,36.1,48.4,49.4,59.4,71.2,39.9,31.9,24.6,45.7,39.7,29.2,36.7,34.5,51.0,44.9,36.8,46.9,30.8,40.3,29.1,61.5,46.8,47.5,51.7,34.0,37.8,43.0,55.1,50.1,33.9,38.2,1,Medical
MED-0487,24.5,16.5,26.4,21.1,24.6,28.8,40.0,17.0,18.5,32.2,26.9,30.1,16.7,42.5,19.2,43.9,17.5,18.8,26.3,34.1,19.7,11.3,15.8,45.3,25.0,28.6,21.0,16.4,22.5,20.8,24.5,25.6,43.2,11.7,30.3,19.4,31.0,3.9,26.6,30.8,19.5,16.4,25.8,38.3,36.8,21.5,21.3,28.5,29.8,0.0,18.9,20.3,48.2,0.0,39.0,34.4,12.9,0.0,23.3,13.0,23.4,25.5,21.8,36.3,33.5,26.9,9.4,26.9,27.2,21.0,34.1,26.7,26.3,35.4,31.5,0.0,18.1,25.6,34.1,21.7,26.1,8.2,46.0,39.0,21.7,51.6,32.2,14.3,23.6,27.1,43.9,40.7,30.5,18.6,39.4,39.4,1,Medical
SUR-0095,41.6,41.0,25.4,70.5,32.9,31.0,32.3,39.3,33.5,25.9,38.1,39.0,39.0,38.0,44.2,43.5,38.2,43.5,50.9,41.8,30.7,16.5,34.2,28.9,39.2,40.5,30.7,32.4,24.1,32.8,41.5,36.9,50.8,43.8,29.0,32.6,41.1,30.8,22.6,26.3,31.9,38.2,63.8,40.2,36.6,47.5,41.2,17.7,18.3,18.7,39.1,41.1,56.7,49.3,38.4,35.5,44.6,35.7,32.9,33.3,25.3,51.4,28.2,51.6,44.4,34.1,52.7,28.3,29.5,38.6,37.9,30.2,33.2,40.0,24.2,22.9,53.3,31.2,34.1,34.0,29.8,29.0,38.7,46.8,24.1,47.5,16.9,22.5,43.2,27.1,50.5,45.5,28.9,53.5,32.1,39.0,1,Surgical
SUR-0069,4.0,19.7,10.2,15.7,14.3,31.1,1.2,14.2,16.7,18.8,29.3,20.2,14.5,26.3,15.1,1.9,23.6,10.6,31.5,4.5,7.8,19.1,32.4,26.6,11.0,13.6,7.5,29.2,13.3,1.8,6.3,35.9,27.6,6.2,1.1,18.1,14.5,28.4,17.5,37.8,7.2,35.8,0.0,22.1,33.5,10.2,28.8,5.7,36.3,33.5,14.7,24.2,15.9,4.9,14.0,33.6,26.5,4.8,14.6,13.3,16.6,10.6,25.7,22.2,39.3,0.0,17.7,23.8,0.0,13.3,31.0,16.2,6.9,17.3,24.2,3.0,1.3,20.2,10.4,4.7,18.6,26.1,18.2,21.1,12.1,17.5,19.9,16.4,32.4,3.5,10.6,23.0,37.1,1.1,0.0,9.1,1,Surgical
MED-0429,20.8,24.1,28.1,31.2,23.9,21.3,24.9,26.2,14.5,31.8,27.8,4.8,8.3,27.9,3.4,30.9,19.7,40.5,21.4,40.2,25.6,35.2,25.4,27.8,23.7,16.6,30.1,27.4,24.4,10.1,18.2,17.4,22.6,8.4,25.4,6.1,35.2,16.9,18.4,26.4,22.0,19.8,25.6,17.8,13.6,12.6,22.0,21.8,18.1,17.1,9.6,38.2,26.1,24.6,44.6,38.8,25.7,9.0,16.3,19.1,7.4,28.0,39.2,36.8,18.2,22.7,19.4,37.3,22.4,13.0,17.9,23.7,21.1,21.0,15.5,31.8,35.0,20.4,36.8,46.5,24.1,34.4,21.4,32.6,28.4,27.1,26.2,33.2,45.3,25.5,27.3,24.1,7.7,1.4,25.5,35.1,1,Medical
MED-0138,0.0,10.7,1.5,0.0,0.0,0.0,5.1,0.0,1.6,0.0,0.0,0.0,0.0,16.8,15.3,2.6,5.1,0.0,0.0,0.0,11.2,11.8,11.2,0.0,0.0,0.0,0.0,0.0,0.0,12.0,0.0,0.0,18.9,7.1,14.0,0.0,11.3,0.0,2.6,0.0,0.0,10.0,0.0,2.1,0.0,2.1,2.3,3.3,9.4,0.0,0.0,7.9,2.6,0.0,1.5,0.0,7.9,0.0,0.0,14.9,6.3,0.0,0.0,12.3,7.8,0.3,16.2,0.0,13.0,0.0,2.1,4.9,11.1,0.0,0.8,0.0,0.0,0.0,4.2,8.0,0.0,4.5,19.7,8.7,0.3,2.1,9.2,7.1,4.3,0.0,0.0,8.6,0.0,0.0,0.0,8.0,1,Medical
MED-0073,50.6,9.1,18.4,10.4,24.1,13.3,21.8,14.3,12.6,31.8,0.0,37.1,25.1,15.9,24.8,23.2,31.6,28.8,43.8,14.2,18.3,20.5,14.9,28.8,33.7,30.2,25.6,23.8,14.0,5.6,0.0,13.1,6.8,14.2,13.5,18.4,6.3,26.8,27.5,33.7,4.0,30.7,20.8,23.9,11.0,11.7,12.5,28.2,14.8,21.9,29.4,33.2,10.7,19.8,43.3,10.8,28.1,19.0,18.9,19.4,26.2,19.2,29.4,32.8,24.8,27.5,36.8,22.3,40.8,28.9,7.8,0.0,29.2,23.5,33.2,14.4,11.0,13.2,19.7,17.7,11.9,12.8,27.7,47.2,25.2,29.5,50.1,19.8,18.7,23.9,13.7,15.5,24.5,27.0,31.7,28.6,1,Medical
MED-0078,5.7,15.7,35.4,27.6,17.5,19.9,18.2,41.8,2.5,11.4,31.2,17.7,15.4,2.9,12.0,30.7,2.5,18.7,16.0,27.6,21.9,17.3,21.3,22.6,16.3,13.8,8.5,20.0,14.6,27.1,30.1,0.0,24.9,24.4,4.0,27.8,35.3,25.2,5.2,21.1,20.8,18.4,22.0,22.9,16.2,29.0,22.1,6.3,0.0,19.5,2.0,23.1,21.0,30.6,17.6,34.7,21.6,16.6,27.6,24.2,16.2,25.6,9.1,32.1,2.2,30.9,20.7,16.7,22.1,22.0,15.2,8.0,16.8,7.9,16.9,18.5,26.0,15.8,37.2,30.0,13.8,18.2,6.9,32.8,23.4,4.8,9.4,0.0,1.8,16.3,13.9,19.6,6.1,0.0,11.6,20.7,1,Medical
SUR-0013,17.3,41.4,33.0,31.6,36.5,22.1,27.3,53.6,27.1,30.5,29.7,15.4,29.2,12.8,27.9,44.5,36.3,44.2,43.3,24.8,20.4,25.1,29.3,32.9,28.3,33.5,39.9,46.1,27.8,37.8,33.4,15.7,53.1,27.2,17.7,29.7,29.7,42.7,30.1,30.1,14.8,4.4,48.9,48.3,23.4,39.2,37.4,4.9,33.7,38.6,41.6,24.6,36.7,34.8,52.1,47.4,14.6,43.7,37.2,8.6,32.3,31.2,26.2,30.6,37.0,37.5,43.5,36.6,30.6,44.3,25.0,23.2,29.9,34.2,12.8,27.1,36.6,12.6,46.7,28.4,34.1,56.1,22.2,29.5,26.1,35.8,42.9,28.2,36.3,13.4,33.5,22.3,45.8,37.1,28.5,44.1,1,Surgical
SUR-0284,35.2,42.1,19.1,46.1,22.2,42.9,42.7,18.6,23.1,39.8,38.4,37.8,31.5,34.6,26.9,18.6,29.2,34.5,40.8,38.5,28.1,30.1,22.8,43.0,41.0,40.4,22.0,28.2,39.6,36.9,15.7,26.0,44.3,31.1,38.7,27.5,20.2,41.1,26.1,48.5,16.6,40.9,49.2,40.9,33.5,38.7,20.5,46.1,35.4,45.4,36.5,34.9,39.6,26.1,31.2,27.8,29.4,36.2,27.0,22.3,14.9,41.0,36.5,30.2,39.8,54.2,31.2,36.8,49.3,35.3,20.8,42.1,26.1,34.0,29.8,40.6,45.8,30.5,18.8,36.8,36.6,22.8,43.1,36.5,42.0,45.0,57.8,9.0,43.1,12.9,41.8,20.8,43.4,28.0,20.5,49.6,1,Surgical
SUR-0287,28.4,21.2,11.7,10.2,6.6,21.5,28.8,10.0,12.2,0.0,8.4,24.7,7.6,25.1,34.8,11.9,19.7,2.0,16.0,14.0,14.8,28.5,22.1,11.5,24.1,3.6,23.5,1.2,16.4,18.6,13.9,18.1,17.1,20.2,0.0,27.5,3.7,23.1,16.4,30.7,11.9,12.9,0.0,4.9,11.8,11.5,16.4,18.1,3.2,18.2,22.7,6.7,30.0,11.0,19.5,2.8,1.4,18.8,12.7,22.5,18.8,16.9,19.9,12.1,23.9,17.2,10.4,19.3,17.1,12.7,27.5,9.0,0.0,13.0,29.5,11.6,0.0,20.3,8.8,20.0,25.0,10.9,24.8,15.5,16.9,0.0,26.0,27.5,22.7,10.7,20.9,3.8,7.8,27.0,9.7,4.9,1,Surgical
MED-0276,30.4,31.7,27.1,34.1,15.0,21.1,13.9,25.1,13.7,14.6,17.7,32.4,20.3,51.6,14.4,11.0,17.8,50.1,24.4,27.0,21.9,14.9,31.9,10.2,14.5,23.7,34.9,24.8,25.2,24.6,32.3,15.0,19.1,29.3,36.7,29.7,19.1,28.5,33.6,19.1,11.8,24.4,16.8,9.4,5.4,13.6,36.0,1.4,24.0,20.0,25.7,12.6,17.9,24.4,38.0,34.6,15.3,27.0,29.3,29.4,27.1,31.7,26.1,14.8,17.0,20.0,25.1,34.5,30.9,36.8,3.3,27.9,45.7,41.6,26.9,25.4,34.6,10.4,32.5,29.8,16.6,37.4,19.4,34.8,21.3,23.0,25.9,48.9,12.7,27.8,10.3,13.6,15.7,32.3,31.0,32.3,1,Medical
MED-0362,15.2,11.7,37.7,27.3,37.8,46.1,38.9,33.2,46.4,34.4,8.4,31.8,42.4,38.7,13.7,30.0,15.4,5.4,17.8,47.2,41.1,40.3,33.0,37.9,33.6,30.0,31.1,20.4,12.8,32.9,30.7,24.0,41.6,40.5,31.1,12.3,14.0,40.2,34.8,8.0,24.2,37.5,37.5,31.5,20.5,20.8,26.0,25.7,47.4,21.2,22.3,28.1,10.6,20.7,16.9,37.7,35.5,46.9,38.9,22.3,33.8,25.4,43.5,32.0,51.4,39.4,36.7,29.7,37.2,33.2,50.8,22.7,53.3,32.4,34.6,25.2,24.9,28.4,30.5,24.2,27.6,34.4,28.0,31.1,36.6,33.3,28.0,33.3,22.9,16.1,41.5,44.1,35.0,16.9,43.9,26.6,1,Medical
MED-0097,35.0,34.5,29.3,24.4,47.0,38.6,50.0,22.7,43.3,57.9,36.0,31.8,34.0,49.7,26.6,49.3,31.6,41.8,30.0,41.6,55.1,55.1,34.1,33.1,43.4,37.1,38.9,50.8,39.9,34.1,56.1,31.1,37.0,42.0,42.2,40.2,42.7,53.4,39.8,35.1,36.9,32.2,48.6,36.1,39.8,32.7,20.6,42.7,35.7,47.5,49.0,32.8,55.3,34.6,34.0,33.3,59.3,31.0,39.4,38.8,30.0,34.0,35.5,43.5,38.9,46.9,44.9,57.5,36.5,31.5,33.2,39.0,52.1,36.1,31.5,39.6,45.1,43.2,35.8,30.4,40.1,17.3,19.5,36.2,47.9,55.8,40.9,39.4,41.1,36.4,49.5,27.2,53.2,30.6,31.5,36.5,1,Medical
SUR-0142,44.5,35.7,43.7,31.0,45.9,34.2,49.2,29.0,55.2,43.4,42.1,19.6,42.6,36.9,45.7,36.4,41.2,44.1,26.7,37.6,48.7,42.5,31.3,32.1,41.3,30.4,40.1,38.5,18.1,24.4,50.4,8.3,23.5,40.4,49.0,32.3,42.5,19.3,44.4,30.2,19.1,31.9,49.9,27.2,44.0,26.4,40.5,32.6,33.0,20.6,37.6,18.4,39.4,36.3,21.1,35.4,35.8,41.4,31.6,21.1,26.7,47.0,50.6,36.6,48.6,27.9,23.0,43.1,31.1,41.8,24.2,49.3,45.2,17.7,37.3,31.8,41.7,24.2,53.0,51.0,38.5,43.5,31.6,37.5,39.3,28.3,21.5,33.3,54.3,48.5,50.2,34.0,18.7,35.9,23.5,28.1,1,Surgical
SUR-0216,27.6,37.8,40.0,32.8,20.6,29.6,41.8,19.4,41.5,33.0,7.9,42.4,16.9,23.2,26.5,23.9,16.2,21.8,27.0,36.8,22.7,22.1,45.9,43.0,35.1,27.3,43.9,40.2,31.8,33.4,7.0,32.6,37.7,30.9,38.8,29.6,10.0,48.4,33.3,30.7,14.6,29.1,29.0,24.3,27.7,27.5,23.7,15.1,37.2,35.9,29.8,50.5,35.7,17.5,18.7,39.2,22.0,14.6,38.9,8.0,11.9,30.3,24.9,21.8,33.8,20.4,22.3,14.0,37.4,27.0,26.4,23.8,29.8,47.5,18.0,33.3,33.3,28.4,22.2,10.1,32.4,15.7,10.8,15.6,25.4,30.1,35.7,29.5,43.0,30.7,43.3,35.6,37.7,20.8,12.8,35.2,1,Surgical
MED-0282,0.0,15.0,0.0,21.5,9.8,19.5,16.7,28.1,11.2,4.0,23.2,13.5,17.8,30.4,0.0,0.0,9.9,28.1,15.0,7.9,8.8,8.2,21.0,5.1,31.6,0.0,26.6,9.4,23.4,7.9,27.0,8.4,23.2,29.6,32.8,18.4,5.3,5.9,30.0,8.1,33.1,35.5,24.9,0.0,5.2,25.1,32.2,30.9,20.0,0.0,4.6,21.5,29.0,25.6,16.3,14.6,5.8,25.9,0.0,15.8,27.1,7.1,29.5,8.8,6.0,15.8,29.8,27.6,16.2,2.3,21.3,26.1,22.6,16.5,13.7,9.1,9.7,16.6,19.9,19.7,28.2,22.3,8.0,22.9,30.3,27.5,19.7,25.5,30.2,13.5,8.0,20.0,0.0,43.1,13.6,30.6,1,Medical
MED-0394,0.0,15.8,0.0,4.2,4.4,5.6,5.2,18.2,0.0,8.2,0.0,16.9,8.3,0.0,17.3,5.2,19.8,0.0,3.5,16.6,20.1,15.2,9.9,0.0,26.5,0.0,22.5,8.4,7.5,1.0,18.8,4.0,12.2,0.0,24.5,16.2,22.1,5.9,0.0,10.6,1.0,19.8,11.2,0.0,4.1,5.4,0.5,7.0,7.7,16.1,0.0,0.0,0.0,10.2,0.0,0.0,0.0,14.5,3.6,11.0,0.0,1.8,17.8,5.5,12.7,15.3,1.4,11.7,23.3,0.0,0.0,14.3,7.2,6.5,0.0,10.6,3.1,15.3,3.4,0.0,0.0,7.0,20.7,6.1,0.0,7.3,0.0,11.4,15.9,2.9,10.5,7.8,7.1,7.4,0.0,8.3,1,Medical
SUR-0129,8.4,15.4,25.5,16.5,22.4,14.8,6.5,0.0,16.1,0.0,14.3,3.5,15.0,6.5,24.5,18.7,8.6,23.0,3.5,16.2,24.2,8.4,18.9,7.7,15.1,0.6,5.3,35.5,16.4,17.1,0.0,2.4,1.0,25.8,0.7,13.4,9.3,1.0,26.1,20.0,24.0,10.9,14.9,0.0,13.1,16.5,17.0,2.7,18.6,1.3,16.3,9.7,15.4,14.6,30.4,23.2,31.6,12.3,17.8,9.7,0.0,9.6,5.5,5.2,0.0,6.8,17.8,1.5,24.1,14.3,7.4,12.6,3.7,9.6,8.4,11.4,6.0,13.5,23.7,27.2,9.9,13.8,11.0,0.0,28.0,0.0,0.0,17.4,10.5,0.0,13.2,21.1,39.3,23.3,14.8,13.0,1,Surgical
SUR-0109,34.7,20.6,28.7,31.8,14.3,17.3,55.1,18.6,29.5,39.7,20.8,19.8,44.7,13.4,10.9,32.9,29.0,28.4,23.0,43.2,38.1,34.3,51.3,25.9,35.0,35.2,29.4,6.5,41.1,25.9,24.1,32.0,33.2,9.9,29.4,33.1,28.0,26.1,15.9,34.3,55.1,39.6,17.5,25.3,30.8,39.4,24.7,29.2,29.8,54.2,36.5,19.1,19.3,37.1,12.4,19.2,32.2,22.9,24.2,19.0,32.2,18.5,29.2,38.4,32.1,15.7,28.7,27.4,23.9,25.3,17.8,19.0,32.0,28.3,30.9,28.8,24.5,31.1,31.1,45.4,28.4,27.7,35.5,24.7,32.3,47.9,12.9,33.4,24.0,10.1,32.3,18.4,6.2,30.5,28.3,29.8,1,Surgical
SUR-0206,27.2,38.3,22.7,34.0,31.5,24.9,19.6,37.4,34.2,31.7,23.0,24.9,35.8,41.4,45.7,24.8,31.0,26.3,31.6,27.7,25.4,24.5,37.2,34.1,34.8,40.3,15.5,36.3,31.8,44.3,16.3,33.2,22.9,19.9,42.8,29.4,25.1,34.1,39.2,46.8,40.0,44.1,35.5,32.1,39.2,28.4,33.5,33.8,30.9,23.7,31.2,37.7,23.5,6.2,35.5,24.4,43.9,44.4,24.3,36.1,36.7,26.1,22.2,23.7,36.0,40.6,48.3,16.2,20.1,21.6,38.9,24.0,23.3,40.0,31.6,44.2,36.6,40.7,30.3,35.9,46.7,27.4,39.1,28.0,30.8,29.6,28.8,31.2,24.9,27.7,40.0,26.8,31.0,20.2,25.6,34.9,1,Surgical
SUR-0255,16.8,3.1,28.8,40.5,23.4,29.2,20.6,20.6,25.6,25.4,33.6,15.4,17.5,25.5,21.4,22.4,25.3,19.9,14.0,29.3,25.5,18.2,39.8,20.2,2.7,12.6,26.0,23.0,16.3,6.4,30.1,16.9,32.9,11.9,23.4,29.6,22.6,19.3,15.2,19.8,23.0,25.0,11.9,14.5,13.2,25.2,21.1,39.6,13.8,24.1,12.2,30.8,23.9,0.0,29.6,37.2,25.8,21.6,33.7,15.3,40.8,47.1,36.1,12.3,32.9,30.5,28.3,23.2,15.8,30.7,28.8,14.0,21.1,13.9,15.8,7.0,24.4,4.5,31.2,24.3,19.3,43.7,20.9,33.8,24.3,15.1,20.5,27.6,7.1,11.3,17.7,22.6,27.2,15.1,26.7,30.1,1,Surgical
MED-0055,38.5,51.7,32.3,24.8,28.9,15.1,11.5,27.0,8.3,17.3,25.3,22.4,27.2,25.9,51.2,24.6,27.9,19.8,16.8,14.8,28.1,13.3,18.5,25.5,33.7,20.6,32.8,25.0,33.5,25.3,20.0,30.0,26.7,22.3,23.1,37.6,22.4,36.5,29.6,37.7,11.6,20.2,27.7,32.2,20.0,16.8,22.8,0.0,18.3,30.9,24.6,23.6,31.7,16.1,22.9,21.8,42.2,18.0,31.5,12.0,8.7,6.8,34.1,25.6,39.1,25.3,18.1,27.7,47.0,24.4,25.9,6.8,26.5,27.5,9.1,23.5,31.7,45.2,23.1,32.8,37.7,20.2,28.0,45.9,17.8,30.5,14.9,20.7,35.6,41.8,10.1,28.8,16.6,25.6,20.7,13.8,1,Medical
SUR-0251,36.3,26.7,41.9,42.8,36.6,22.0,25.5,44.9,25.8,47.0,18.4,27.0,22.6,28.5,7.8,20.5,16.8,42.5,34.7,28.7,15.3,22.2,42.5,34.6,14.5,25.6,39.1,22.3,36.0,26.7,34.4,17.8,33.0,31.3,36.2,31.2,22.4,43.4,30.4,24.3,19.6,31.6,18.8,17.1,46.2,28.2,7.3,28.0,17.8,13.1,15.9,38.8,44.9,31.9,47.0,39.8,39.4,28.0,31.7,18.5,6.4,23.9,20.6,19.3,24.1,36.0,25.4,54.4,30.3,31.8,19.3,40.0,27.0,30.3,29.5,22.1,34.3,27.2,21.6,19.8,22.6,24.9,29.8,19.7,35.4,19.0,24.3,24.2,15.3,19.4,12.8,31.3,18.3,20.6,27.4,45.8,1,Surgical
MED-0156,0.9,4.3,3.3,0.0,22.6,14.6,3.8,0.0,2.6,0.0,7.9,0.0,3.7,14.9,14.0,5.1,16.8,0.3,17.1,0.0,10.6,0.0,0.0,3.3,0.0,10.7,10.2,4.8,15.9,18.8,0.0,7.2,0.0,4.7,0.0,0.2,7.4,0.0,3.1,4.9,3.2,0.0,12.2,0.0,3.6,29.1,2.8,3.2,15.2,5.9,21.9,0.0,10.6,8.7,0.0,17.4,0.0,4.5,8.2,0.0,0.5,6.6,1.5,3.8,0.0,0.0,17.3,3.0,18.4,17.5,0.0,10.6,11.2,0.0,12.7,15.1,0.0,2.7,3.9,0.0,2.7,3.2,0.6,6.2,15.0,1.3,0.0,16.9,0.0,0.0,5.6,3.4,1.0,10.4,0.0,0.0,1,Medical
MED-0433,32.4,23.0,36.7,32.3,10.3,47.0,28.7,4.7,35.1,6.9,39.1,29.8,18.0,21.5,17.7,14.2,32.2,17.5,38.4,36.2,40.1,18.8,15.2,15.5,24.7,23.8,34.5,2.9,26.9,33.6,20.6,21.5,20.2,29.6,15.9,39.7,10.5,23.3,31.1,14.3,29.6,28.2,34.9,19.2,24.5,27.7,26.1,6.5,12.5,15.6,14.8,40.4,24.2,34.3,19.1,14.0,32.8,15.9,22.3,22.3,18.2,23.8,27.2,8.8,19.5,23.7,34.2,25.6,29.7,26.8,26.1,17.8,26.2,33.7,14.0,32.4,15.4,30.4,7.1,6.6,10.3,22.3,30.3,20.4,25.8,19.0,24.9,33.9,20.6,10.9,37.5,27.2,29.5,35.9,35.4,13.7,1,Medical
MED-0098,17.3,40.6,24.7,25.7,23.2,42.7,32.1,25.5,39.0,20.8,19.2,6.7,19.6,41.3,15.0,29.0,17.5,27.8,21.1,34.2,24.9,34.7,28.9,22.6,13.3,18.1,15.6,26.3,10.3,30.0,28.9,32.9,30.0,25.1,35.3,27.7,31.4,24.0,21.9,36.9,28.1,38.7,25.1,12.7,14.6,20.6,35.3,28.0,26.0,22.5,34.1,22.6,22.2,17.5,22.3,26.6,36.5,16.5,34.7,28.2,17.8,2.9,21.4,39.6,38.3,25.3,25.9,28.9,35.9,13.2,13.3,28.6,29.3,23.7,18.7,21.4,2.6,23.3,31.6,37.6,30.7,7.9,20.8,27.8,20.2,28.6,30.0,37.5,33.5,30.9,24.2,11.2,35.9,31.3,33.2,14.0,1,Medical
MED-0121,2.8,2.9,26.3,8.4,15.7,0.0,0.0,9.2,3.8,0.0,22.2,4.2,15.8,13.7,15.6,3.2,21.3,11.1,0.0,16.1,15.4,11.5,15.6,5.2,2.8,15.4,0.0,0.0,18.3,6.3,6.7,0.3,1.9,7.9,13.6,17.7,3.4,0.0,17.6,5.2,0.0,0.0,7.4,14.8,0.7,13.9,4.3,10.5,16.2,4.3,0.0,0.0,0.0,14.7,18.8,32.9,38.4,12.8,7.4,9.4,5.3,0.4,7.6,16.1,2.3,0.0,0.0,16.9,35.8,0.0,31.7,17.3,0.0,0.0,0.0,15.7,18.6,0.0,2.4,7.3,0.0,2.0,0.4,0.0,11.8,0.0,10.3,7.4,12.2,8.8,0.0,0.2,10.8,2.2,13.8,0.0,1,Medical
MED-0077,26.1,42.6,36.5,14.4,23.3,20.3,46.4,42.2,45.1,29.4,33.6,36.9,29.7,30.9,48.1,16.8,45.1,36.7,31.1,33.7,38.4,24.3,45.7,26.2,41.6,28.2,8.7,33.7,27.7,28.7,40.3,38.8,44.6,25.9,51.7,43.6,23.9,38.4,27.7,33.6,29.0,23.0,46.7,43.1,34.4,20.3,47.8,38.6,30.1,26.7,25.1,20.9,51.1,44.3,24.4,28.7,27.8,31.2,21.5,15.8,26.6,38.0,26.7,31.9,43.5,45.5,35.9,44.2,29.2,32.1,35.2,56.9,35.9,40.9,30.1,36.4,18.5,40.8,46.4,17.4,33.4,34.3,46.2,35.4,32.3,26.2,34.8,25.8,45.4,3.4,65.4,32.6,22.2,20.2,19.7,38.5,1,Medical
MED-0205,21.2,18.1,28.9,36.7,14.8,37.4,10.7,40.7,15.0,19.9,43.2,24.2,26.3,47.3,8.4,8.8,35.6,36.9,41.7,37.2,29.6,32.8,51.6,25.0,41.0,24.1,27.9,36.4,22.2,27.1,21.8,35.7,48.5,23.0,19.0,41.1,17.8,22.8,32.7,17.2,28.3,29.4,35.4,36.8,37.4,32.7,23.7,33.8,8.2,53.7,40.0,28.8,33.4,24.2,0.0,42.1,34.0,11.5,48.1,30.5,32.9,42.4,50.1,41.7,24.8,31.8,27.1,33.0,24.7,17.2,19.2,30.7,23.6,35.5,24.8,6.5,33.1,47.7,33.6,37.6,23.3,5.7,17.4,24.6,23.9,32.5,40.5,17.8,13.8,1.9,30.1,51.5,42.1,44.3,22.8,17.7,1,Medical
MED-0353,31.5,46.4,24.2,23.3,14.1,32.6,20.6,15.1,37.2,28.6,26.8,15.5,24.1,22.6,38.0,3.7,32.2,22.5,15.9,18.3,16.0,47.1,40.4,17.5,33.4,36.6,24.9,14.1,22.4,27.1,25.9,32.3,12.0,22.4,26.4,26.2,23.3,18.0,27.5,29.0,35.5,0.0,11.2,7.2,40.2,34.1,19.5,27.1,22.3,5.3,20.2,16.4,22.0,25.2,37.4,33.2,13.9,16.9,22.4,44.1,52.1,41.3,30.6,30.2,20.8,38.9,27.8,23.3,28.5,34.8,34.9,12.6,23.0,19.8,18.6,10.2,24.9,48.9,34.9,26.7,6.6,23.2,23.4,17.3,48.4,0.8,0.0,31.0,23.8,29.6,14.0,2.3,26.0,29.9,35.9,30.2,1,Medical
SUR-0265,17.7,28.3,18.6,19.9,20.1,9.6,18.9,33.6,17.9,14.6,30.0,40.8,24.1,14.0,3.4,36.1,16.7,21.7,27.9,12.2,18.2,26.9,29.6,15.6,17.2,22.0,23.8,23.3,24.9,18.3,28.9,18.3,41.4,42.5,24.8,33.7,16.8,43.3,29.5,33.8,11.4,43.7,22.2,15.2,39.2,16.3,17.5,19.4,29.2,27.6,31.5,25.6,35.4,17.8,26.7,42.6,44.2,21.1,34.6,25.4,35.4,34.0,28.5,11.1,17.4,8.2,22.5,25.5,25.9,39.9,45.3,29.0,26.8,34.9,26.9,31.7,22.8,28.7,29.1,21.0,25.2,28.2,24.7,16.2,34.1,8.2,27.0,4.8,27.7,43.6,20.4,30.2,24.3,33.7,34.0,29.9,1,Surgical
MED-0209,22.5,14.8,26.7,20.7,26.6,23.2,18.9,20.2,23.7,21.3,0.0,19.1,25.0,21.4,9.7,25.7,16.1,30.1,21.8,18.7,11.7,23.9,18.2,22.4,17.8,31.6,8.9,3.6,17.0,19.3,26.9,3.2,23.0,7.1,36.1,20.8,16.4,35.2,6.5,21.3,37.1,29.6,23.3,12.1,20.9,33.1,20.1,5.1,18.9,4.3,9.9,5.6,22.7,10.9,17.0,22.3,13.2,13.7,22.1,16.2,36.1,11.0,6.0,15.4,24.3,30.6,27.1,24.7,8.5,9.9,11.0,13.1,30.4,23.6,22.5,27.1,26.5,25.0,17.5,18.3,27.2,21.0,25.3,22.0,19.3,16.5,50.6,9.1,30.0,0.0,29.9,28.4,12.1,0.0,11.2,14.6,1,Medical
MED-0368,31.7,24.5,34.0,26.8,37.6,29.3,11.1,40.4,31.7,21.2,32.0,22.3,46.2,10.9,34.6,13.2,24.0,44.4,33.7,21.6,27.8,30.7,22.7,33.2,22.3,22.1,20.8,50.0,39.6,11.3,14.5,38.9,32.2,28.6,34.3,30.7,53.2,33.3,28.4,12.7,1.7,23.6,22.3,15.0,24.7,23.9,31.4,29.8,26.0,37.2,29.7,22.4,28.1,28.2,18.7,29.4,36.5,29.5,14.3,18.2,37.2,18.4,31.5,29.5,23.9,31.6,44.3,22.3,16.7,34.9,34.3,34.1,40.1,47.1,23.2,27.5,33.1,26.6,31.4,26.5,20.0,25.0,18.6,23.6,22.9,7.7,45.8,36.9,28.1,49.0,30.7,26.3,31.6,27.2,33.5,26.8,1,Medical
MED-0426,19.5,43.6,54.0,31.7,39.4,27.4,40.1,26.3,21.4,26.4,39.4,26.4,24.9,21.1,17.8,21.5,33.6,25.7,43.0,19.6,26.6,36.8,17.2,50.4,21.6,40.5,28.2,34.6,37.6,43.1,45.6,28.4,38.1,31.0,41.1,25.7,26.6,20.5,23.8,25.7,22.5,21.8,22.7,22.2,28.2,16.3,26.4,32.3,33.6,34.9,35.9,25.0,22.5,31.1,35.3,42.9,43.4,20.7,39.3,33.0,20.4,54.5,38.5,50.1,22.5,42.1,27.8,26.9,35.2,27.8,34.8,39.7,39.5,44.4,31.3,40.6,31.9,37.7,36.9,47.9,35.6,25.8,26.0,32.2,27.3,44.1,36.8,43.2,29.6,27.2,30.8,21.5,41.9,17.2,23.1,22.6,1,Medical
SUR-0016,30.3,24.6,7.7,19.6,20.3,34.9,30.1,20.2,30.0,19.2,20.5,27.7,21.0,25.7,38.2,17.5,18.8,53.5,42.6,40.3,36.8,19.7,35.3,23.1,39.2,41.8,31.6,36.9,41.1,41.4,33.1,38.9,32.1,36.0,37.1,35.9,58.0,52.0,32.6,31.4,41.1,18.2,21.2,26.9,44.7,37.7,62.4,37.0,33.4,19.0,39.2,27.4,10.8,38.3,21.2,53.1,30.1,31.8,25.6,17.7,26.9,32.2,32.1,28.0,24.6,51.7,22.4,43.1,28.7,22.3,28.6,48.2,47.6,44.7,40.8,44.2,50.2,22.4,33.3,33.0,22.2,15.6,33.5,27.9,48.0,13.5,41.7,28.1,36.7,41.5,23.0,21.7,8.0,34.8,30.4,31.9,1,Surgical
MED-0085,39.0,35.1,46.3,53.3,49.0,35.5,32.5,50.9,26.1,36.5,33.6,36.5,29.6,26.7,57.7,31.0,40.8,30.7,28.4,10.7,32.4,43.2,25.5,34.9,28.3,38.3,35.8,26.3,43.7,41.2,33.4,38.4,31.8,38.6,32.8,22.8,29.3,37.8,18.2,23.7,47.2,31.7,34.2,43.0,42.0,33.0,25.8,47.7,12.7,37.8,34.5,27.2,41.2,33.2,34.6,33.1,38.5,43.7,23.2,34.7,44.9,26.9,39.2,43.1,42.8,36.9,31.9,33.8,34.8,19.1,27.7,42.2,39.4,44.1,25.9,40.7,37.3,28.8,36.5,14.1,57.2,35.3,46.8,33.0,33.4,37.7,42.6,29.5,33.7,34.3,43.9,31.0,27.4,49.5,31.1,39.1,1,Medical
MED-0011,59.0,47.0,57.7,47.4,49.3,59.8,47.9,45.6,60.3,70.5,54.5,68.9,57.8,46.7,56.1,49.0,56.2,43.4,49.4,53.5,59.9,60.9,70.8,66.4,80.3,51.4,72.1,55.7,67.7,60.3,58.5,54.8,36.9,73.0,54.2,51.3,53.9,54.6,67.0,48.2,51.6,64.4,61.8,51.4,62.6,66.3,64.7,33.4,47.4,60.7,60.5,57.5,73.1,58.6,57.4,56.0,36.8,53.9,51.3,52.6,56.7,58.0,64.1,59.8,67.8,63.4,55.0,47.7,58.2,61.4,57.1,47.8,42.9,61.7,50.7,59.6,49.2,61.5,75.4,53.2,54.7,52.5,45.5,52.1,57.0,29.1,34.0,54.9,67.4,46.2,68.8,59.3,72.1,46.7,48.0,73.1,0,Medical
SUR-0221,39.3,34.8,32.8,50.6,19.6,2.5,11.3,32.0,23.4,40.9,24.6,21.3,35.6,32.3,8.2,35.6,25.8,43.8,30.8,40.2,9.3,12.2,31.8,15.4,14.7,18.6,40.9,22.3,20.1,16.5,38.7,29.2,5.6,38.6,16.0,32.8,22.7,15.6,31.6,20.1,26.3,31.9,25.6,25.6,26.6,17.2,24.0,18.6,35.3,20.0,27.1,43.0,25.7,28.5,14.0,32.8,27.9,28.6,46.0,20.4,47.7,37.0,27.8,40.1,26.1,29.7,28.3,30.2,13.1,9.2,7.6,30.1,41.9,29.1,22.1,20.1,28.4,17.2,20.1,26.4,27.1,44.3,32.6,22.1,27.6,25.5,31.0,43.8,44.5,35.1,31.9,26.8,24.5,16.7,33.7,28.9,1,Surgical
MED-0111,20.9,27.3,19.4,34.9,8.5,18.7,22.5,18.7,18.0,33.5,27.8,40.5,37.8,23.1,45.5,18.2,27.6,31.6,30.9,31.3,34.4,14.8,31.7,26.0,21.7,20.6,12.9,17.0,18.7,30.1,23.7,20.1,21.4,28.8,26.5,28.8,40.6,20.1,11.2,26.1,17.3,32.0,20.7,25.5,19.6,25.9,28.1,39.5,18.4,31.6,3.4,17.7,37.0,24.3,24.4,16.4,7.1,29.5,26.9,8.1,21.9,14.5,33.5,25.4,30.9,19.8,26.9,12.0,27.6,14.3,27.8,25.4,19.1,37.1,33.8,22.4,28.0,27.9,45.3,34.5,42.1,27.9,12.3,41.6,19.2,22.7,27.6,18.0,11.6,18.5,7.8,19.7,30.7,34.2,30.3,15.2,1,Medical
SUR-0022,15.0,13.0,21.5,38.1,15.1,20.6,29.4,20.5,31.6,35.2,29.0,27.6,16.1,23.8,23.7,10.7,25.4,32.5,19.6,14.5,15.7,33.9,11.5,26.9,34.0,27.4,0.0,21.8,18.0,25.5,28.1,18.2,34.9,25.8,11.1,20.3,28.4,19.9,4.9,19.4,13.9,30.7,22.6,23.7,39.8,48.6,14.0,7.6,18.0,20.7,13.4,12.3,24.3,30.7,20.2,15.2,25.6,36.3,25.3,21.5,22.0,26.8,33.3,17.9,15.1,45.1,9.7,31.6,17.0,29.4,15.7,28.2,35.4,21.7,31.0,7.3,30.6,18.6,25.6,38.3,19.2,43.0,25.8,17.5,18.6,22.0,16.6,18.2,21.6,27.6,24.8,31.9,33.2,13.5,28.2,35.5,1,Surgical
SUR-0278,13.5,15.5,17.8,32.8,29.5,32.2,40.3,18.7,25.2,3.3,22.8,20.1,0.0,14.7,12.4,10.7,22.3,20.3,11.0,34.2,13.5,36.6,36.8,23.5,7.1,13.3,17.1,27.3,0.8,25.4,7.9,26.4,0.0,30.9,34.2,19.0,14.6,8.4,20.4,25.4,15.4,19.5,19.2,7.7,30.9,20.4,38.0,29.0,20.0,3.9,17.9,11.7,27.6,26.3,4.7,23.4,14.7,15.1,18.6,20.4,9.6,19.4,21.3,4.6,0.3,22.4,11.5,10.6,6.2,26.9,31.3,27.2,23.3,9.1,7.4,11.6,14.8,0.0,11.4,5.4,32.4,13.3,31.6,23.1,7.1,5.8,10.9,20.3,35.7,36.5,27.0,4.3,18.8,17.8,27.0,16.3,1,Surgical
MED-0210,10.5,20.8,20.4,8.4,34.6,14.1,0.0,18.8,12.4,0.0,26.0,0.0,18.2,19.7,10.9,21.3,5.1,6.7,14.1,19.7,23.7,7.2,17.8,14.8,2.2,14.0,6.0,2.8,0.6,8.4,0.0,0.0,15.4,15.8,3.6,11.2,15.2,23.2,1.5,7.7,0.3,6.6,13.6,11.7,2.5,7.9,20.3,6.6,6.2,20.3,0.0,30.9,0.0,31.1,2.6,21.6,9.9,11.1,0.0,6.5,32.3,0.8,15.4,0.0,21.9,6.8,0.0,20.3,8.3,3.6,24.9,17.3,4.4,7.9,5.6,8.7,22.0,19.0,10.6,2.3,12.7,22.0,3.9,7.2,8.0,15.3,14.7,16.2,17.1,0.0,18.9,24.6,11.5,8.8,21.8,0.3,1,Medical
MED-0236,54.6,28.2,35.6,31.0,23.3,24.3,40.3,24.1,32.5,42.0,37.0,35.1,30.9,26.2,34.1,25.5,33.1,27.9,27.1,46.1,35.8,41.8,35.6,44.8,64.2,46.8,40.5,37.5,35.7,39.4,27.8,34.0,30.3,21.3,40.0,33.7,38.9,26.5,44.1,46.2,29.9,27.1,34.4,17.9,22.1,24.0,28.8,33.8,23.2,40.9,36.0,18.6,17.2,31.4,28.9,32.6,45.3,27.5,27.3,32.5,36.0,32.5,31.1,42.6,16.4,24.0,21.3,42.3,16.3,37.9,2.6,26.0,26.9,33.8,26.3,24.9,26.2,48.1,23.2,28.6,36.0,43.9,16.1,31.3,34.7,31.2,46.0,26.5,54.9,34.3,30.6,27.7,33.9,25.5,29.5,21.2,1,Medical
MED-0317,4.2,6.6,24.9,24.2,23.8,2.8,1.4,0.0,28.3,10.6,25.0,20.3,21.5,25.2,8.7,0.0,25.7,18.9,18.8,31.8,27.0,18.5,0.0,10.7,11.0,27.0,14.0,0.0,11.5,4.9,36.7,10.7,25.7,5.4,6.3,18.2,13.5,4.2,18.3,6.6,17.2,17.4,21.2,4.2,13.3,14.6,21.6,28.3,22.8,23.9,10.9,27.3,0.0,0.0,5.1,12.6,0.0,12.9,11.2,14.7,7.2,30.5,15.4,14.7,26.8,12.3,12.4,27.6,30.2,3.9,14.7,29.3,4.1,19.6,19.2,0.8,35.7,14.8,23.6,14.2,10.9,18.6,19.5,13.1,32.8,27.4,6.2,9.5,22.6,17.0,19.6,14.7,3.3,18.4,27.8,33.2,1,Medical
MED-0389,40.7,36.3,25.1,29.8,42.8,35.8,29.7,23.4,37.4,57.6,32.3,26.2,34.7,30.2,31.7,32.9,48.1,53.7,50.5,39.7,35.3,38.8,49.0,28.7,47.9,35.9,30.4,34.9,51.5,34.8,35.1,39.3,33.0,34.0,43.6,46.7,42.2,42.9,39.1,46.4,25.7,36.6,39.8,52.5,28.2,46.5,52.8,44.6,63.8,23.0,49.7,49.7,29.4,57.0,50.1,42.3,37.8,45.6,45.4,51.9,48.4,42.9,51.4,34.6,38.7,52.5,38.0,47.5,55.8,26.4,39.2,32.7,42.6,33.7,38.5,55.3,60.0,16.1,60.6,28.8,56.9,44.5,47.7,39.3,38.0,46.1,43.2,55.5,25.0,36.5,65.0,57.9,29.2,56.7,48.8,43.3,1,Medical
MED-0119,9.8,7.5,10.3,23.2,19.4,15.0,13.6,15.5,14.8,6.7,0.0,18.2,19.7,20.0,3.2,2.3,32.9,1.8,11.8,0.5,7.0,22.4,0.0,1.1,18.9,10.5,1.5,11.0,11.9,18.7,9.6,22.6,0.0,13.4,11.6,0.0,0.0,6.3,1.1,9.9,8.4,0.6,12.9,7.1,12.4,22.4,20.5,23.4,0.9,0.0,0.0,12.4,4.5,3.3,15.0,0.0,17.0,3.5,31.0,14.8,7.2,12.8,21.1,19.1,23.4,12.9,14.0,18.4,4.8,7.8,15.8,0.0,0.0,13.8,0.0,0.0,14.4,10.6,11.9,25.1,8.3,16.6,1.7,23.3,17.0,21.6,15.5,18.0,17.6,24.0,15.4,0.3,11.1,0.0,9.9,4.0,1,Medical
SUR-0220,28.3,7.2,22.7,26.9,21.8,12.0,37.7,17.4,18.5,16.2,25.8,12.2,11.9,19.2,17.0,24.4,20.0,0.0,0.0,15.2,5.5,24.2,20.8,25.8,14.6,6.1,29.5,43.2,8.0,13.3,12.3,24.5,8.2,26.9,9.9,27.2,16.1,7.1,35.2,10.4,16.5,19.3,25.9,35.9,11.0,29.4,19.8,14.5,22.3,19.5,18.8,12.3,21.0,18.3,29.4,7.2,20.1,11.6,6.6,13.3,19.0,6.6,8.5,17.2,19.5,25.8,20.0,0.0,35.8,24.4,29.2,12.1,29.6,32.5,24.9,25.5,35.2,39.4,12.1,23.5,14.3,25.0,19.6,5.5,32.1,10.2,13.0,24.0,19.4,4.2,36.0,32.0,17.5,14.9,36.3,6.6,1,Surgical
MED-0211,37.4,27.7,11.1,15.2,29.5,29.4,7.1,9.5,16.8,7.2,11.7,32.0,19.8,10.4,16.1,1.8,47.6,18.7,27.4,18.6,6.5,19.0,4.2,26.9,17.3,22.7,45.9,22.7,21.8,20.5,8.6,9.2,16.2,19.8,11.5,26.5,17.3,24.4,18.3,0.0,19.8,17.4,19.2,20.8,23.5,10.3,34.8,28.2,15.8,25.6,29.0,22.4,22.7,24.2,22.7,20.6,10.2,21.2,12.8,27.7,35.4,14.3,22.7,20.4,20.1,15.1,14.3,20.9,10.7,8.6,4.7,12.9,28.0,6.7,22.1,31.0,24.5,24.5,29.5,16.9,23.3,30.9,23.5,42.1,18.5,42.0,21.2,9.8,10.5,4.5,0.0,7.3,17.0,21.3,37.8,0.0,1,Medical
MED-0255,22.7,2.0,9.2,19.7,47.2,0.4,37.5,18.6,12.9,27.6,37.5,17.3,22.9,18.6,20.8,19.5,29.9,20.5,25.8,22.9,27.8,33.6,37.5,52.9,33.0,39.5,16.7,21.2,19.7,40.3,24.1,33.1,22.8,19.6,22.8,34.0,25.8,6.5,20.5,51.2,37.2,28.1,22.4,13.8,22.2,14.9,21.2,0.0,17.1,18.3,8.9,17.0,17.4,46.0,35.0,27.5,36.1,21.6,20.0,27.1,53.5,40.6,11.0,11.0,23.0,35.1,5.8,33.8,34.0,33.1,16.4,20.9,29.3,13.8,14.7,10.7,23.0,35.7,39.5,17.2,30.9,28.2,22.1,17.7,12.8,36.8,19.4,9.8,34.9,18.6,31.1,22.9,49.7,15.8,17.1,24.9,1,Medical
SUR-0092,33.5,20.1,34.1,29.6,43.5,18.3,38.4,37.2,26.5,15.4,25.3,23.7,19.6,38.2,13.4,19.8,24.5,27.8,12.4,11.3,34.2,13.3,28.0,14.7,22.4,23.2,34.0,32.1,13.2,9.2,23.5,19.3,31.5,25.6,36.8,15.6,25.2,27.8,17.4,11.5,36.0,24.1,38.4,34.2,20.1,31.6,30.0,38.3,48.9,31.9,24.0,29.2,29.2,26.5,20.5,31.8,18.0,24.2,32.5,48.5,36.1,30.9,15.8,12.8,33.1,25.7,36.5,37.5,33.9,33.9,12.5,22.1,41.9,32.7,26.1,22.4,18.8,40.3,29.5,37.9,16.8,21.2,29.2,40.1,23.6,19.0,28.0,41.4,25.2,20.2,36.4,31.5,28.4,19.3,29.5,32.8,1,Surgical
MED-0030,56.8,58.8,26.8,42.6,49.4,45.5,56.9,37.3,41.1,48.4,32.6,58.0,57.9,51.3,53.1,40.8,58.7,52.2,37.3,21.1,38.5,54.6,23.8,54.6,41.5,53.7,49.6,32.8,40.3,45.0,37.1,47.1,52.0,34.6,49.6,51.3,54.9,59.0,48.1,34.6,65.9,49.0,57.7,43.4,59.8,44.9,47.6,48.7,51.6,41.2,39.3,54.6,48.4,35.3,26.6,51.6,40.5,47.1,37.1,56.7,55.6,50.0,54.3,42.3,40.6,34.8,54.5,36.5,49.1,37.7,57.6,47.2,32.5,55.5,54.6,42.7,52.9,51.0,35.5,50.3,23.9,30.6,51.5,61.1,64.6,39.4,41.3,50.9,49.4,59.1,52.7,51.1,28.3,31.8,32.2,42.1,0,Medical
MED-0267,26.5,45.2,36.6,45.8,15.1,31.2,29.6,35.8,31.9,21.5,27.1,53.1,24.9,47.0,37.7,41.2,26.5,27.9,40.1,30.6,36.9,28.0,33.9,42.9,42.2,45.7,32.1,49.0,39.6,27.2,51.2,31.9,37.7,40.3,28.1,43.1,30.3,19.9,39.7,29.7,23.0,38.4,43.7,32.3,54.0,45.3,40.2,51.7,41.1,29.9,26.6,48.4,57.8,46.2,38.0,46.9,40.7,50.1,39.1,44.6,45.6,47.1,51.7,45.6,42.8,54.8,35.7,44.8,29.4,36.0,45.3,31.6,45.0,36.8,51.6,46.5,40.9,29.9,19.1,20.2,41.1,46.8,44.8,47.3,39.7,32.3,32.4,23.6,42.0,32.0,36.1,41.3,28.7,21.3,56.7,35.9,1,Medical
SUR-0157,33.2,60.2,46.2,22.2,20.3,40.5,44.6,35.1,42.9,34.1,35.3,53.1,35.7,34.0,49.4,20.4,19.9,33.1,28.3,38.7,33.3,39.5,41.7,30.9,37.2,29.7,25.9,43.8,34.4,19.0,24.2,38.9,41.4,34.4,43.4,37.5,17.2,19.2,47.2,27.5,40.9,36.9,48.4,49.7,11.8,43.8,45.2,19.7,40.1,13.3,33.5,43.9,30.7,39.0,23.5,29.1,33.0,44.8,33.4,42.9,46.2,17.3,30.4,28.2,39.7,41.7,31.5,26.9,35.8,43.0,38.1,18.6,21.8,47.9,34.7,23.3,25.3,42.3,32.0,44.0,40.3,38.3,38.6,43.1,23.1,11.1,26.4,42.1,42.2,25.9,30.0,33.7,38.2,38.0,23.2,34.4,1,Surgical
SUR-0163,0.2,4.8,7.6,0.0,6.1,1.6,0.0,0.0,14.8,0.0,0.0,0.0,0.0,0.0,13.4,0.0,18.9,7.5,0.0,11.2,33.0,0.0,0.0,0.0,0.0,6.5,2.5,0.0,6.6,0.0,3.6,3.4,0.0,8.8,1.7,6.4,0.0,10.9,0.0,1.9,12.2,8.3,0.0,0.0,0.0,19.0,17.9,7.7,0.0,0.0,0.0,4.5,4.3,0.0,0.0,0.0,1.1,0.6,12.3,12.2,6.6,1.6,1.6,0.0,0.0,6.8,9.2,0.0,0.0,0.0,6.6,7.0,5.9,0.0,12.5,13.2,8.4,0.0,7.6,10.1,0.2,5.5,4.6,0.0,0.0,0.0,4.7,0.3,0.0,10.0,0.0,0.0,0.0,3.8,0.0,26.1,1,Surgical
MED-0297,22.7,16.5,5.8,12.9,21.4,4.4,0.0,11.3,22.5,7.1,34.7,9.0,11.3,14.4,15.2,3.3,17.7,15.1,24.9,27.7,12.0,29.8,16.7,20.2,30.9,1.4,13.5,27.0,40.6,15.9,13.0,22.8,24.6,21.5,12.9,41.6,9.3,1.7,8.4,31.6,20.4,21.2,12.3,28.9,34.7,16.6,1.2,3.4,8.7,23.7,22.9,20.3,17.2,13.5,19.2,25.1,27.9,29.6,28.4,24.7,11.9,2.0,18.6,35.3,4.2,0.0,2.1,19.6,8.5,18.9,6.2,27.7,31.6,29.5,27.0,31.8,22.1,20.0,18.0,29.5,13.9,17.5,14.9,29.3,48.5,5.8,30.8,17.4,10.9,11.1,20.6,14.2,24.6,15.8,0.0,17.2,1,Medical
MED-0082,17.9,20.7,15.0,24.2,21.6,25.4,26.1,7.7,32.7,29.8,17.7,17.3,22.1,18.9,7.3,20.0,8.0,20.9,30.2,15.5,8.9,24.1,37.2,28.1,19.9,30.8,30.9,21.8,33.9,27.5,13.1,28.7,2.1,24.7,34.6,22.4,30.9,26.7,17.3,21.5,13.0,26.4,46.8,27.2,26.1,16.1,22.9,14.0,12.5,8.6,36.4,22.6,31.7,33.4,27.0,10.7,38.4,4.8,10.7,7.7,25.7,26.7,14.5,20.6,15.0,12.9,1.7,20.9,8.5,24.6,25.3,29.2,32.3,24.9,29.9,14.4,29.6,16.1,1.2,6.4,45.3,31.0,35.0,33.8,28.7,2.3,31.3,16.2,51.1,0.0,18.3,26.1,23.3,44.6,40.8,20.7,1,Medical
SUR-0189,1.4,0.0,9.4,30.2,25.0,20.6,9.5,24.7,16.6,2.8,0.0,10.5,22.7,2.9,7.5,0.0,21.9,5.3,20.2,28.2,0.0,10.8,0.5,0.0,19.0,21.9,10.7,5.5,16.8,13.1,18.1,0.0,0.0,0.0,12.5,17.0,3.4,33.7,5.3,0.0,3.8,9.6,9.4,2.4,13.1,11.6,15.8,14.3,23.9,0.3,1.4,10.6,26.2,0.8,1.5,2.8,17.7,10.9,1.5,3.5,23.9,6.4,11.8,4.2,0.0,7.3,9.2,5.0,0.0,17.7,10.1,7.3,4.6,18.8,9.0,21.8,27.9,0.0,9.3,0.0,0.0,9.2,14.6,1.9,14.4,0.3,5.9,14.3,4.6,10.8,17.4,1.5,11.5,13.2,7.6,9.0,1,Surgical
MED-0303,28.8,20.0,0.0,3.6,24.3,0.0,24.1,24.1,19.3,10.1,43.9,20.4,26.4,0.3,10.5,42.1,35.5,42.4,42.6,32.7,4.9,30.6,18.0,18.5,28.7,27.3,13.1,4.5,29.0,29.4,29.8,15.6,42.8,15.1,15.7,25.7,5.4,19.8,30.7,19.4,34.0,23.7,12.5,20.7,29.6,15.0,30.2,18.8,34.1,24.4,16.6,39.9,6.6,21.2,15.9,24.8,17.6,30.9,25.0,10.9,13.9,30.1,29.2,28.1,37.2,53.7,13.2,33.5,10.2,33.3,29.1,18.8,19.3,11.8,16.4,15.1,31.3,31.6,29.7,40.8,14.6,22.9,8.1,28.8,35.9,43.4,38.6,29.2,12.2,25.0,12.9,32.1,24.0,28.5,16.0,32.5,1,Medical
SUR-0007,49.1,42.8,67.4,42.8,54.2,50.5,60.2,54.5,40.4,45.3,34.5,64.6,44.3,38.0,56.2,43.6,35.9,52.2,57.5,51.0,44.8,67.2,63.6,50.6,42.9,55.5,41.2,66.5,42.7,62.1,41.6,39.1,44.4,60.1,52.9,59.1,50.2,58.0,42.3,39.8,38.6,41.9,52.5,63.1,42.8,55.4,48.6,45.0,48.0,38.3,60.7,46.4,38.1,41.7,65.0,61.7,39.2,70.2,48.7,65.1,51.5,43.9,48.8,43.8,41.7,51.3,54.5,62.8,52.9,54.5,41.1,60.8,48.0,32.2,54.1,33.3,55.3,52.2,61.0,55.9,62.8,40.6,33.3,42.5,41.6,54.0,51.0,48.0,58.2,34.5,57.9,58.0,58.2,46.7,77.2,60.0,0,Surgical
SUR-0259,14.7,31.7,22.9,44.8,14.6,20.3,44.7,24.7,34.1,35.1,39.5,27.7,19.5,26.9,23.5,12.8,47.6,28.2,13.9,23.2,16.9,21.6,28.0,32.0,36.6,25.6,29.8,17.5,45.0,17.6,16.4,24.7,23.8,25.2,42.8,20.2,38.6,11.4,26.1,34.3,18.8,53.7,34.2,40.2,31.8,45.0,18.7,32.4,18.8,32.6,39.7,29.1,25.4,31.5,12.2,25.2,23.7,37.8,4.8,24.0,25.8,15.1,37.8,31.3,16.7,18.8,32.2,48.8,33.2,36.7,34.3,31.4,23.0,38.1,37.0,29.4,30.3,28.0,33.1,52.0,18.1,14.9,34.6,35.0,40.4,41.3,26.3,33.5,48.5,35.6,22.4,20.9,28.6,30.4,35.7,35.9,1,Surgical
MED-0315,27.4,23.6,32.5,23.5,41.2,31.0,3.3,16.5,29.9,30.1,20.7,15.0,27.0,18.1,6.0,16.4,10.6,34.2,27.3,32.3,25.3,21.7,29.3,11.3,22.3,23.2,7.5,0.4,7.6,19.9,15.2,17.0,40.8,12.4,28.2,19.0,30.5,18.2,32.2,24.0,30.3,19.8,20.1,10.3,15.2,30.1,21.9,24.7,31.1,28.6,16.6,37.5,15.4,11.1,16.1,17.1,35.8,17.1,9.7,17.6,21.4,28.2,12.0,13.2,19.7,38.5,5.2,19.9,12.9,24.1,39.6,15.0,33.4,32.8,31.0,31.7,5.9,7.2,7.7,14.2,25.2,10.4,13.1,12.5,19.7,19.7,28.7,28.3,29.0,14.8,28.3,26.4,11.5,22.2,22.4,8.6,1,Medical
SUR-0145,24.9,10.9,20.8,11.4,7.2,6.0,18.3,0.1,14.6,3.6,24.2,3.6,2.6,32.1,7.8,21.8,22.1,7.0,20.6,5.6,0.0,13.0,18.1,31.6,20.8,0.0,9.9,9.8,24.4,6.2,26.4,0.0,17.0,20.2,9.5,1.3,21.1,2.7,7.7,8.4,9.4,15.4,13.3,7.4,9.3,8.0,24.6,10.0,9.4,17.3,5.2,0.0,0.0,18.0,12.1,14.8,2.1,17.6,49.7,13.8,44.2,16.6,5.5,7.9,17.1,12.9,16.3,20.1,22.8,13.8,11.2,12.5,6.6,3.4,7.8,0.0,34.0,13.6,24.7,7.0,14.2,10.9,8.3,22.1,5.2,24.0,20.5,13.5,31.8,3.6,1.0,17.1,6.1,0.3,15.9,13.8,1,Surgical
MED-0410,5.9,12.9,14.1,24.4,30.5,9.3,22.6,7.9,24.2,24.8,20.9,17.0,28.3,18.5,0.0,13.0,11.6,14.5,21.0,4.6,0.0,7.1,0.0,21.7,9.8,27.8,0.0,9.9,10.4,10.6,0.0,16.2,21.2,9.7,2.1,9.2,11.3,14.8,12.7,39.6,9.0,16.2,10.1,4.0,9.4,16.1,5.5,13.2,1.7,10.7,22.1,23.9,28.3,26.0,5.1,0.0,13.2,11.7,32.3,20.0,20.2,14.4,14.9,28.6,16.6,10.0,14.1,26.3,20.4,20.4,0.0,7.5,5.2,24.6,0.0,0.0,11.9,23.1,0.0,3.4,4.2,0.0,22.4,21.1,15.0,22.4,0.7,35.5,5.4,22.7,19.8,3.6,8.6,18.4,1.2,25.1,1,Medical
MED-0212,13.8,17.1,10.1,25.4,1.2,13.4,10.7,18.8,2.5,16.2,25.6,21.3,0.0,17.9,18.0,18.2,3.8,16.2,14.2,14.7,15.1,9.7,8.5,13.5,14.2,0.0,15.0,27.2,8.0,0.0,11.9,15.3,18.3,21.6,14.9,30.1,23.2,15.6,20.3,33.7,1.5,29.9,1.2,21.8,23.9,17.5,18.9,32.7,9.9,11.2,26.8,16.8,17.2,11.5,14.1,19.7,3.3,12.7,10.5,12.9,14.9,24.4,21.0,5.6,11.7,20.8,10.5,21.6,12.9,24.2,36.8,14.8,25.7,0.0,13.6,15.1,21.0,17.6,19.8,13.7,29.9,22.5,16.3,22.4,25.5,11.5,30.3,26.5,23.3,7.2,31.5,22.4,32.6,19.2,15.4,23.6,1,Medical
SUR-0033,42.5,35.7,33.4,39.3,24.3,15.8,56.4,30.2,38.5,44.2,44.7,36.4,19.9,17.4,42.0,27.5,52.7,36.5,4.8,33.5,45.1,34.1,20.4,41.9,43.4,30.1,39.0,45.9,46.0,40.1,47.3,28.5,44.6,12.0,20.1,46.8,38.1,59.0,10.9,28.3,13.3,38.8,36.6,33.3,35.1,20.4,41.8,33.3,45.8,33.3,28.7,37.4,22.9,46.4,20.9,38.9,30.9,27.6,40.1,23.5,43.7,25.4,26.9,12.6,36.0,24.3,36.5,37.2,33.5,32.2,12.2,30.2,19.0,15.9,28.1,12.8,19.0,44.6,36.1,28.9,35.4,19.4,16.5,43.5,35.0,27.4,34.0,43.4,27.6,29.9,28.7,30.7,36.9,22.9,27.4,32.5,1,Surgical
MED-0484,27.8,27.8,51.9,13.0,37.4,9.5,45.7,33.9,31.8,35.3,29.5,28.5,24.3,46.6,24.9,30.7,16.8,24.1,21.6,25.6,26.1,27.2,17.0,31.8,33.5,37.0,21.0,29.1,37.9,14.4,33.6,27.1,28.9,33.6,40.4,32.8,30.4,36.8,0.0,13.3,34.8,37.9,30.9,24.7,24.6,43.9,33.7,41.4,19.1,21.7,14.1,40.2,28.9,6.3,28.7,28.6,20.3,35.7,25.1,24.4,30.5,25.4,30.6,32.1,9.7,27.7,40.7,23.6,29.3,32.1,17.3,26.2,28.8,44.0,28.1,48.5,23.2,20.9,18.5,44.5,41.4,31.7,39.8,56.1,22.9,30.2,20.9,29.6,49.1,24.0,26.6,21.9,31.3,24.6,26.8,41.3,1,Medical
MED-0219,15.3,11.0,43.2,10.2,15.7,6.8,37.9,28.1,18.3,1.8,13.1,18.6,13.9,14.7,3.5,13.5,5.1,0.0,31.8,23.6,24.9,2.6,2.2,15.5,0.0,0.0,15.5,14.9,24.1,24.8,20.3,0.6,12.4,16.5,11.5,18.6,24.4,7.0,18.5,6.8,25.9,8.5,16.3,10.4,15.1,7.1,21.0,23.4,19.2,23.6,12.7,22.2,22.0,13.4,20.0,4.4,11.7,17.0,26.9,1.4,30.3,8.1,15.5,16.3,4.0,41.6,0.0,10.7,23.7,21.8,40.6,14.2,9.4,2.7,20.7,7.0,29.3,11.4,0.0,21.1,34.7,19.3,19.3,2.4,20.8,5.2,10.5,17.0,10.2,16.8,16.5,11.6,22.5,0.0,9.4,8.3,1,Medical
MED-0008,20.8,42.7,33.5,48.3,38.1,52.5,42.6,39.8,37.4,46.9,24.6,30.2,38.7,41.8,15.2,25.9,34.5,47.4,39.7,56.2,48.5,40.0,46.6,36.0,41.9,28.4,39.1,65.5,34.3,13.7,33.1,23.4,46.2,41.4,42.5,38.9,51.7,34.9,50.5,33.4,51.5,33.6,36.6,26.8,31.6,41.6,25.3,42.8,39.6,29.7,44.6,51.7,47.0,22.2,48.4,19.3,29.2,30.3,33.6,27.3,36.8,15.2,32.9,34.8,37.9,33.1,27.8,40.2,37.6,40.7,36.3,25.4,20.6,27.5,30.7,35.3,36.8,43.4,47.1,40.7,19.7,26.8,40.6,17.9,39.2,23.2,25.8,29.3,50.6,45.8,49.1,29.3,31.7,27.0,49.2,35.9,0,Medical
MED-0465,19.9,37.6,42.7,40.7,35.7,51.5,43.6,44.9,47.9,37.6,31.2,38.5,46.8,50.4,26.5,42.1,34.0,37.8,25.5,13.7,27.2,28.7,44.2,49.0,41.3,47.3,41.8,24.4,18.6,32.7,52.0,31.2,54.8,48.2,39.5,41.5,43.1,25.9,34.3,46.4,55.1,49.8,56.4,39.0,40.1,29.7,36.6,28.2,15.1,40.1,41.1,43.6,29.6,33.0,33.3,37.0,53.7,28.4,50.0,40.5,53.4,34.3,37.3,43.7,34.2,52.7,37.2,22.7,43.6,38.2,37.4,36.0,37.2,34.8,41.6,29.7,37.7,31.0,40.2,41.8,51.1,46.2,48.4,37.0,37.2,44.2,53.2,23.7,28.9,34.3,58.6,43.3,42.5,42.1,28.1,44.0,1,Medical
MED-0102,30.5,46.9,26.1,35.6,41.3,57.4,47.2,45.9,56.5,39.0,41.5,37.6,33.5,16.7,31.1,38.3,41.5,33.3,33.2,19.3,36.0,28.0,46.4,40.0,57.0,38.9,31.8,25.9,33.6,20.1,25.7,51.0,20.1,45.8,48.5,42.9,37.8,44.3,23.9,30.5,42.0,53.8,55.4,43.3,42.0,27.2,28.5,22.8,48.5,35.8,20.7,24.9,23.3,24.8,33.2,23.5,46.5,28.8,34.5,44.0,27.9,38.5,44.9,43.7,26.8,34.5,30.3,40.5,35.9,36.4,54.3,48.6,25.7,41.8,39.9,24.3,30.8,51.1,36.4,32.8,39.5,34.1,46.8,37.4,36.9,45.8,37.6,38.7,33.7,33.8,48.3,30.2,44.4,43.2,22.6,47.4,1,Medical
MED-0327,13.6,20.0,37.9,17.2,21.5,21.3,6.7,21.4,21.2,33.6,31.0,29.1,23.7,3.1,13.6,41.0,27.5,15.1,27.5,21.6,24.8,16.9,26.4,25.7,27.9,25.2,30.6,29.3,32.4,36.7,24.2,10.3,30.7,6.6,23.1,33.0,42.2,22.9,19.9,25.3,20.3,13.1,13.7,23.0,27.1,30.6,29.0,21.7,0.0,25.0,4.1,26.3,15.8,48.5,34.0,15.5,19.7,14.9,20.6,35.3,42.3,25.8,25.7,16.7,26.8,35.9,24.4,31.2,9.8,13.4,20.1,9.6,14.0,32.8,22.6,33.2,31.5,14.4,29.7,15.8,25.2,25.1,23.8,30.4,24.6,18.7,13.0,39.2,6.3,16.0,20.5,34.0,15.4,2.9,13.1,14.8,1,Medical
SUR-0153,18.8,23.6,5.7,9.9,19.2,0.0,3.4,4.7,7.6,18.3,24.6,30.8,21.1,7.9,4.4,30.9,12.3,26.0,22.3,16.2,12.0,9.9,28.4,0.0,20.8,20.2,14.8,0.0,35.2,27.2,14.2,12.9,25.6,1.3,0.0,17.9,9.3,0.0,18.2,20.2,10.4,28.8,1.7,1.6,23.2,14.9,7.0,15.4,20.3,11.4,17.4,17.5,12.1,8.8,29.1,6.3,23.3,27.1,27.3,19.0,5.0,1.6,14.8,0.0,19.2,19.2,16.1,14.0,0.0,17.7,1.2,32.7,1.0,6.8,18.8,9.8,6.3,17.9,1.0,31.8,14.7,3.1,9.5,13.0,7.6,7.9,20.7,22.2,24.2,16.5,0.0,7.2,13.5,17.2,13.1,34.8,1,Surgical
SUR-0038,31.6,26.1,28.4,29.6,41.1,31.3,31.6,34.4,54.4,21.1,40.8,35.7,36.8,48.6,33.1,17.7,19.6,46.2,29.4,51.1,48.6,29.4,28.4,34.6,45.1,17.5,37.8,3.0,28.5,44.3,30.5,23.0,32.5,41.3,32.2,45.0,34.8,33.5,33.2,30.7,53.6,36.4,13.6,36.2,42.2,20.2,32.7,24.1,31.1,38.9,28.4,48.7,26.1,46.9,32.4,29.4,38.4,23.0,24.0,41.5,21.2,25.1,41.5,39.7,30.7,30.5,16.4,50.8,36.8,36.4,25.9,32.8,21.6,30.9,38.6,8.7,50.3,34.2,16.3,37.4,56.7,33.5,22.5,33.5,37.4,42.0,45.8,37.8,33.7,43.5,22.9,11.4,32.9,25.1,26.0,34.0,1,Surgical
SUR-0141,44.5,49.3,41.8,60.5,51.9,40.0,47.4,37.5,46.7,43.2,70.5,58.4,40.0,41.7,32.6,51.7,32.8,49.6,34.4,31.7,53.7,40.2,25.2,45.8,40.8,30.6,38.2,47.8,50.9,58.6,44.1,50.8,44.9,53.9,43.3,61.6,23.1,44.7,38.9,52.1,62.5,57.2,48.0,30.0,62.7,44.2,50.1,26.4,48.8,55.1,44.2,60.8,45.5,45.0,42.1,41.1,63.0,48.7,36.6,44.1,49.7,44.3,37.5,50.0,38.9,43.0,47.6,40.3,29.1,45.7,50.7,29.3,26.6,44.1,47.4,48.5,30.7,41.5,40.3,48.9,58.9,46.3,51.2,53.7,46.7,37.8,46.3,42.1,45.4,41.6,40.2,48.3,31.5,31.3,54.2,46.8,1,Surgical
MED-0003,55.5,59.9,52.9,54.0,66.1,59.7,59.6,79.5,73.5,67.1,62.7,69.3,70.8,61.0,69.7,75.7,64.4,61.2,66.1,54.4,52.2,61.0,60.0,56.5,58.0,51.1,53.1,62.1,76.5,62.1,47.1,70.9,59.0,56.1,67.4,64.6,82.1,49.0,74.2,64.4,55.2,57.2,61.4,61.9,79.9,66.4,56.7,53.0,67.4,63.6,52.2,70.7,48.0,61.0,61.3,45.2,69.1,52.9,63.5,52.8,50.5,68.1,74.7,53.5,55.9,63.6,73.0,39.9,69.9,64.3,87.4,83.1,72.7,59.7,52.9,67.5,53.4,58.1,44.0,61.6,51.1,60.1,61.4,63.4,55.2,65.3,75.9,53.6,46.7,56.5,63.0,82.7,68.0,55.4,58.3,65.2,0,Medical
SUR-0239,27.2,40.6,32.0,17.1,17.5,31.1,32.0,25.7,3.4,23.6,12.5,21.4,18.0,24.8,31.4,33.2,39.4,19.5,22.9,28.3,33.3,38.2,28.9,19.6,23.5,16.2,26.3,42.4,11.8,37.5,18.9,27.8,9.1,31.9,28.7,24.9,22.1,28.3,28.5,17.6,32.5,17.6,37.9,21.4,20.4,8.1,23.5,36.2,23.0,33.6,25.7,21.7,32.3,24.6,21.0,18.1,31.1,25.1,20.0,34.7,29.6,27.6,3.1,22.1,8.7,21.3,44.3,18.6,27.9,8.5,41.5,7.7,26.0,24.4,25.2,16.7,15.3,17.7,32.6,19.7,36.0,40.6,27.5,45.1,27.1,12.4,41.9,17.3,29.7,15.0,29.5,16.7,31.0,38.6,23.5,33.5,1,Surgical
SUR-0277,0.0,0.0,3.9,6.8,8.8,0.0,0.0,15.4,3.9,2.7,0.0,3.7,0.0,0.0,0.0,25.6,0.0,0.0,3.5,8.8,0.0,0.0,17.4,6.3,0.0,15.0,7.6,1.9,0.0,0.0,0.0,16.4,0.0,0.0,0.0,0.0,0.0,0.0,0.0,5.0,0.0,4.9,0.0,16.8,9.4,3.5,3.2,0.0,0.0,0.0,0.0,7.6,0.0,1.6,0.0,3.5,1.3,0.0,0.0,8.3,0.0,0.0,0.0,0.0,4.8,0.0,0.0,5.7,0.0,0.0,13.0,0.0,0.0,3.0,9.9,0.0,0.0,0.0,0.6,12.1,0.0,9.3,2.0,5.8,0.0,2.7,7.3,18.0,0.0,17.4,0.0,3.8,0.0,0.0,3.4,0.0,1,Surgical
SUR-0020,37.2,15.2,1.0,26.6,31.5,23.6,29.5,8.2,33.5,9.7,14.3,11.5,29.4,24.9,10.1,8.4,17.9,7.0,24.4,19.2,16.5,16.5,27.3,30.2,21.3,23.3,20.2,31.1,24.0,8.9,17.3,19.0,34.6,29.4,40.9,43.0,17.9,13.7,28.2,25.6,23.6,0.0,29.5,22.1,19.2,17.2,24.8,36.6,10.9,36.5,42.7,23.6,26.9,22.5,18.1,17.1,6.2,24.4,18.8,32.0,23.4,29.2,37.1,16.6,16.1,9.7,15.9,21.8,27.7,3.8,21.7,28.1,30.8,21.8,38.5,25.3,24.1,18.6,10.7,23.5,22.5,13.0,2.9,22.5,25.1,22.5,4.9,33.3,13.2,9.8,23.7,22.8,11.0,35.4,17.3,16.8,1,Surgical
SUR-0090,30.1,25.1,26.0,44.2,24.0,36.9,25.8,33.4,22.5,36.5,16.0,21.4,31.1,41.4,9.9,24.1,31.6,26.1,31.6,45.6,23.4,31.6,29.9,18.7,28.9,26.4,20.0,18.6,41.0,17.4,35.5,40.1,8.8,17.3,15.7,45.5,34.3,15.0,25.2,10.9,34.7,41.6,43.0,26.1,15.3,22.3,13.3,34.6,12.3,13.7,32.5,16.7,26.0,28.4,25.3,25.8,24.4,18.1,35.8,33.2,16.2,35.5,18.6,18.5,32.1,28.1,54.7,39.8,21.2,31.4,26.9,30.3,32.9,21.4,18.4,39.6,33.5,42.2,10.3,39.2,21.6,26.1,25.0,40.1,25.8,22.5,32.6,38.8,23.2,15.4,22.3,25.0,10.8,26.8,20.5,49.4,1,Surgical
SUR-0299,47.6,38.4,41.6,40.3,17.3,32.7,52.5,32.9,21.0,53.6,40.7,41.4,45.0,17.5,31.2,29.0,35.7,29.3,70.3,33.9,40.6,30.7,33.6,49.9,33.9,38.0,38.6,38.1,42.8,43.1,39.7,38.9,35.8,46.8,36.0,39.1,27.2,38.4,24.6,26.7,28.1,33.5,48.6,22.1,38.2,21.9,43.1,38.3,36.5,45.8,45.5,47.3,47.3,27.4,28.6,45.8,27.1,49.3,35.2,37.0,40.2,36.1,36.9,43.7,34.1,48.1,43.7,44.4,39.8,39.1,28.9,43.3,33.6,28.7,40.3,15.2,30.5,26.6,33.5,35.0,46.9,37.9,33.7,23.6,35.2,37.3,58.0,15.3,31.3,26.0,36.7,29.3,42.8,30.0,37.3,17.0,1,Surgical
SUR-0245,14.9,9.9,14.4,4.5,5.0,0.0,24.6,9.5,0.0,0.0,7.3,15.6,16.1,0.0,12.3,0.0,0.0,14.0,13.8,0.0,0.0,0.0,11.6,11.9,11.4,1.4,11.9,16.0,13.7,0.0,9.0,0.0,0.0,11.8,24.1,0.0,2.2,0.0,1.1,0.0,22.1,0.0,0.0,0.0,0.0,1.7,6.8,3.3,3.7,0.9,15.3,0.0,1.5,12.6,12.7,10.5,5.8,19.5,1.5,6.0,17.2,36.8,10.1,0.0,12.2,9.6,7.2,0.0,9.2,10.6,0.0,15.5,0.0,9.1,23.4,7.0,0.0,0.0,17.5,3.8,11.2,12.6,0.0,0.0,0.0,2.7,4.9,11.2,1.0,13.5,0.0,21.3,0.0,9.7,5.0,0.0,1,Surgical
SUR-0014,32.5,23.2,23.1,18.7,9.2,5.8,17.0,25.0,15.1,33.5,32.5,31.1,15.8,15.1,16.6,7.6,13.1,48.3,20.0,22.7,36.4,11.7,23.8,14.3,31.1,39.8,26.3,34.4,25.3,27.0,21.0,39.9,27.0,15.9,15.9,29.0,29.1,27.7,21.2,28.6,25.3,8.4,20.8,24.9,7.7,0.0,28.5,31.7,17.2,9.4,23.7,14.2,25.9,22.5,29.0,19.7,13.7,24.8,22.3,20.8,32.7,30.9,30.4,34.3,24.8,13.9,3.6,17.5,18.7,17.3,35.0,24.5,42.5,17.7,27.0,8.0,12.9,21.6,3.2,30.9,13.6,23.9,28.7,3.6,33.6,16.3,21.9,36.5,30.7,18.0,22.4,18.6,26.7,28.9,21.5,12.7,1,Surgical
SUR-0171,47.5,29.5,31.8,28.8,51.7,49.3,41.4,50.4,46.9,23.8,42.6,37.0,39.8,47.7,24.5,26.2,48.9,23.0,41.5,29.0,35.0,32.5,39.5,57.2,50.6,44.3,37.8,13.4,43.6,33.0,30.4,45.1,57.7,51.1,18.4,52.0,53.9,43.1,38.0,31.9,55.7,33.0,44.0,43.5,61.6,40.8,45.2,29.0,37.3,45.7,42.7,35.2,46.3,40.1,21.2,42.2,12.9,41.2,46.3,43.4,45.0,38.4,41.6,19.8,38.0,36.7,43.3,50.8,41.3,33.5,26.0,44.0,31.1,51.6,23.7,42.7,36.8,43.9,36.4,29.7,59.7,51.7,26.2,36.8,42.2,33.4,48.8,27.4,40.1,47.0,47.2,30.2,44.3,33.2,33.0,43.3,1,Surgical
MED-0265,29.3,18.5,20.6,29.0,25.4,17.6,21.7,31.9,32.4,34.8,15.6,23.7,22.0,22.8,34.7,21.7,8.0,27.4,4.9,17.9,11.9,6.5,39.3,27.0,21.9,23.9,24.9,38.2,15.0,23.4,13.7,8.3,29.2,27.7,19.3,23.0,27.3,18.5,19.8,16.7,25.8,23.5,32.6,23.3,21.3,25.3,31.8,28.0,23.5,18.2,23.4,29.5,20.6,32.4,44.9,34.4,18.6,16.5,29.8,19.8,21.9,17.3,26.7,26.5,9.3,18.4,33.1,26.1,41.4,20.2,26.2,14.2,21.6,12.1,38.8,13.1,32.1,28.2,17.3,21.6,0.0,29.2,26.5,34.2,22.7,23.0,36.1,12.0,36.7,30.4,32.9,10.5,34.1,23.7,31.6,22.9,1,Medical
SUR-0116,32.7,29.1,27.2,28.0,26.9,31.2,11.9,37.5,21.2,37.0,22.3,20.7,25.7,20.1,13.3,13.7,24.2,29.8,18.5,40.7,17.0,32.6,31.6,2.3,20.0,22.8,27.5,33.4,50.0,41.1,25.3,26.3,35.5,27.4,26.7,18.6,28.6,35.0,12.0,22.9,48.3,17.0,33.4,13.0,38.4,19.9,27.8,29.3,22.0,32.0,48.7,20.1,43.7,34.2,40.9,22.5,18.7,28.3,26.9,35.1,26.6,25.2,23.2,13.8,22.4,23.7,22.4,22.2,16.4,17.2,26.5,7.6,34.0,30.7,14.2,13.5,21.1,17.2,29.5,16.7,10.8,30.3,32.2,30.5,18.6,22.9,35.8,26.4,38.6,0.0,25.5,46.3,31.0,28.6,19.3,34.4,1,Surgical
MED-0330,42.1,36.2,35.1,27.8,25.2,45.7,46.6,31.3,27.5,29.4,30.8,39.3,24.1,41.5,38.7,17.8,25.3,22.4,10.4,21.5,27.2,34.8,27.9,47.4,25.1,34.4,22.9,45.1,40.9,18.6,13.5,25.4,26.4,35.3,21.6,21.1,18.9,27.6,41.4,18.7,32.6,22.5,23.4,40.4,38.4,33.9,45.0,30.7,33.9,17.3,36.2,28.5,32.9,35.8,44.4,13.2,27.9,13.6,16.0,49.2,33.5,35.8,35.0,13.7,27.6,35.8,29.7,33.0,21.5,40.1,26.0,15.4,25.3,38.0,34.7,34.5,25.4,38.2,37.0,35.6,35.2,19.5,29.2,28.7,21.8,31.2,24.6,35.2,29.3,19.8,25.2,19.6,48.4,15.3,32.9,8.7,1,Medical
MED-0343,21.2,10.2,16.7,0.8,9.6,19.9,14.0,20.8,32.0,18.7,33.3,44.5,17.4,21.5,6.8,11.0,25.5,0.0,10.2,17.5,7.2,14.0,21.9,37.6,16.9,21.5,24.4,10.6,5.8,6.2,24.5,3.4,21.9,16.5,31.2,17.4,0.4,43.5,10.9,18.3,19.5,24.5,14.9,19.0,36.2,11.3,19.3,15.7,29.5,19.1,15.0,25.6,12.8,22.4,1.2,19.8,4.1,17.0,29.2,29.3,11.4,24.3,32.7,6.2,42.0,26.6,11.0,20.1,21.3,14.2,11.3,12.2,0.0,12.4,15.3,7.9,18.2,10.9,11.5,19.8,20.4,3.7,0.0,8.6,26.1,22.4,0.0,13.4,13.1,27.2,27.3,27.8,17.5,3.2,17.8,29.0,1,Medical
MED-0395,50.7,41.8,48.8,22.2,41.1,39.1,39.2,22.6,28.8,35.5,49.4,47.5,46.9,42.3,43.3,34.4,34.9,31.7,61.6,51.2,57.2,45.9,35.3,60.3,51.3,44.5,40.6,39.7,50.9,50.7,60.1,50.0,25.5,49.9,40.8,56.0,42.6,44.2,40.3,46.3,50.3,49.6,46.0,47.9,31.6,54.9,47.2,47.0,28.2,47.2,22.5,41.2,42.4,46.9,47.6,56.6,44.7,50.4,54.0,23.2,49.9,37.0,40.4,38.3,37.4,56.4,44.6,35.5,43.9,60.1,37.8,24.8,42.3,40.3,43.2,50.4,48.8,29.0,30.8,31.4,31.7,75.9,37.4,39.2,38.8,42.9,44.1,44.8,39.5,32.3,61.5,48.1,42.6,40.3,40.8,44.8,1,Medical
MED-0080,31.3,7.3,34.4,26.1,20.9,23.8,12.7,32.1,19.8,31.0,42.6,26.1,10.9,10.0,10.8,18.3,14.2,15.9,11.1,38.6,32.6,30.8,20.6,10.1,23.0,23.1,24.0,19.7,27.4,17.5,28.0,11.5,20.9,2.8,7.1,15.2,18.2,9.5,23.3,20.1,5.7,8.9,5.3,12.4,23.0,21.5,28.0,23.8,23.9,28.3,9.3,38.6,38.6,11.9,22.3,18.2,23.1,15.9,14.1,36.6,23.3,33.6,20.9,22.9,0.0,15.6,2.3,35.6,47.9,19.4,18.6,3.5,29.2,10.3,26.7,10.2,16.3,24.7,25.1,21.2,35.6,32.9,35.3,20.8,31.1,36.3,19.2,14.6,18.6,12.9,20.0,26.3,14.9,14.8,9.5,8.8,1,Medical
MED-0149,20.7,29.4,34.5,53.5,31.8,28.8,28.5,24.3,26.7,29.3,23.4,18.3,23.2,28.7,34.8,24.9,23.0,29.2,27.3,29.2,50.2,25.4,26.4,34.6,35.2,34.1,27.7,32.8,17.3,28.9,35.3,31.9,46.0,32.3,20.7,21.3,28.2,32.5,36.8,21.1,41.6,32.6,20.3,46.9,42.4,26.0,33.0,49.3,32.0,25.4,26.4,14.7,27.4,40.0,28.3,13.8,43.2,12.2,33.3,40.0,25.8,40.0,46.0,30.7,51.6,10.7,52.4,25.7,35.8,21.8,54.3,30.2,40.4,36.2,42.7,56.4,38.2,30.6,32.8,38.5,24.8,32.0,22.7,25.4,31.9,35.0,21.7,37.5,29.2,11.7,22.0,25.6,49.5,23.7,24.3,32.1,1,Medical
MED-0351,23.5,34.5,48.6,40.3,16.0,51.2,23.0,30.1,32.6,30.8,63.7,37.4,32.8,40.2,19.1,46.9,52.0,55.3,40.5,43.7,39.8,44.9,25.2,40.9,24.8,27.9,30.6,32.0,41.5,35.6,31.5,35.2,33.7,55.9,61.2,44.3,44.8,34.8,49.5,48.9,36.7,27.8,48.4,13.8,43.8,33.3,29.5,30.1,35.2,38.3,24.4,48.9,40.2,32.8,39.5,55.3,38.5,52.5,13.2,21.9,45.4,29.3,21.2,31.1,26.3,21.0,37.0,55.5,44.5,46.3,38.5,39.3,22.5,22.7,41.6,17.3,42.9,56.2,36.9,35.1,44.4,50.8,40.8,49.2,45.9,37.3,31.8,42.9,44.2,19.0,46.1,45.5,26.8,35.3,44.5,53.7,1,Medical
MED-0383,47.8,30.6,29.2,41.3,24.2,36.8,41.3,15.6,20.3,21.9,41.6,44.7,44.1,25.8,11.9,30.7,15.6,22.7,30.5,13.5,29.8,18.5,51.6,34.5,25.0,30.4,41.3,39.4,47.2,24.6,45.3,30.5,29.7,35.7,20.0,41.5,28.8,43.9,36.1,48.8,20.9,15.6,34.4,41.0,30.6,25.6,39.3,50.4,43.2,9.5,39.6,7.0,22.5,29.1,41.7,33.5,31.9,25.3,23.6,31.6,16.6,44.8,28.9,32.9,18.4,24.8,33.9,36.8,24.8,27.9,11.9,29.2,34.1,17.1,41.6,30.6,13.7,33.5,39.4,54.9,36.8,17.7,14.6,28.8,25.4,16.7,21.9,15.8,15.6,42.5,37.6,17.5,41.3,45.8,27.0,24.6,1,Medical
MED-0441,11.7,20.6,45.6,22.5,33.8,18.6,14.3,13.9,12.7,44.4,5.6,35.3,40.1,24.2,21.9,37.5,21.6,36.2,21.4,11.7,22.4,38.7,25.0,37.5,9.6,38.4,16.7,13.1,21.4,28.0,24.1,28.3,43.9,18.0,28.4,27.1,12.4,48.2,32.5,11.0,26.3,13.1,21.8,15.5,8.7,14.2,26.4,28.3,32.8,23.1,20.7,34.1,22.9,31.9,28.2,24.9,20.3,21.3,29.2,8.2,36.6,34.1,17.0,44.2,35.6,29.2,20.7,15.8,32.7,33.2,11.2,29.0,32.4,23.7,15.5,15.6,28.4,13.9,28.2,30.4,19.9,30.6,20.2,20.5,20.9,20.0,8.7,22.9,12.9,9.9,13.8,8.1,37.7,12.0,15.7,44.6,1,Medical
MED-0310,14.7,8.1,33.4,10.4,5.5,23.8,26.7,17.7,12.9,26.1,26.3,36.1,27.3,24.1,21.3,30.0,32.3,31.1,35.1,19.3,20.6,27.9,29.0,27.1,35.5,32.2,47.9,25.3,17.2,17.0,41.3,16.8,5.2,27.8,30.7,30.3,30.2,35.1,22.7,39.6,24.1,8.7,15.2,31.2,35.8,25.7,23.6,25.0,43.3,23.9,27.8,21.5,15.9,20.7,16.2,16.1,31.1,25.1,0.0,24.9,29.9,27.2,8.0,10.7,31.0,31.5,30.4,32.1,18.7,0.0,25.9,31.1,19.3,31.0,23.0,29.1,35.9,22.4,11.6,32.9,30.3,37.6,24.9,30.0,33.4,16.0,19.1,26.4,27.2,34.3,32.0,24.9,10.8,45.6,12.8,23.8,1,Medical
SUR-0208,20.9,23.8,28.2,18.3,42.9,44.7,34.6,25.1,37.3,29.4,25.9,40.7,23.3,25.2,15.5,18.0,39.4,41.8,18.7,44.7,12.8,42.1,44.0,37.9,35.2,34.7,21.8,24.5,19.4,28.5,30.2,35.0,6.7,37.5,32.4,25.1,36.4,32.2,27.3,31.1,18.6,23.8,27.5,27.8,0.0,36.2,15.8,34.5,35.7,24.5,20.8,1.6,39.3,31.3,29.5,25.9,39.5,19.7,37.9,25.2,30.4,41.3,27.7,33.7,39.0,45.8,50.5,14.2,35.6,44.2,29.1,35.4,24.1,20.1,49.1,39.2,31.2,38.8,37.3,26.3,22.5,42.3,47.6,21.6,49.4,27.5,35.0,59.4,45.1,23.8,29.5,21.5,29.6,20.2,8.9,25.6,1,Surgical
MED-0134,33.7,15.8,13.7,22.1,5.1,18.7,25.0,19.2,35.8,8.6,13.1,16.7,25.0,9.6,3.1,20.6,0.0,12.2,5.4,14.3,0.3,32.6,12.1,8.5,16.2,7.4,5.8,29.2,11.3,6.1,31.0,17.0,18.4,25.1,6.3,18.0,6.1,18.9,0.0,7.9,27.8,24.3,8.8,22.0,4.8,21.9,21.2,29.2,22.6,12.8,24.9,17.5,20.7,8.0,20.3,2.1,32.9,5.0,20.1,0.5,19.3,37.6,18.6,9.6,23.5,38.8,12.2,17.8,32.9,5.9,6.6,0.0,26.3,4.4,0.5,28.5,10.8,21.2,14.7,0.0,27.7,19.9,8.2,2.6,17.7,8.9,4.1,10.2,22.6,18.3,21.0,37.1,16.9,11.7,24.5,11.6,1,Medical
MED-0382,0.0,11.6,11.2,0.0,3.6,35.3,23.2,0.0,0.0,16.7,4.9,10.7,15.1,16.2,0.0,17.5,22.2,7.4,0.0,0.0,13.6,10.4,0.0,14.7,13.6,25.7,0.0,4.2,16.8,0.0,11.9,23.3,22.4,0.0,1.9,4.7,9.9,4.2,0.0,16.8,12.2,0.0,19.4,15.5,0.0,8.7,0.0,11.4,7.5,13.3,19.9,0.0,14.1,3.0,3.3,2.3,8.8,9.6,11.7,6.7,26.9,0.0,0.0,4.6,14.0,25.8,19.7,10.6,7.3,5.9,0.0,11.8,0.0,0.0,18.7,3.6,8.9,11.1,18.0,0.0,8.3,15.7,6.6,8.1,0.0,4.9,11.0,1.0,0.0,4.8,25.1,6.6,38.2,16.7,0.0,0.0,1,Medical
MED-0214,33.6,47.8,61.9,52.6,31.8,34.6,36.9,57.5,31.6,50.4,50.2,42.1,42.8,58.6,31.8,41.2,36.1,45.5,57.3,16.5,21.5,23.5,35.7,41.8,41.2,41.2,54.3,49.1,42.2,34.8,42.8,35.7,38.1,39.6,43.2,53.1,62.5,34.0,34.4,42.7,40.4,32.3,41.5,37.4,49.1,45.3,39.4,33.1,27.4,38.4,66.7,38.8,53.8,33.4,5.8,58.6,40.2,27.1,35.1,38.2,40.2,30.2,53.8,19.6,38.2,38.0,38.9,22.2,24.9,47.0,47.4,29.1,32.9,27.8,47.4,53.7,33.0,48.2,43.0,35.9,23.0,53.8,37.7,47.7,37.7,36.6,32.2,19.4,42.1,44.9,40.4,32.9,36.6,26.8,32.9,40.7,1,Medical
SUR-0160,1.5,12.7,6.5,8.4,0.0,5.7,14.4,12.9,0.0,0.0,0.0,16.0,0.0,0.4,8.7,11.4,10.2,0.7,0.0,0.0,4.8,5.5,10.0,14.6,17.2,8.3,17.8,8.8,2.4,8.9,14.7,0.0,20.8,10.3,27.7,0.0,8.5,4.9,0.0,4.6,10.0,8.5,5.3,0.2,0.0,0.0,9.5,10.7,14.0,0.0,17.1,10.4,0.0,0.2,10.5,17.5,0.0,0.0,13.1,19.2,13.5,7.4,13.8,0.0,21.1,0.0,5.2,18.5,0.0,0.0,13.0,0.0,0.0,7.4,11.5,0.0,0.0,14.2,2.9,0.0,6.8,1.7,19.0,13.1,12.8,4.5,11.1,0.0,7.8,0.4,3.0,2.5,0.0,0.0,0.0,0.0,1,Surgical
MED-0056,10.6,0.0,16.4,7.7,16.3,0.0,0.0,0.0,15.1,1.0,10.2,17.0,8.7,12.6,21.1,24.1,0.0,27.2,5.3,2.8,28.9,10.2,32.7,12.7,10.0,16.4,7.8,12.0,0.0,4.0,8.4,1.1,3.6,0.0,9.1,14.0,4.6,11.0,16.3,4.1,0.0,9.9,1.4,13.3,5.5,10.8,27.3,7.7,1.1,21.0,19.3,14.8,0.0,4.7,7.7,9.6,23.4,23.3,16.1,0.0,15.0,6.7,0.0,6.3,0.0,0.9,2.6,12.0,3.0,26.5,0.0,27.3,16.8,13.5,25.6,0.0,4.8,23.6,12.7,10.0,17.0,26.4,12.0,0.0,11.8,19.2,15.7,6.6,22.9,0.3,16.7,34.2,14.4,11.5,13.5,0.0,1,Medical
SUR-0237,3.8,20.3,15.4,18.2,15.5,31.8,29.8,34.3,30.6,27.3,32.5,57.1,23.6,20.3,17.7,15.1,22.5,26.1,10.3,17.6,20.1,17.8,26.5,10.3,19.1,15.7,17.9,17.3,40.8,23.9,13.0,17.6,9.9,16.4,20.4,13.8,16.2,31.1,41.5,27.0,30.8,13.6,29.0,10.8,22.2,26.8,26.5,2.7,15.9,18.3,31.2,33.6,29.8,44.6,16.4,15.7,22.2,10.2,24.0,26.6,30.6,25.3,36.6,24.9,26.0,24.2,21.7,6.8,21.2,31.4,0.3,13.4,36.8,18.3,28.5,14.8,30.1,22.0,6.5,20.7,17.5,19.3,26.8,13.9,17.8,30.9,11.4,5.2,16.9,33.6,27.1,29.2,12.1,31.9,31.1,8.8,1,Surgical
SUR-0121,19.9,40.2,25.1,38.2,32.7,18.1,12.6,42.4,22.5,27.4,32.4,37.9,31.1,35.4,17.2,42.7,40.1,37.2,27.7,27.5,29.4,26.6,21.0,30.0,20.3,39.5,28.1,17.2,41.6,29.2,31.3,31.4,12.0,35.9,30.2,21.1,15.9,25.1,39.7,39.8,28.2,58.0,27.8,42.2,0.0,30.6,35.6,21.7,15.4,34.7,26.2,51.8,21.9,31.2,0.7,13.1,23.6,32.2,40.8,36.8,10.2,20.6,33.0,35.9,43.0,39.7,41.3,33.2,45.8,34.2,42.0,22.4,38.3,27.7,41.1,32.9,26.3,37.6,45.6,26.5,31.5,17.0,45.2,34.3,40.9,31.5,36.6,27.1,36.0,27.8,26.3,25.9,24.6,27.6,36.7,29.2,1,Surgical
SUR-0083,57.6,40.0,27.6,39.2,35.6,38.4,53.9,59.9,43.2,32.7,46.7,48.7,35.3,51.5,44.8,38.7,39.3,52.0,64.8,41.2,24.4,37.9,42.4,44.1,46.7,41.3,48.5,36.8,55.1,41.4,37.0,57.6,38.8,31.1,55.1,54.0,30.5,47.0,44.0,35.3,26.9,23.4,36.1,36.3,39.5,35.2,53.5,38.6,41.3,50.2,49.7,59.0,37.0,32.6,45.0,58.3,51.1,31.1,30.9,43.9,46.4,58.9,40.2,37.3,35.5,40.4,39.2,47.7,45.5,45.6,59.5,57.5,45.5,41.3,26.7,55.8,34.7,45.9,53.8,46.6,50.9,49.0,39.9,53.2,51.9,31.2,38.9,24.0,29.7,45.1,41.5,44.0,44.6,60.5,58.3,31.9,1,Surgical
SUR-0174,41.2,22.5,38.4,28.6,22.9,34.5,28.9,31.2,47.2,23.9,33.7,22.8,35.6,8.3,31.6,28.9,20.0,8.7,24.2,25.2,32.9,27.5,29.6,40.0,30.8,44.4,35.6,26.1,16.6,37.0,25.1,10.2,36.0,42.8,24.5,41.9,46.8,35.0,19.4,23.4,30.2,19.6,34.2,45.2,45.0,39.7,53.0,31.5,32.8,28.0,39.3,49.4,30.2,17.7,12.1,30.7,40.2,3.7,33.1,37.1,29.1,28.5,31.7,46.9,21.1,36.9,31.1,38.5,35.2,45.9,33.5,33.8,18.6,36.1,23.9,46.4,32.5,25.4,44.7,32.1,42.6,23.1,29.2,19.9,34.4,48.5,34.3,14.4,20.3,30.9,39.8,26.7,31.7,31.2,29.0,14.3,1,Surgical
SUR-0028,20.1,25.4,23.9,23.0,21.8,47.5,23.3,31.7,40.8,9.7,24.2,2.4,8.1,27.8,27.8,18.1,40.9,26.4,35.8,21.2,32.7,23.4,16.3,14.2,0.4,27.2,14.3,12.8,27.9,14.0,25.8,35.1,28.5,18.7,24.9,22.7,21.9,22.0,16.8,37.5,23.8,22.3,35.9,30.1,27.0,27.5,34.3,26.0,12.4,43.0,6.7,28.8,13.9,18.0,16.7,39.9,16.9,30.4,31.3,7.9,32.6,32.0,28.4,11.4,21.5,30.2,23.4,24.6,23.7,36.3,20.1,45.8,37.4,19.5,19.2,25.2,13.8,19.7,18.4,16.0,22.5,46.3,5.8,41.8,34.5,34.3,22.2,29.5,38.3,26.4,20.7,41.3,19.2,23.4,30.2,16.8,1,Surgical
MED-0197,5.6,0.0,6.1,0.0,20.3,29.3,15.5,21.5,17.7,29.2,27.4,17.0,14.1,8.4,18.9,19.5,6.9,6.9,5.2,0.0,5.7,0.0,21.0,1.1,21.6,22.8,23.6,9.9,30.4,4.0,24.0,8.9,30.6,15.6,6.3,32.4,0.0,0.0,14.3,19.0,15.4,14.4,19.5,15.5,18.6,21.8,1.1,22.9,15.6,12.9,0.0,8.5,18.0,14.9,0.4,13.8,19.3,11.0,9.6,11.0,15.8,19.9,0.0,0.0,11.8,12.3,19.7,4.8,19.9,16.4,4.8,0.0,14.3,10.1,13.7,6.4,3.2,16.0,19.5,4.5,15.8,1.3,0.0,0.0,24.8,21.5,0.0,5.6,1.4,6.7,17.8,0.0,14.3,23.8,0.0,23.5,1,Medical
SUR-0214,20.4,10.9,26.9,13.9,19.0,15.7,27.7,19.5,16.7,19.8,14.2,24.4,24.7,15.2,25.0,39.0,23.1,12.1,27.8,21.8,23.9,41.3,17.9,20.8,11.3,4.5,9.4,13.0,16.8,10.0,17.2,10.5,20.7,26.5,21.2,25.7,24.5,31.4,5.2,8.3,8.8,5.4,23.7,30.1,16.9,10.2,14.6,18.3,10.9,22.1,23.0,26.7,14.5,10.7,18.6,24.8,24.5,10.4,24.2,8.3,18.4,20.9,3.8,0.0,9.4,14.8,16.1,16.5,24.6,22.9,33.5,21.1,31.8,0.0,16.8,10.6,24.7,14.1,36.1,27.6,21.0,12.7,27.1,0.0,42.8,28.9,31.1,21.8,14.6,15.5,15.1,0.9,43.5,18.6,26.9,17.8,1,Surgical
SUR-0190,7.2,31.7,19.5,9.7,10.1,7.6,22.0,7.6,0.0,4.6,0.0,10.5,6.8,21.8,0.0,15.8,4.4,6.0,11.8,2.5,0.0,0.0,1.7,23.7,10.4,15.5,12.8,0.0,0.0,15.7,17.1,0.0,2.8,0.0,0.0,0.9,13.0,8.3,4.5,12.7,8.0,6.7,8.7,15.3,17.4,4.7,0.0,14.7,5.3,0.0,2.1,10.4,22.7,24.8,13.7,0.0,16.9,12.0,14.9,2.8,1.6,5.3,0.0,0.0,26.1,3.7,7.3,19.2,11.2,4.2,4.2,28.0,2.7,24.2,16.1,0.0,0.0,12.1,13.0,12.8,18.9,7.2,29.4,16.4,12.4,1.1,13.7,2.8,29.5,0.0,0.9,20.8,20.8,0.0,8.6,0.0,1,Surgical
MED-0061,39.3,35.7,15.6,32.7,25.9,9.5,13.2,45.4,41.6,30.9,10.7,23.6,40.8,33.2,27.7,24.2,29.5,37.7,25.6,22.1,39.3,28.5,25.4,22.1,41.6,8.7,24.5,22.5,44.0,14.2,33.1,16.5,22.0,38.3,25.4,22.1,14.0,20.5,25.8,29.7,19.7,40.4,24.8,18.6,30.1,32.5,26.6,39.3,13.7,37.0,27.1,29.5,25.6,38.3,23.7,13.9,24.7,24.1,24.4,22.3,24.4,29.7,12.9,17.6,10.7,32.8,11.3,30.0,46.0,40.9,34.6,32.8,18.7,23.1,34.7,20.3,30.4,36.4,45.9,24.9,21.5,34.5,22.1,36.1,14.8,21.8,7.2,3.6,32.3,29.5,40.4,39.0,31.2,28.5,8.1,25.2,1,Medical
SUR-0077,50.2,44.3,37.0,38.2,54.8,26.8,46.0,27.7,47.8,53.6,63.4,23.1,43.6,54.3,30.1,39.7,45.9,47.4,27.2,37.2,34.5,36.7,41.5,38.6,34.2,65.5,52.8,28.8,46.9,44.1,40.6,42.6,44.9,46.9,29.7,50.9,28.2,53.3,53.4,57.6,41.4,40.1,40.5,38.7,45.6,58.0,35.7,35.7,29.3,45.9,42.5,36.0,28.2,39.4,51.0,34.3,50.6,34.0,54.3,44.3,31.9,33.7,38.1,44.7,45.7,35.0,31.8,37.7,56.6,42.0,42.1,21.9,49.6,41.5,32.3,39.9,40.3,47.7,50.7,40.5,31.0,31.1,32.6,40.9,32.0,32.4,45.7,40.6,38.5,35.8,41.4,43.0,48.9,41.5,26.9,58.5,1,Surgical
SUR-0132,33.6,61.8,47.8,43.1,57.8,57.1,66.3,45.7,44.0,52.2,54.3,50.6,39.8,69.4,46.9,45.6,58.8,45.1,33.6,38.8,44.8,37.1,38.8,54.7,53.7,48.3,43.9,63.4,57.0,36.4,63.1,71.7,67.8,51.0,46.0,49.5,69.6,40.4,47.1,56.9,46.6,59.5,51.2,22.3,55.0,42.9,53.4,49.5,53.3,44.0,41.2,51.7,48.9,39.2,35.0,45.3,40.4,47.9,53.1,40.7,49.4,36.1,46.2,38.8,42.6,37.9,44.8,68.1,32.6,41.6,58.7,20.0,33.2,50.5,44.6,48.8,33.9,54.3,47.3,49.0,19.8,50.6,41.5,38.9,42.5,40.0,54.0,36.8,43.8,43.6,51.8,50.2,40.6,29.5,26.7,30.8,1,Surgical
MED-0432,12.1,13.5,21.2,18.2,4.7,0.0,8.2,16.7,0.0,12.0,18.0,15.4,11.4,8.1,1.4,17.4,9.9,0.0,0.0,16.9,16.9,13.7,0.0,5.4,29.9,0.0,24.2,23.3,1.4,11.7,0.0,10.0,22.7,11.7,9.5,7.7,21.8,18.2,17.2,13.0,4.1,21.2,0.0,8.2,6.9,12.8,5.7,4.4,0.0,9.3,0.0,18.7,0.0,2.5,17.7,0.0,4.8,0.0,25.3,2.6,12.8,23.7,7.3,18.7,1.0,12.4,22.5,11.4,13.3,20.1,14.6,0.0,19.0,0.0,9.6,1.9,0.0,12.4,9.8,15.3,10.9,0.0,0.0,13.8,24.9,12.4,0.0,0.0,12.1,0.4,2.6,0.0,10.2,19.1,0.0,16.8,1,Medical
SUR-0104,17.2,21.0,39.2,35.1,19.0,30.1,18.5,21.6,14.2,14.5,18.1,25.5,21.8,12.3,26.2,25.9,17.7,16.7,34.9,25.6,22.1,3.8,13.7,17.6,15.0,2.9,0.0,4.9,19.7,24.6,7.3,15.9,10.1,41.3,14.7,3.0,28.0,23.5,23.9,24.0,0.0,28.8,33.2,12.4,9.5,32.8,22.5,16.1,28.7,6.4,9.0,5.1,13.6,6.9,21.4,11.5,26.9,9.1,30.3,30.0,21.5,12.1,17.1,25.3,25.7,16.0,9.5,24.0,11.2,2.5,0.0,18.3,11.5,18.7,23.8,11.3,4.8,31.4,15.8,0.4,3.6,22.7,31.5,22.1,25.1,1.6,21.3,31.0,20.5,12.7,23.0,21.8,4.7,31.0,28.2,0.0,1,Surgical
MED-0443,16.2,9.5,0.0,3.1,0.0,0.0,5.2,0.0,12.1,0.0,18.4,12.2,1.0,2.3,21.5,12.9,15.7,22.0,0.0,0.0,0.0,27.0,14.0,1.1,0.0,4.8,18.6,11.8,0.0,0.0,0.0,2.4,27.6,2.8,6.4,9.3,14.8,0.0,8.8,15.0,11.5,0.0,2.8,0.0,6.6,2.9,0.0,27.1,3.2,21.0,2.9,10.2,0.0,0.0,18.5,9.0,16.5,0.0,0.0,11.6,0.0,9.0,7.3,10.0,14.3,0.0,1.9,21.8,11.4,14.0,3.4,15.7,11.8,4.3,7.6,20.0,0.0,20.7,15.2,20.3,7.1,0.0,0.0,0.0,0.0,23.9,10.6,18.8,2.4,3.7,31.2,20.5,13.0,0.0,4.2,0.0,1,Medical
MED-0437,22.7,6.3,8.9,26.3,28.4,35.2,29.6,30.4,45.3,34.1,30.4,32.6,38.1,25.3,23.6,31.8,38.5,39.9,22.7,34.9,39.9,31.1,3.7,19.3,34.8,12.4,29.4,30.2,41.6,17.9,26.3,19.2,36.1,30.7,13.1,16.9,20.9,34.6,23.4,19.2,25.8,34.2,31.0,9.9,21.3,22.5,31.6,36.7,18.1,23.8,29.3,16.9,29.8,31.1,32.7,46.5,15.9,27.0,15.2,42.5,21.7,18.0,21.7,32.2,17.7,14.5,37.7,18.7,24.7,24.6,30.6,32.6,11.1,41.2,22.5,38.4,20.0,37.6,25.4,17.9,4.4,16.1,34.6,20.6,33.4,12.3,29.1,29.8,30.3,20.6,38.9,29.1,15.8,29.8,24.8,13.0,1,Medical
MED-0248,21.5,27.9,12.3,6.5,4.7,4.9,4.7,13.9,32.1,24.6,26.8,23.0,1.2,1.0,0.5,3.1,14.5,29.6,8.8,19.0,9.0,7.3,13.7,3.8,13.8,6.6,17.7,7.5,0.0,17.7,3.9,0.6,19.4,4.6,7.7,21.3,11.7,11.7,27.2,4.1,17.9,19.4,3.5,26.2,0.0,7.6,19.5,4.1,22.6,14.5,3.7,0.0,17.6,19.7,11.6,15.4,0.0,3.4,5.0,12.6,0.0,0.0,14.3,6.5,12.9,34.3,22.6,0.0,6.4,19.9,22.2,18.0,0.0,9.1,29.4,0.0,14.4,12.1,25.9,13.2,3.0,4.3,0.0,20.0,34.5,12.2,21.4,0.0,13.6,5.5,8.9,0.0,8.5,0.3,0.0,31.9,1,Medical
SUR-0087,8.7,27.9,22.4,25.8,14.3,2.8,26.7,9.9,9.3,15.6,31.2,8.4,29.6,26.5,11.4,16.1,20.0,11.4,18.6,11.1,40.6,0.0,33.0,19.4,14.7,32.8,35.6,28.0,19.1,15.8,38.7,13.5,12.4,18.7,23.3,13.8,41.3,24.7,15.7,16.7,26.2,25.1,32.2,6.0,20.0,29.2,25.1,29.6,12.3,25.3,6.2,26.7,24.5,35.5,22.9,9.5,37.9,10.8,8.9,27.9,18.9,20.5,26.8,29.0,27.0,14.6,8.2,28.0,23.5,30.9,6.7,12.0,40.3,17.3,16.9,6.7,4.8,24.2,28.9,32.4,21.8,26.8,24.3,25.8,32.9,19.8,4.2,19.1,31.7,28.4,22.6,20.7,20.6,15.2,11.7,38.0,1,Surgical
SUR-0070,61.8,56.2,49.3,43.1,56.2,44.8,64.8,45.0,53.7,65.5,69.8,32.8,19.2,73.2,45.4,66.9,50.1,52.9,54.8,47.1,53.2,52.4,65.8,53.0,46.2,58.9,34.3,53.7,56.5,57.1,59.1,69.7,59.6,57.6,50.0,63.6,44.6,51.6,52.9,69.7,64.6,53.3,68.2,47.5,61.3,56.4,58.7,63.4,61.1,43.1,71.4,83.4,50.8,58.5,42.5,44.9,61.8,44.4,60.4,50.6,64.7,50.2,55.2,68.4,46.9,62.5,51.6,44.8,38.9,51.0,32.6,42.2,50.4,66.8,43.8,66.0,51.7,63.2,44.9,49.4,69.7,61.0,59.9,49.0,34.6,44.8,33.9,67.7,52.8,73.5,63.3,42.0,67.2,40.9,63.5,49.7,1,Surgical
MED-0091,0.0,0.0,3.6,26.9,0.0,10.8,10.4,9.5,0.0,0.0,2.5,25.7,19.9,23.5,6.9,23.9,0.0,1.9,26.0,0.0,8.7,3.7,17.4,22.1,10.6,9.4,1.3,15.4,2.2,3.5,19.5,0.0,16.1,4.7,13.4,15.9,5.5,8.1,2.9,14.3,10.1,10.0,7.7,12.8,24.0,10.7,5.8,0.7,2.9,2.0,0.9,7.6,5.4,2.3,5.2,19.5,13.4,0.0,16.4,22.0,12.6,5.0,4.4,4.0,8.5,17.5,14.0,18.6,14.6,9.5,2.9,9.8,10.3,8.3,12.9,0.0,8.3,9.1,23.4,7.6,11.2,26.3,18.7,10.6,16.6,15.9,1.4,28.4,16.1,0.0,28.6,0.0,16.0,1.6,13.8,26.6,1,Medical
SUR-0151,44.3,31.9,36.8,38.0,39.1,35.7,18.6,44.7,24.5,23.0,41.2,30.5,41.2,30.1,40.9,44.6,28.9,51.9,30.7,39.2,36.1,38.9,29.7,13.7,34.4,33.1,25.2,17.6,46.7,27.1,35.0,25.4,45.1,45.3,57.1,41.1,24.6,44.9,35.6,42.2,43.1,37.9,47.4,30.2,20.6,32.2,50.8,31.0,26.2,35.8,24.8,30.5,21.1,39.2,38.1,45.3,31.2,30.8,25.8,32.6,36.0,24.2,38.8,31.0,9.6,30.8,44.4,31.7,31.3,22.9,24.3,28.5,48.8,27.8,28.8,36.8,35.3,35.7,25.9,43.4,36.6,28.3,32.0,31.6,33.7,20.5,49.6,17.7,33.1,41.7,27.6,20.7,29.3,42.3,41.3,28.1,1,Surgical
MED-0182,14.6,0.0,10.8,0.0,9.5,9.1,0.0,3.4,27.7,0.1,12.9,0.0,12.4,0.0,15.2,8.1,3.7,15.5,5.8,7.7,0.0,27.4,15.4,0.0,10.3,0.0,0.0,1.2,5.2,1.2,15.7,12.8,6.2,10.0,12.2,16.8,10.4,3.1,6.4,3.0,33.4,0.0,11.1,12.5,2.2,5.9,5.8,2.0,0.0,0.0,9.1,0.0,14.9,2.6,0.0,9.5,0.0,0.0,0.0,7.4,8.9,17.6,10.7,17.8,0.0,19.2,7.8,8.7,8.8,3.8,15.2,0.0,9.8,0.0,10.2,15.5,9.3,17.9,26.9,26.0,19.5,13.5,3.5,13.9,0.0,0.0,0.0,18.0,0.0,0.0,12.5,0.0,0.0,0.0,2.8,0.0,1,Medical
SUR-0291,26.6,37.0,33.1,17.4,42.9,43.4,32.9,21.5,31.8,32.0,23.2,21.5,32.0,16.1,30.0,37.1,28.9,23.1,24.0,32.2,35.7,59.3,30.6,24.0,34.1,24.4,39.8,41.0,30.7,46.3,31.0,35.7,31.3,46.9,27.3,25.1,22.9,37.3,30.7,30.1,27.4,41.4,48.6,31.6,42.6,27.4,30.1,28.7,26.3,26.3,24.3,42.2,39.7,29.9,46.5,25.1,25.2,37.2,22.8,37.2,42.9,46.8,15.3,25.8,32.3,29.8,30.9,29.0,29.9,36.4,19.5,13.9,26.0,37.5,36.4,45.2,35.6,19.2,30.7,23.2,21.7,23.8,34.2,16.7,28.6,31.9,36.0,55.2,55.3,24.4,34.1,18.1,28.3,24.5,28.2,30.7,1,Surgical
SUR-0055,26.1,32.3,24.5,23.1,35.7,42.0,22.0,20.1,32.9,51.5,20.8,28.6,30.4,11.9,34.2,50.6,42.4,39.2,33.1,40.3,42.6,46.0,25.5,27.3,33.2,33.6,19.5,35.5,33.4,13.8,15.9,36.6,39.4,23.7,23.1,27.0,37.7,43.2,29.2,33.8,33.0,54.4,40.1,35.5,24.8,35.4,15.8,34.7,20.8,26.3,34.0,27.9,49.0,17.3,52.5,19.7,41.8,40.2,29.0,29.1,34.6,14.7,31.3,42.3,13.2,34.1,21.2,32.4,32.3,23.8,32.2,25.0,55.8,26.1,29.7,42.5,13.8,22.9,34.9,39.5,35.1,48.8,30.0,43.9,41.7,37.5,15.6,35.6,40.9,23.9,24.2,44.3,46.7,44.4,30.1,27.9,1,Surgical
MED-0291,4.6,6.0,30.0,15.8,1.0,18.5,33.0,28.5,3.0,37.4,33.8,21.4,17.5,0.0,5.9,11.4,6.3,10.0,29.8,17.5,15.5,16.0,15.0,0.0,11.6,6.9,23.9,17.7,16.3,23.7,15.0,7.5,0.0,18.0,9.2,8.8,13.3,17.6,27.7,0.0,23.3,2.8,17.9,15.1,9.3,14.4,9.8,16.4,14.6,23.7,19.2,12.6,21.4,19.0,23.2,4.6,16.3,0.0,23.4,15.9,12.4,13.3,22.9,34.1,1.0,18.7,5.0,0.0,0.4,0.0,16.6,0.2,16.9,21.1,34.9,19.9,25.8,16.7,15.0,23.2,30.1,18.1,0.0,33.2,15.0,11.9,8.8,13.9,26.0,18.7,16.8,15.2,27.6,8.8,12.1,23.6,1,Medical
MED-0159,0.0,8.8,6.9,0.0,5.1,0.0,4.1,0.0,0.0,0.0,13.4,0.0,6.8,4.4,0.0,0.0,0.0,0.0,1.1,1.9,18.7,0.1,0.0,0.0,4.4,2.8,2.6,4.6,0.0,0.0,3.4,17.0,0.0,8.2,7.6,10.6,8.0,0.0,0.0,3.1,0.0,3.4,14.8,0.0,1.1,5.4,0.0,9.7,0.7,12.9,6.6,0.0,16.0,0.1,6.8,0.0,0.0,6.0,4.6,0.0,0.0,0.0,0.0,0.0,0.0,0.0,2.2,0.0,1.0,9.0,3.6,0.0,8.1,9.4,3.6,0.8,0.0,5.7,14.1,11.3,0.0,8.7,1.1,11.6,0.0,8.0,6.6,0.4,3.4,2.0,13.1,10.4,10.8,0.0,13.5,13.2,1,Medical
MED-0070,25.6,18.0,23.7,22.0,14.0,4.7,15.3,7.0,0.0,0.0,14.5,19.4,0.4,9.4,0.0,12.3,31.1,23.1,29.7,6.4,20.0,19.9,19.2,22.5,16.6,10.3,34.7,0.0,10.5,21.0,1.4,26.5,11.7,8.1,15.0,21.8,20.7,15.0,15.9,10.1,15.6,18.5,8.2,17.5,24.6,9.0,16.1,10.1,0.0,4.4,5.4,15.0,25.8,25.7,20.6,2.1,18.3,12.7,5.7,1.5,21.1,7.0,10.7,9.2,35.2,0.0,26.2,12.1,2.6,26.1,21.8,17.4,30.8,6.0,17.1,17.1,0.0,4.4,14.4,20.7,10.1,19.8,15.8,8.3,9.3,21.4,4.9,0.0,9.1,4.8,13.2,8.6,7.0,16.9,22.5,5.6,1,Medical
SUR-0018,18.3,3.4,0.0,24.3,16.0,28.8,20.5,20.0,0.0,5.6,24.9,0.5,26.1,21.6,21.2,21.2,0.0,19.4,0.0,5.9,0.0,24.5,25.2,15.2,24.8,6.7,20.9,39.5,0.0,33.3,16.8,11.5,12.5,29.1,19.5,21.3,0.0,11.0,24.9,18.5,10.9,1.4,14.7,24.4,28.3,11.4,6.8,30.4,16.5,26.0,20.4,15.5,16.6,0.0,16.8,19.0,12.1,16.1,16.9,11.2,14.8,17.0,3.2,26.8,15.2,9.8,21.2,7.7,20.5,16.8,10.0,2.1,30.1,15.4,22.2,14.7,25.0,30.9,34.5,11.2,1.9,4.7,24.9,18.7,23.1,8.2,21.7,11.6,17.5,12.2,8.4,9.8,5.3,4.0,14.4,13.6,1,Surgical
MED-0132,21.0,0.0,30.8,8.2,9.8,14.2,23.0,20.1,2.4,13.7,26.9,0.0,1.2,8.5,0.0,16.5,25.5,3.3,10.5,5.5,0.0,34.5,6.4,0.0,1.8,26.3,10.2,8.7,5.4,11.7,32.5,0.0,27.2,14.6,23.7,8.9,7.2,16.5,12.7,16.1,18.8,17.2,0.0,12.8,0.0,0.6,23.7,7.3,5.4,26.3,13.6,18.8,18.1,36.1,12.4,11.3,18.3,7.3,7.2,22.9,15.8,13.3,38.8,30.8,1.9,10.4,17.4,22.1,13.5,9.8,11.8,6.5,0.0,1.5,26.2,13.0,15.7,15.9,1.9,0.0,5.9,9.5,27.4,18.3,7.8,12.0,0.0,16.5,18.0,8.5,17.3,4.5,2.0,0.0,13.3,17.3,1,Medical
MED-0045,34.6,26.8,29.4,26.0,20.2,20.2,21.2,20.9,18.6,19.2,1.2,13.5,24.0,35.6,0.0,8.8,19.0,44.4,23.9,40.1,20.2,36.7,30.6,35.1,13.5,16.3,25.3,11.7,23.4,25.2,23.8,27.1,33.4,3.0,18.9,19.7,34.7,34.9,26.7,22.3,24.9,0.0,17.3,40.2,35.5,35.3,22.0,22.7,28.4,27.1,31.4,26.0,14.4,17.7,25.8,22.4,21.8,23.6,28.1,38.2,16.3,30.3,11.1,31.2,23.3,43.2,31.1,26.3,19.2,13.7,28.6,10.2,26.8,16.2,37.8,27.4,29.9,5.8,0.0,33.2,20.9,29.6,29.0,16.1,31.7,14.9,25.6,32.8,28.6,32.3,29.0,35.4,17.9,21.2,26.6,36.3,1,Medical
MED-0071,26.3,27.5,18.2,19.3,34.7,20.0,28.1,15.5,18.7,25.4,27.4,24.2,20.0,32.1,9.8,25.3,24.2,30.1,20.3,14.7,27.4,30.1,15.0,37.9,31.8,21.5,33.8,31.2,38.3,31.7,33.8,28.1,5.6,30.8,10.3,48.2,38.9,33.5,35.0,24.5,25.9,18.9,31.1,37.3,38.2,29.5,21.3,33.7,15.2,11.4,6.1,2.0,33.8,24.1,29.0,35.0,12.9,28.6,8.9,14.0,37.3,13.9,27.0,51.0,35.3,13.2,44.1,23.0,14.6,31.7,18.9,30.1,23.6,40.4,18.1,14.3,23.9,30.2,25.0,23.2,29.5,35.0,28.3,5.4,18.9,22.6,35.2,21.5,30.7,24.3,18.3,29.0,27.6,37.4,28.9,25.1,1,Medical
SUR-0192,21.0,9.7,11.5,24.0,22.3,21.8,23.7,28.3,8.0,6.9,20.9,9.0,12.1,35.8,27.1,12.4,0.0,20.5,9.0,29.3,2.3,16.9,19.8,13.1,13.7,17.4,26.0,13.3,0.0,16.3,32.7,22.2,12.1,12.1,3.6,20.1,2.5,0.2,19.7,21.0,16.7,0.0,8.5,0.0,9.6,15.7,3.7,1.1,13.0,7.4,9.4,16.2,8.2,4.3,17.8,2.2,24.8,4.1,0.0,14.2,7.3,16.2,15.5,16.5,4.5,9.9,9.8,9.4,14.2,23.6,17.8,9.7,20.4,8.9,0.0,12.8,5.5,13.4,15.0,3.9,3.4,15.9,17.5,19.1,3.8,11.9,9.7,13.5,8.1,20.7,5.5,19.2,33.7,11.6,15.5,6.4,1,Surgical
MED-0356,7.5,3.1,16.4,14.7,10.6,2.5,33.3,22.2,11.5,38.5,33.3,6.2,0.0,0.0,34.9,2.6,23.3,25.5,14.9,16.0,12.5,15.6,3.7,22.2,25.3,19.0,22.4,31.4,21.6,14.1,20.2,26.1,7.0,13.2,0.3,20.8,10.3,28.5,13.8,16.7,2.8,40.7,24.6,24.6,11.6,5.5,12.5,31.8,17.3,10.5,12.5,6.6,27.7,19.5,8.5,0.0,3.9,25.6,12.4,13.6,22.2,30.3,4.6,8.8,19.3,27.0,28.5,21.6,13.9,16.6,8.5,5.4,22.9,18.7,15.8,0.0,20.6,36.0,0.0,18.2,23.7,9.4,0.0,30.1,19.5,14.3,23.2,9.5,27.6,7.9,16.5,7.4,21.6,35.3,36.4,23.9,1,Medical
MED-0445,3.6,0.0,37.3,24.3,18.4,22.3,39.6,19.0,22.0,8.1,20.7,22.7,12.3,10.6,4.5,33.7,37.2,13.7,21.6,13.9,30.6,12.9,20.8,34.3,16.9,11.2,17.9,5.7,15.4,15.7,11.5,24.2,21.5,20.7,29.2,17.3,23.2,16.0,23.8,28.5,12.8,2.9,22.3,24.0,21.5,22.7,12.8,6.6,31.8,37.9,0.0,31.5,37.9,18.6,13.3,18.4,4.7,15.6,23.4,19.8,10.4,34.7,29.3,34.0,27.4,26.4,12.3,36.7,5.6,4.2,25.3,22.9,26.3,15.2,28.2,19.5,33.7,21.0,5.4,29.9,10.5,18.3,12.1,3.9,21.7,35.6,21.6,16.5,30.8,11.5,29.4,19.8,29.6,32.0,36.3,20.1,1,Medical
SUR-0262,34.4,32.7,29.4,14.8,35.0,9.0,30.0,32.9,20.5,48.0,38.2,40.9,27.7,39.2,22.0,30.3,9.2,21.6,24.5,34.5,22.8,22.0,14.5,27.7,38.1,21.5,19.6,24.3,43.7,20.7,33.2,26.0,25.9,30.7,25.7,19.1,40.0,35.3,23.8,29.1,24.3,27.8,42.5,17.7,6.6,28.2,16.6,35.0,30.9,45.8,16.8,37.5,36.5,21.4,36.0,11.3,41.9,33.3,49.6,29.7,42.9,40.7,27.0,16.9,20.8,31.9,16.5,31.8,37.8,36.7,25.6,21.5,42.0,43.7,8.4,44.4,24.0,26.6,45.6,27.8,28.5,34.4,28.7,34.5,15.9,43.9,26.4,25.3,52.9,36.8,47.4,40.9,17.6,43.1,38.2,36.6,1,Surgical
MED-0136,3.6,37.0,22.8,10.8,14.9,22.4,34.7,34.8,16.6,21.4,18.3,44.0,19.4,18.2,25.8,23.5,5.5,35.9,33.4,10.7,21.7,32.4,13.9,22.9,24.2,12.2,29.9,19.4,30.9,32.1,32.4,20.6,29.7,36.4,28.3,30.7,36.9,12.8,22.4,25.1,23.4,32.9,27.1,21.6,23.8,31.8,0.0,5.7,32.4,29.9,19.6,29.5,22.0,23.5,22.6,28.6,20.2,19.1,14.4,30.6,10.4,18.8,4.6,14.1,16.2,30.9,27.8,22.4,40.7,22.7,33.4,13.8,21.1,12.8,33.8,31.1,38.1,29.3,23.2,43.4,0.0,30.5,17.2,31.0,38.7,29.2,22.3,9.2,28.6,28.9,6.5,18.6,20.4,19.6,30.8,17.5,1,Medical
MED-0083,56.7,31.0,22.3,11.9,30.3,34.7,31.5,39.7,32.2,39.6,46.8,57.0,35.0,39.9,20.5,31.1,47.6,18.8,25.2,44.7,53.4,39.8,39.7,30.9,24.6,42.6,22.2,42.2,46.1,25.8,32.4,48.5,24.2,20.0,34.7,31.2,35.8,45.6,30.3,30.4,25.0,49.9,35.5,33.3,29.8,47.5,37.4,42.8,52.8,31.1,54.7,37.3,34.7,20.3,39.3,24.7,30.0,49.0,35.0,12.3,51.9,34.2,58.9,42.5,28.7,39.2,35.3,25.5,28.3,44.0,27.3,41.4,36.3,36.7,38.8,25.4,21.9,42.4,21.3,40.1,40.1,44.9,26.7,43.0,52.9,58.7,34.7,50.6,40.1,13.0,19.3,50.5,33.3,33.9,25.0,44.0,1,Medical
MED-0166,26.4,17.4,23.7,27.0,33.5,40.1,22.4,21.8,16.7,23.9,8.1,7.5,42.8,26.0,42.9,28.5,28.5,30.4,10.7,44.2,36.2,35.8,39.3,19.8,23.7,42.4,26.1,13.1,28.8,35.7,23.6,20.4,27.8,29.1,38.9,30.8,20.8,22.2,8.6,28.2,26.0,20.2,32.3,46.0,17.6,17.2,31.1,8.2,19.9,36.9,24.2,17.4,13.7,19.0,13.4,23.3,25.0,32.0,47.5,21.4,37.9,34.9,23.6,23.7,34.5,24.2,33.6,36.2,35.9,37.2,34.4,36.9,0.0,27.9,29.8,30.1,38.0,35.8,5.7,38.3,35.0,27.4,29.1,15.4,23.9,21.6,35.0,31.2,13.8,6.4,22.4,39.4,51.3,24.1,26.6,28.1,1,Medical
MED-0165,3.5,17.1,17.5,24.2,19.7,23.9,24.2,14.1,1.8,17.1,23.3,24.5,16.9,5.0,17.9,22.1,13.5,31.3,19.2,17.9,21.1,6.3,10.9,8.2,27.3,17.6,25.1,9.7,11.8,23.7,11.5,17.3,9.1,12.7,22.8,20.4,20.9,1.4,13.8,36.1,10.1,27.0,7.1,29.5,26.2,3.2,40.1,32.8,21.2,34.6,8.1,26.3,30.3,31.1,14.0,22.7,4.1,6.1,31.2,17.4,20.4,32.0,4.0,2.7,28.8,19.3,14.7,4.7,34.9,22.1,21.1,39.3,24.1,24.0,17.6,32.2,6.8,22.6,31.8,15.4,20.5,26.3,13.2,25.0,8.3,15.5,11.0,12.5,4.1,33.7,13.6,12.9,23.0,22.8,10.0,25.0,1,Medical
MED-0029,38.5,53.4,45.2,40.1,48.2,35.2,56.4,41.9,60.4,28.6,47.7,56.1,65.8,42.0,41.5,37.7,55.0,57.4,47.9,49.7,46.5,31.0,67.0,25.9,51.1,38.3,34.9,41.8,44.0,55.8,35.5,45.1,30.1,36.3,53.7,56.8,41.4,58.2,51.0,55.4,27.7,43.2,68.0,31.2,47.3,48.4,30.5,44.8,42.7,45.4,37.2,56.4,60.6,44.1,49.9,45.5,35.3,45.3,47.6,60.3,51.0,57.7,33.0,56.1,48.2,45.5,30.8,45.0,36.2,43.2,38.2,49.0,40.2,61.2,53.1,53.1,42.6,34.3,26.1,36.4,51.0,32.5,40.1,39.8,58.3,55.1,48.1,52.1,35.3,30.7,40.8,34.8,32.4,45.9,46.3,51.2,0,Medical
MED-0449,41.1,28.1,22.9,8.4,8.7,36.7,28.0,14.7,31.3,0.0,7.2,27.9,31.8,44.0,23.6,18.6,2.7,21.3,16.3,10.3,21.6,10.6,12.4,26.7,8.2,9.7,26.9,23.8,28.3,26.7,23.7,18.4,8.8,4.3,30.8,35.7,23.2,6.3,18.2,18.2,17.4,13.1,24.0,25.1,28.2,12.2,17.7,21.3,30.0,19.6,16.9,23.6,23.2,28.5,17.9,14.2,20.2,21.9,24.5,17.6,34.8,22.4,23.9,47.0,13.5,23.4,21.3,28.1,37.4,28.3,16.8,45.7,34.0,6.7,21.1,28.7,27.6,14.7,25.5,15.9,22.1,16.5,20.5,20.7,30.1,15.9,15.4,12.9,3.7,19.8,6.3,29.2,30.2,0.0,31.1,43.3,1,Medical
MED-0194,17.7,10.2,22.3,11.7,23.7,18.7,5.1,7.5,11.6,3.1,21.8,23.0,19.3,6.4,0.7,0.0,30.3,19.7,11.9,9.9,0.9,8.3,1.6,14.2,14.7,6.1,9.4,8.7,32.6,12.1,4.1,11.5,8.5,4.7,2.9,23.3,25.6,26.4,0.0,22.8,10.6,0.0,24.0,11.8,8.2,3.8,10.0,4.9,2.6,21.1,6.0,19.7,17.5,1.8,11.4,10.2,20.4,26.7,8.5,21.7,14.1,7.8,0.0,9.2,1.3,3.4,2.6,0.3,15.9,0.0,4.7,0.0,15.1,10.2,21.5,10.7,19.6,32.4,10.7,7.1,26.1,33.1,30.0,5.0,3.0,2.8,11.1,24.2,12.4,47.3,19.6,22.0,21.1,17.6,23.4,20.6,1,Medical
MED-0240,21.7,0.0,44.7,15.4,21.0,20.8,29.0,3.9,35.1,26.9,9.5,31.8,27.2,25.5,18.6,15.6,20.1,23.0,34.1,7.5,22.4,31.5,19.0,22.2,13.6,25.1,18.7,17.8,24.6,20.6,39.4,28.6,18.3,24.6,11.7,10.0,25.3,22.8,26.4,23.2,26.3,11.1,27.3,26.5,20.9,16.5,14.8,7.8,22.2,15.4,25.4,27.9,18.9,20.8,12.5,37.7,11.0,0.0,8.5,29.8,28.4,10.6,30.9,21.0,13.9,15.1,20.6,19.7,7.3,27.3,28.0,29.7,34.4,28.7,24.3,14.1,23.6,8.0,14.3,22.4,0.0,4.8,33.4,22.1,30.1,3.0,15.9,11.8,28.1,14.5,36.2,0.0,29.5,13.1,39.8,23.8,1,Medical
SUR-0225,27.7,22.3,8.9,11.3,37.1,20.9,22.1,17.1,20.8,12.6,5.2,8.9,28.5,19.3,22.7,28.8,13.7,13.2,20.4,23.1,19.5,25.4,24.2,21.8,13.9,25.3,22.3,26.5,23.5,24.2,29.7,28.7,21.1,24.0,16.7,26.7,32.3,7.1,15.1,6.2,2.7,24.1,15.9,13.5,14.2,27.1,12.9,1.3,22.4,8.1,36.7,39.4,24.7,32.6,11.7,17.2,12.2,27.1,15.0,5.8,36.7,40.1,13.9,16.6,9.4,22.3,22.2,22.4,10.5,8.9,14.5,17.2,24.2,15.8,25.7,10.9,12.8,28.2,28.9,38.4,16.6,17.1,25.6,40.5,4.8,14.5,14.2,26.2,20.5,7.6,8.2,31.8,26.6,32.5,9.9,23.5,1,Surgical
SUR-0231,31.9,23.8,45.3,26.5,34.1,36.9,38.0,9.7,38.5,21.0,54.0,27.5,32.8,32.1,22.2,22.7,24.1,31.1,29.6,48.0,26.7,28.5,30.6,30.9,11.5,39.7,48.0,45.8,26.3,31.4,32.1,43.2,30.8,46.5,44.8,17.7,29.4,44.0,34.6,34.1,60.5,22.6,41.7,17.4,46.4,12.5,17.2,13.4,44.0,35.7,34.4,40.0,37.5,33.3,24.8,39.4,27.1,23.5,37.5,15.4,45.5,19.9,18.6,38.0,18.3,20.3,6.3,41.1,22.9,38.0,41.6,23.7,21.4,45.5,39.0,38.0,17.6,32.5,18.7,19.8,28.7,36.5,38.0,42.2,41.9,35.3,25.8,48.7,22.8,7.8,42.8,9.8,46.6,36.4,36.6,27.1,1,Surgical
MED-0137,40.2,16.2,25.1,44.8,20.7,6.2,35.5,28.5,33.8,19.8,21.0,34.4,15.7,28.5,27.4,24.2,35.5,24.3,37.4,17.3,31.1,30.6,10.4,43.8,21.8,35.4,29.0,28.5,22.7,27.7,40.7,43.4,20.8,29.6,34.2,28.1,18.9,36.9,36.7,10.1,30.7,33.6,42.3,20.2,38.6,25.2,28.0,25.5,18.2,40.9,31.7,26.1,16.3,21.4,16.0,28.8,26.4,21.0,25.6,43.8,20.0,23.6,16.6,41.7,50.7,43.8,30.3,38.1,36.2,16.3,12.2,38.0,31.6,15.9,24.7,24.2,32.7,31.1,7.3,26.8,31.0,33.1,38.8,37.6,35.7,26.8,12.1,27.3,42.5,31.7,24.7,26.0,26.4,6.2,24.0,42.3,1,Medical
SUR-0165,15.6,27.0,3.3,26.1,32.4,21.2,24.3,23.1,48.3,38.3,26.9,35.1,33.8,34.5,28.6,15.3,26.0,24.3,17.0,25.3,18.2,0.0,14.8,22.0,20.3,20.9,26.6,34.6,9.3,30.8,36.9,21.3,29.9,31.7,29.0,31.7,39.9,33.1,19.0,23.5,27.0,25.9,23.7,26.7,24.2,23.0,25.6,27.1,16.0,30.8,22.1,5.2,30.4,27.3,18.2,32.7,34.7,25.5,31.6,18.6,29.2,24.6,31.6,26.1,21.0,19.3,25.3,28.1,6.2,48.6,19.6,23.7,45.4,32.1,21.2,29.8,28.0,19.7,30.3,23.8,51.4,25.6,33.8,36.8,21.9,29.7,28.1,26.1,12.2,45.8,32.3,32.2,37.0,25.5,13.5,24.9,1,Surgical
MED-0312,34.9,36.7,40.0,43.4,45.1,21.6,45.3,29.8,56.7,23.2,41.9,28.6,54.7,47.7,24.9,52.5,43.5,25.4,46.3,39.0,37.4,29.9,60.7,28.9,38.4,28.1,52.6,39.2,39.6,61.0,19.3,17.0,34.7,55.8,37.3,39.0,22.3,52.2,23.0,28.9,49.8,31.4,36.9,36.8,25.6,58.0,47.2,34.8,39.1,36.1,40.9,35.1,39.0,33.2,24.5,40.8,46.2,38.4,28.5,41.6,43.3,16.6,30.5,48.4,20.2,38.1,30.1,47.6,36.1,42.3,39.2,46.3,24.1,48.8,39.4,42.6,42.3,30.4,48.5,27.6,61.1,48.0,49.9,11.5,31.1,36.0,26.0,32.2,39.1,29.0,44.5,55.2,29.6,54.4,39.2,39.9,1,Medical
MED-0141,23.0,12.3,47.5,36.0,47.2,31.3,15.6,21.5,25.5,31.2,24.9,17.8,41.2,14.0,33.3,36.9,22.4,21.0,25.8,12.5,20.9,20.8,30.7,37.3,13.1,33.1,12.1,32.0,30.7,12.5,34.3,11.8,26.8,29.5,41.0,26.7,27.1,34.6,6.6,17.6,21.1,22.9,39.7,21.0,33.5,27.2,19.7,39.0,39.9,41.3,11.9,6.8,27.3,16.3,25.9,17.5,7.0,23.3,43.7,39.5,28.7,21.2,29.6,35.5,34.8,28.8,12.2,0.0,15.9,32.4,24.7,34.6,19.7,19.9,31.0,12.8,41.8,26.6,20.0,31.7,17.4,31.4,31.5,24.3,39.4,24.3,9.3,18.5,38.8,6.8,23.9,25.8,35.5,30.8,32.3,38.6,1,Medical
MED-0474,10.6,12.3,0.0,26.6,28.9,14.6,14.6,18.2,22.1,29.1,28.2,18.0,16.6,15.1,11.6,9.8,17.1,3.5,24.6,12.7,27.8,14.8,22.0,23.9,0.0,12.5,25.6,0.6,32.0,16.8,11.1,21.3,18.2,9.5,18.8,20.3,20.4,16.3,9.9,0.0,2.2,16.5,27.3,19.2,19.9,23.7,0.0,13.3,24.3,31.5,30.2,28.6,32.1,6.9,23.9,20.1,12.8,12.2,28.4,15.7,10.2,34.5,17.6,16.3,18.6,35.7,21.5,30.3,3.9,31.9,0.0,24.0,27.3,10.5,12.9,12.7,22.7,33.8,28.0,11.6,12.3,19.0,18.9,0.0,24.5,11.2,7.0,18.5,12.5,18.6,19.1,30.9,15.5,8.5,10.9,17.6,1,Medical
MED-0007,40.2,53.1,53.7,52.7,57.1,39.1,68.0,62.7,66.1,31.8,48.8,66.0,47.0,54.9,45.9,65.4,43.5,66.0,60.2,41.6,55.0,38.5,34.2,44.1,53.7,47.4,59.0,63.5,44.7,55.4,51.9,41.7,54.7,34.6,71.5,47.7,40.7,49.9,70.5,41.5,50.7,61.8,50.0,52.8,57.9,43.4,59.3,40.6,61.4,41.8,63.1,40.5,41.4,57.4,63.4,62.6,44.3,51.5,30.5,66.2,30.8,52.9,49.6,62.0,46.2,36.6,40.1,46.1,42.9,55.8,43.0,48.0,29.8,42.5,57.6,34.9,48.9,42.5,21.5,31.0,51.4,63.6,37.2,40.1,43.8,35.2,51.0,50.6,49.9,59.9,33.1,45.6,42.2,51.0,59.1,56.9,0,Medical
SUR-0229,20.5,40.3,28.8,32.8,16.8,16.0,32.2,21.7,42.7,43.9,33.5,35.1,44.5,22.8,38.1,22.0,34.3,8.2,40.0,19.7,19.4,26.8,35.9,23.1,35.6,47.1,23.2,43.9,30.5,8.9,15.7,21.7,0.9,44.9,26.8,39.7,41.3,40.2,28.3,13.4,23.0,24.2,13.5,29.3,32.9,23.1,25.8,55.5,32.1,25.2,17.1,35.0,32.5,26.0,31.0,32.4,32.6,17.6,30.7,19.4,30.7,30.7,45.1,35.5,32.2,21.3,37.2,33.0,31.0,32.9,32.0,49.4,18.2,30.0,52.5,23.5,22.9,30.7,33.0,33.6,41.0,15.4,22.9,30.4,17.3,28.2,38.4,27.4,27.5,30.6,26.1,18.2,32.9,28.5,17.6,29.8,1,Surgical
SUR-0256,41.7,16.2,30.2,24.9,18.1,25.2,25.5,43.5,35.9,36.5,49.9,20.2,27.9,26.6,22.1,10.0,19.9,35.6,46.5,31.5,24.5,21.1,40.4,23.6,29.9,31.0,19.9,14.7,24.6,35.8,25.3,34.9,29.6,33.3,17.8,24.8,30.0,34.8,36.7,37.8,15.7,31.1,23.4,30.7,9.5,22.9,32.6,28.3,24.5,37.2,22.0,42.1,19.3,50.1,24.1,23.5,22.4,40.7,15.2,35.8,33.5,37.0,46.5,12.4,11.2,26.6,41.6,31.4,39.0,36.2,23.5,29.2,26.5,25.2,32.0,32.1,30.3,41.9,44.7,31.1,11.1,31.3,19.8,38.4,23.6,18.4,19.9,40.5,41.2,20.9,42.4,15.7,29.3,24.9,39.3,29.3,1,Surgical
MED-0074,47.2,15.3,33.5,32.0,36.6,42.5,30.0,31.0,39.5,24.9,37.8,41.9,24.3,42.0,32.4,4.8,34.3,29.1,35.1,17.1,35.6,14.5,39.2,22.9,30.0,46.1,28.0,32.9,15.7,30.3,41.8,16.2,17.2,29.5,27.8,22.1,27.7,33.9,34.0,16.7,16.6,42.9,23.8,34.2,40.2,45.3,28.1,45.3,26.2,23.6,30.8,32.3,26.4,21.0,19.4,29.3,19.2,27.5,21.0,38.5,33.3,46.8,37.2,26.2,55.4,26.2,34.6,46.0,28.0,19.3,17.1,4.5,33.6,32.9,36.4,28.0,22.3,22.0,44.5,23.7,28.3,23.4,26.2,15.9,27.4,11.3,32.4,26.8,31.4,36.0,30.8,32.0,30.1,24.7,29.9,15.3,1,Medical
SUR-0060,20.5,33.7,21.7,19.9,7.2,24.9,27.6,22.8,18.4,27.3,5.6,36.3,19.1,38.1,25.7,21.4,22.0,4.2,17.6,42.1,31.8,31.0,49.7,25.7,27.1,27.4,31.6,25.5,22.8,18.3,20.0,31.0,16.3,7.5,25.5,24.7,19.0,20.2,24.8,14.6,14.2,4.3,40.0,17.2,19.4,18.3,16.3,13.4,12.6,31.5,17.9,30.3,8.2,25.1,28.2,17.6,37.4,41.6,24.6,41.1,37.3,19.0,9.7,21.3,17.6,44.1,28.0,16.0,2.5,44.2,19.6,40.3,5.5,8.6,32.3,10.2,32.7,27.3,5.7,23.5,49.3,25.1,11.9,37.4,24.4,29.8,14.6,28.0,28.0,25.9,22.2,18.4,27.9,22.6,39.9,24.5,1,Surgical
MED-0300,40.3,29.9,44.9,40.5,37.8,47.9,35.7,42.7,39.8,36.1,41.0,37.9,38.0,55.6,27.0,36.7,42.0,29.9,23.2,40.3,30.9,56.4,31.5,30.2,56.8,25.1,41.3,42.9,36.0,38.0,43.4,32.1,38.5,47.8,30.7,30.8,36.9,24.9,50.1,25.4,54.8,48.4,45.7,27.1,35.4,20.7,30.5,49.6,32.5,19.0,47.4,41.5,39.7,44.1,35.0,44.4,37.5,34.3,53.4,40.8,42.3,35.0,53.9,25.6,32.6,38.4,38.7,39.2,44.5,12.7,30.6,24.5,53.4,52.5,42.2,23.3,41.5,41.7,33.2,48.4,43.9,38.5,33.5,40.0,43.0,36.1,46.6,19.0,44.5,53.5,45.9,40.3,45.8,51.1,42.1,41.6,1,Medical
MED-0146,29.3,36.4,32.8,22.7,46.6,22.0,28.2,25.3,45.5,29.7,9.1,26.6,23.3,24.4,38.2,20.2,44.4,25.0,24.0,25.9,35.7,14.1,37.6,40.3,25.6,27.3,17.7,19.0,18.5,18.3,38.3,41.7,28.8,40.9,37.4,30.3,28.5,26.4,25.4,50.4,19.9,51.7,39.8,32.7,20.1,27.6,32.8,38.7,33.3,15.4,44.0,21.8,20.8,37.5,38.5,33.0,25.5,26.0,26.8,31.4,18.4,26.3,29.6,21.8,26.4,15.0,30.4,35.4,36.6,42.2,24.1,28.3,25.3,33.5,32.3,28.6,14.0,25.4,45.7,23.1,14.5,26.9,31.0,38.8,34.3,48.9,34.1,22.2,20.9,20.2,49.1,37.0,23.8,43.8,30.4,31.7,1,Medical
MED-0293,18.7,2.8,0.0,0.0,0.0,7.4,0.0,8.3,9.9,19.3,10.9,7.2,11.9,19.2,13.5,5.9,16.5,14.5,12.1,0.0,4.4,0.0,16.3,8.1,15.2,0.0,15.7,5.5,15.0,9.1,0.6,2.8,3.2,0.0,13.1,5.6,0.0,36.0,12.3,24.3,17.7,20.0,14.6,9.5,7.6,0.0,26.7,8.3,2.8,19.6,0.0,0.0,14.1,0.0,18.3,0.0,5.3,0.4,4.1,11.9,11.7,13.5,6.8,0.0,26.7,0.0,16.4,0.0,0.0,3.7,16.5,9.1,12.6,35.3,20.3,2.0,13.9,3.5,0.0,5.8,15.0,0.0,21.3,0.0,1.8,9.7,22.5,18.6,10.5,24.1,16.4,12.3,6.4,8.2,10.1,7.2,1,Medical
MED-0235,27.6,22.9,30.7,52.7,33.6,44.8,49.2,45.2,23.3,43.2,36.6,23.6,34.8,27.9,45.3,51.1,24.1,33.9,33.7,38.7,38.4,39.7,21.5,28.0,46.9,26.5,56.9,56.0,39.2,51.4,32.7,37.3,31.5,49.0,29.7,21.0,41.2,32.7,45.2,10.3,38.2,28.2,30.9,39.4,32.9,36.0,11.0,29.5,51.6,3.6,40.0,39.6,40.6,35.5,49.9,38.5,34.0,42.6,28.0,27.1,32.7,45.4,54.4,20.0,45.8,41.4,26.5,43.8,37.1,29.1,25.5,30.8,44.2,31.9,35.8,35.0,52.4,16.9,30.8,42.4,40.0,16.2,30.0,22.8,37.4,35.3,25.1,19.3,41.1,40.4,39.3,27.0,33.4,40.0,47.7,39.1,1,Medical
MED-0221,21.8,27.0,21.0,35.2,35.2,21.5,23.6,41.8,26.1,33.1,25.0,32.5,23.5,24.7,32.1,13.5,29.9,11.4,29.5,25.2,9.5,15.9,17.1,23.6,26.5,24.8,8.4,15.7,17.9,11.6,19.5,37.2,28.8,19.0,24.5,8.1,40.0,27.4,14.6,24.6,17.5,21.4,11.6,7.3,10.7,20.8,8.5,32.8,38.1,36.7,45.6,3.7,17.8,16.3,22.6,20.0,36.0,20.3,26.3,32.0,42.3,11.7,23.9,16.7,17.4,23.0,43.1,25.4,4.8,32.7,20.8,29.5,12.9,23.1,29.9,11.9,12.3,33.7,15.5,23.8,28.0,0.0,5.5,38.3,25.2,16.7,44.7,30.9,29.5,11.4,37.3,21.7,21.8,20.0,18.4,14.1,1,Medical
MED-0451,45.3,35.0,28.3,24.5,38.4,59.7,48.8,23.0,31.1,34.4,42.9,38.8,40.4,36.3,33.3,35.5,40.9,21.3,30.4,41.7,39.5,43.5,36.3,25.5,46.9,31.6,47.8,42.7,30.7,25.9,38.9,35.8,31.1,29.0,45.0,31.6,33.4,45.7,32.2,26.8,27.8,27.2,40.5,30.0,45.9,15.9,45.3,47.9,24.2,39.2,40.6,50.7,36.8,27.8,33.5,43.2,19.1,29.7,44.1,20.0,35.5,35.9,48.0,35.4,21.5,33.1,20.1,46.9,19.3,40.2,46.5,32.5,31.2,26.1,11.4,30.1,29.9,36.5,32.9,40.7,33.7,35.4,29.3,49.1,51.0,49.5,35.7,25.2,50.7,28.6,36.5,48.1,43.1,56.3,49.1,30.4,1,Medical
MED-0381,33.0,25.9,29.8,37.3,28.1,50.9,36.3,58.6,58.3,51.2,59.9,25.5,41.1,31.2,38.8,36.1,17.4,37.5,48.1,21.8,35.2,39.3,31.6,20.2,30.7,41.2,40.8,29.3,39.5,45.2,28.1,42.7,41.0,41.9,31.3,46.2,31.5,37.0,42.1,15.3,34.4,46.1,37.8,49.7,31.7,30.5,35.7,34.6,3.4,30.3,39.8,32.9,34.0,44.1,29.5,35.7,52.4,27.0,61.5,42.7,40.7,38.8,32.3,33.6,46.2,27.0,24.6,23.6,17.0,47.5,38.5,41.4,30.5,10.6,16.6,47.3,37.4,42.1,44.1,38.2,34.2,41.7,29.4,32.3,45.8,26.2,40.7,45.3,28.7,29.2,22.8,61.7,38.6,35.6,41.8,23.7,1,Medical
MED-0133,32.5,33.1,0.7,19.0,26.1,5.1,27.9,25.3,21.5,18.6,25.1,38.8,44.8,36.8,30.5,39.9,33.1,30.2,23.2,23.2,19.2,15.3,25.5,27.8,38.4,3.3,19.5,18.4,31.1,18.3,35.2,42.2,32.6,29.2,39.1,41.2,15.6,25.1,21.0,35.4,11.5,19.2,17.9,17.1,39.4,24.5,16.2,25.2,22.9,21.0,24.0,27.7,24.5,27.3,28.1,23.3,9.7,26.6,26.1,29.5,37.2,31.1,27.6,38.0,14.5,27.6,24.2,35.9,23.3,13.2,12.9,37.3,32.1,9.6,26.2,15.9,28.5,24.4,15.6,31.4,49.9,35.6,11.6,26.1,25.7,26.2,41.1,16.8,16.8,21.1,41.8,23.5,25.5,15.1,21.8,8.6,1,Medical
MED-0376,10.8,25.4,35.0,25.8,16.1,29.7,28.1,35.7,26.9,24.5,15.7,14.6,33.5,26.0,22.2,22.1,46.4,20.0,27.8,21.3,36.0,12.9,24.9,31.4,36.1,21.7,31.8,28.3,31.3,38.1,15.5,17.5,20.5,15.5,23.9,22.5,25.7,34.8,20.7,20.0,28.9,34.2,32.6,13.6,20.3,39.7,21.9,25.2,30.2,14.7,21.2,7.5,14.0,17.7,33.4,40.0,35.3,37.5,9.9,32.7,10.6,29.3,1.6,42.6,18.5,16.9,32.2,19.3,36.4,32.0,44.3,24.0,23.3,23.2,37.8,24.5,8.6,16.6,39.7,32.2,22.5,27.0,32.5,38.3,16.4,21.7,21.4,11.4,29.2,15.2,49.3,27.8,30.1,39.9,22.2,9.6,1,Medical
MED-0405,20.5,0.0,0.0,0.3,0.0,3.9,0.0,0.0,16.9,17.0,0.0,0.0,0.0,12.1,0.0,12.2,0.0,0.0,10.0,0.0,18.4,5.9,12.0,0.0,4.1,17.0,0.0,0.0,0.0,0.0,1.1,5.3,4.9,7.1,2.0,12.6,21.1,0.0,1.2,4.8,16.0,11.1,22.0,4.1,1.4,3.2,3.0,1.3,1.7,8.1,6.3,0.0,0.0,0.0,17.5,0.0,0.0,3.9,8.8,15.3,0.0,0.0,0.0,11.9,7.0,2.1,0.0,19.0,10.1,0.0,11.2,0.0,0.0,0.0,0.0,0.0,2.9,23.4,5.5,0.0,6.8,13.5,0.0,9.9,0.0,13.2,0.0,5.7,9.9,11.5,1.9,4.8,6.6,0.0,0.0,11.9,1,Medical
SUR-0023,16.2,25.4,27.0,0.0,16.0,21.0,18.9,10.0,0.0,5.9,17.9,20.8,19.2,18.4,4.9,23.9,0.0,17.0,2.6,26.5,19.9,19.5,12.6,3.1,1.5,10.4,22.4,8.7,26.6,14.8,6.5,3.0,13.8,18.3,17.9,28.3,7.9,11.9,5.2,2.9,10.7,28.5,0.3,0.0,31.2,3.5,25.1,14.8,19.6,0.8,15.5,19.3,27.9,8.8,6.0,19.3,0.0,21.9,15.1,9.3,0.0,14.5,11.8,15.1,20.3,8.3,8.5,23.5,10.1,3.5,5.0,0.0,9.9,22.4,11.8,4.5,32.2,19.8,1.3,4.6,42.3,10.6,3.4,17.2,32.3,12.4,14.0,8.1,11.6,3.4,6.6,36.5,11.3,4.0,21.3,3.1,1,Surgical
SUR-0250,17.9,11.0,25.6,12.4,17.9,17.7,34.9,28.6,16.2,29.2,23.0,22.1,20.2,11.1,6.8,36.7,16.6,18.8,6.4,11.6,4.4,13.8,22.1,24.8,26.8,21.8,19.0,22.4,3.2,25.3,30.8,29.2,28.8,18.4,12.2,11.3,17.2,29.7,10.2,22.8,22.1,17.6,0.0,20.9,9.9,13.3,10.3,22.7,5.4,37.5,27.3,14.8,28.3,23.8,12.9,19.1,17.4,37.5,16.4,14.7,4.6,14.4,16.3,17.1,12.2,14.9,25.2,0.0,19.6,5.7,16.9,16.3,24.4,18.2,44.0,0.0,0.0,22.4,9.5,21.0,27.5,34.2,21.8,10.0,10.3,14.5,29.2,25.9,11.5,19.1,0.0,17.4,23.8,20.8,0.0,10.6,1,Surgical
MED-0427,0.0,12.6,15.8,15.5,15.9,21.7,23.9,17.5,14.3,1.1,8.2,18.2,22.1,7.1,22.0,1.2,2.1,20.8,13.3,11.8,19.8,5.7,15.4,0.0,4.8,7.5,15.2,8.3,23.3,15.1,8.8,8.1,18.5,24.0,26.5,20.3,14.8,6.1,17.0,9.2,6.5,9.9,10.0,0.0,15.5,5.4,4.6,15.1,16.7,11.8,13.2,17.1,17.0,29.0,8.3,1.7,28.1,23.4,16.8,16.7,15.8,32.7,11.8,0.1,11.9,8.5,15.4,0.0,12.5,1.5,22.4,38.5,20.0,16.8,12.1,0.2,7.0,4.0,16.7,16.8,9.4,13.5,9.9,11.6,16.7,15.2,6.2,22.3,20.3,19.0,21.1,6.0,12.0,7.8,18.1,9.2,1,Medical
MED-0042,39.2,49.7,69.3,66.3,37.8,52.8,58.4,69.3,73.0,46.7,47.2,53.6,37.1,58.8,41.0,50.2,56.8,47.4,63.2,47.8,57.6,51.9,47.2,57.9,44.6,62.2,63.3,49.5,49.8,63.1,42.7,54.7,41.8,62.8,63.5,69.4,64.3,64.8,50.5,52.6,63.0,50.8,72.3,40.3,54.8,47.9,59.9,51.9,28.6,76.4,56.4,36.5,46.9,67.2,46.0,52.0,41.5,51.3,51.3,53.1,66.8,57.4,56.5,57.1,38.1,44.1,48.7,49.9,65.5,42.5,58.7,62.2,39.2,52.9,47.4,79.8,26.3,54.9,65.1,41.4,40.4,51.6,76.4,53.2,72.1,44.5,50.8,54.8,49.9,48.7,51.9,50.4,36.2,45.9,54.0,61.8,0,Medical
MED-0496,27.3,15.6,24.4,13.8,25.7,23.5,18.6,4.7,4.7,13.5,0.0,0.0,15.8,22.5,6.2,19.1,0.0,35.1,4.4,24.6,0.3,9.1,33.0,9.4,22.8,16.2,5.9,9.3,12.2,0.0,26.0,6.7,16.8,12.3,16.3,6.8,21.4,10.4,24.3,22.9,16.0,7.1,10.8,18.9,9.2,15.0,15.3,8.4,10.0,31.3,8.4,9.6,1.0,13.0,12.6,17.2,34.3,11.3,6.5,25.3,10.0,8.6,9.7,0.0,15.5,8.3,20.9,6.3,5.4,21.0,12.9,9.0,0.0,0.0,32.2,0.0,2.0,17.0,17.2,8.5,0.0,9.8,24.8,19.0,2.2,17.5,13.3,15.4,28.7,10.7,10.6,20.1,16.8,15.8,20.2,7.8,1,Medical
MED-0109,0.0,3.6,0.0,0.0,5.7,1.5,5.7,17.9,0.0,13.9,0.0,19.1,14.0,19.2,0.0,16.5,7.9,13.1,22.5,8.9,12.5,11.7,34.5,0.0,14.3,0.0,4.6,2.5,0.0,0.2,1.5,2.4,0.0,0.0,0.6,14.3,18.3,9.8,0.0,0.0,12.0,7.7,10.7,4.3,12.5,8.7,7.2,0.0,21.0,17.9,4.9,20.7,3.4,4.9,5.8,0.0,3.3,1.8,0.0,1.6,0.0,6.3,5.1,14.9,0.0,10.4,7.6,0.0,2.4,8.1,21.7,5.1,0.0,13.4,7.3,9.9,23.0,19.0,18.1,1.7,1.5,7.6,10.2,0.0,6.5,0.0,11.3,4.8,4.8,1.9,16.5,0.0,13.2,25.7,2.8,4.8,1,Medical
MED-0345,27.7,35.5,47.9,22.3,40.2,46.9,29.2,29.6,32.1,23.3,15.9,33.9,41.6,12.7,41.5,24.7,42.7,38.6,24.6,24.0,47.3,25.1,42.4,39.3,23.0,57.2,15.0,23.6,23.6,32.7,43.9,29.3,21.3,41.1,31.3,10.6,36.5,32.0,29.2,38.8,36.7,45.4,18.5,25.6,32.8,41.0,29.1,17.5,25.5,13.4,28.8,32.8,28.1,33.4,36.0,27.2,23.7,37.2,40.0,30.9,40.3,33.1,46.9,32.0,29.4,14.9,25.5,41.2,31.6,17.4,35.0,38.2,41.3,31.1,40.1,21.2,27.1,34.6,26.5,38.6,36.8,27.9,30.5,26.8,48.5,34.2,15.9,32.5,34.5,24.5,23.3,45.6,34.3,41.8,18.8,31.6,1,Medical
MED-0057,8.6,15.1,27.4,37.6,19.1,32.2,13.8,22.0,25.0,28.4,13.0,17.2,27.8,29.1,17.9,13.3,20.9,14.1,20.6,29.1,26.8,16.4,23.6,9.6,15.7,3.9,40.8,27.6,19.4,12.9,25.9,23.2,18.8,24.6,26.5,23.3,27.9,15.8,0.1,27.1,11.8,11.9,15.5,8.5,16.2,26.3,15.7,33.8,41.6,16.2,31.0,10.7,15.4,14.2,35.7,3.9,43.8,4.2,37.1,29.0,10.7,30.0,12.7,31.6,13.9,16.1,32.4,31.2,18.7,23.2,21.0,43.9,21.4,22.6,27.7,31.8,29.3,18.5,6.2,8.0,8.2,13.2,21.5,34.4,23.7,15.9,46.8,14.5,26.3,13.1,40.7,35.7,21.8,12.0,21.4,16.6,1,Medical
MED-0260,16.3,18.9,32.6,10.6,39.2,39.7,18.1,22.2,18.7,10.1,6.3,26.4,34.6,25.7,19.4,7.5,12.8,16.7,20.4,15.9,16.0,15.3,26.5,14.6,14.9,16.9,24.7,29.2,19.9,16.7,26.5,23.3,20.3,10.7,36.1,6.9,4.2,9.4,24.3,28.3,46.1,36.0,37.1,19.8,8.3,15.8,23.6,29.6,8.4,21.9,25.5,3.6,35.4,14.7,28.5,26.8,6.2,24.0,12.7,1.0,8.9,7.0,26.8,12.6,14.8,34.2,11.9,13.8,20.2,20.6,15.0,23.2,31.6,33.4,15.7,6.7,24.4,17.3,29.8,18.5,7.1,17.2,21.4,26.3,19.1,11.9,31.6,16.4,10.2,30.8,36.3,9.0,27.7,23.5,18.5,31.5,1,Medical
MED-0480,21.8,9.0,28.9,20.9,21.3,18.2,25.0,13.2,24.8,21.7,13.2,20.6,33.4,15.4,31.0,23.7,10.9,10.0,7.5,16.5,47.2,6.6,23.2,0.0,18.5,28.3,7.0,0.9,9.2,15.8,26.0,27.9,11.9,23.5,21.3,25.2,21.9,0.1,30.9,11.0,21.0,13.1,16.7,23.6,6.2,14.6,22.5,18.1,16.7,6.4,10.3,30.2,8.9,23.0,19.1,16.1,24.2,11.9,12.9,15.4,30.2,29.8,12.1,11.0,24.0,14.7,20.2,1.0,23.6,31.5,16.3,2.3,18.3,7.2,12.9,0.0,21.4,34.4,12.2,40.3,10.2,25.6,9.3,2.8,19.8,6.9,8.5,13.5,25.5,10.2,19.6,8.7,12.8,11.1,10.8,20.2,1,Medical
SUR-0126,25.2,28.7,25.1,31.9,23.1,21.6,5.6,10.1,0.3,22.5,26.2,21.1,20.8,23.4,13.6,16.0,25.1,20.4,16.0,20.7,16.6,9.7,12.4,17.8,32.7,10.2,31.6,21.7,24.6,9.7,7.7,21.4,10.9,22.3,13.1,18.4,30.0,15.6,29.7,33.6,10.9,35.1,10.7,22.0,8.2,3.3,0.0,22.9,10.6,51.2,28.1,22.4,34.7,40.5,7.2,0.4,23.1,33.2,13.4,8.9,13.3,35.9,37.2,0.0,26.3,21.9,3.3,35.0,14.3,29.6,28.8,13.8,11.2,11.9,24.3,9.5,0.0,27.6,12.8,35.3,36.5,16.1,14.5,33.0,17.4,15.6,16.7,33.6,2.8,22.1,26.1,11.9,12.3,15.1,18.0,28.4,1,Surgical
MED-0228,34.9,36.4,22.6,21.9,31.5,34.2,43.2,36.1,33.0,13.3,9.1,37.3,32.0,18.8,20.6,24.8,25.2,22.5,36.7,38.1,39.4,36.5,25.7,37.4,14.4,24.9,50.7,46.3,38.1,38.9,16.1,43.6,2.0,23.6,27.0,41.3,31.9,35.4,38.9,40.9,25.5,44.8,34.4,29.6,2.4,21.7,40.7,18.1,29.8,37.3,38.2,42.1,36.8,38.3,36.0,42.2,22.8,44.7,42.3,30.3,22.6,39.3,12.2,26.1,28.1,16.4,22.6,29.2,35.6,27.3,21.6,32.6,27.0,43.8,50.4,32.4,30.5,24.6,30.9,31.9,34.5,23.4,24.0,40.6,26.2,8.8,28.7,42.1,44.1,2.6,32.8,28.0,14.4,27.9,43.1,40.4,1,Medical
MED-0213,47.1,40.0,41.5,50.5,29.3,47.2,41.6,51.8,36.9,40.4,52.0,52.1,25.1,11.7,49.4,39.0,48.6,47.2,34.3,44.6,30.2,23.9,28.9,45.2,37.6,51.8,37.2,35.7,21.7,35.6,33.0,38.7,50.2,32.8,55.0,40.5,35.0,61.1,42.8,32.8,41.0,56.7,46.7,38.0,35.9,27.5,43.8,28.9,31.2,46.8,45.9,33.7,36.2,43.1,56.3,47.7,42.1,38.6,16.5,13.6,39.2,29.1,46.8,30.3,47.0,44.4,34.5,34.9,43.4,50.2,44.8,40.3,51.8,55.9,30.7,64.5,54.7,24.4,57.5,37.0,51.5,38.6,33.1,34.5,38.8,48.4,37.1,31.1,40.9,49.2,41.5,49.1,33.9,49.5,31.7,30.2,1,Medical
SUR-0094,5.9,0.0,5.2,3.6,0.0,5.2,0.0,18.6,14.9,17.5,12.3,5.3,1.6,29.6,17.3,14.9,15.6,12.4,13.9,23.3,3.1,8.8,0.9,0.0,8.6,0.0,0.0,14.8,14.6,10.6,5.0,24.1,8.1,5.0,13.9,7.5,7.4,8.6,0.0,20.1,6.5,14.7,6.5,3.9,25.2,7.7,8.8,2.7,11.7,19.4,8.1,0.7,5.9,8.5,9.4,13.4,24.3,0.0,32.6,4.0,0.0,0.0,20.1,9.9,23.9,15.7,13.9,14.0,7.7,14.8,11.6,0.0,14.7,3.1,9.2,0.8,20.7,1.1,0.8,0.0,14.0,12.3,2.0,9.7,4.2,2.5,0.0,6.9,10.5,15.2,0.0,17.1,7.9,13.6,19.1,0.0,1,Surgical
MED-0333,36.6,34.5,37.8,29.0,34.4,52.4,33.7,29.9,57.4,35.2,12.0,47.2,21.9,39.3,33.6,47.5,42.4,32.7,18.8,36.5,36.9,42.5,39.6,31.6,40.2,24.6,22.4,27.1,49.8,39.2,34.3,28.2,17.3,35.5,38.7,37.5,26.8,46.7,30.3,47.3,17.6,29.0,53.4,43.7,41.7,39.6,25.6,29.2,18.6,24.5,41.6,37.2,34.4,34.9,51.9,24.2,28.0,37.7,40.1,39.8,54.6,26.6,33.2,42.8,42.4,40.8,53.6,36.6,53.7,48.2,35.0,32.1,28.0,24.2,26.7,58.7,25.0,40.1,51.8,38.5,17.6,45.4,24.0,49.4,35.7,35.8,36.0,19.4,25.0,27.5,24.4,37.6,35.6,57.2,44.9,45.7,1,Medical
MED-0025,66.5,65.7,59.9,63.8,52.2,52.5,62.2,59.5,68.9,59.2,75.2,66.8,83.8,66.2,62.4,77.8,68.7,63.8,55.0,72.9,48.1,39.4,72.6,53.6,64.8,62.3,57.6,73.0,93.2,82.8,37.6,58.5,59.1,40.5,66.6,47.6,71.3,59.1,60.8,85.6,47.2,49.3,59.3,70.7,63.5,57.1,39.9,64.5,60.1,64.1,59.2,44.3,70.1,71.4,64.0,69.4,65.9,86.7,70.8,71.0,62.2,73.5,64.4,59.7,52.4,55.5,72.6,42.9,69.4,54.5,66.1,61.1,63.4,57.0,51.6,68.0,71.4,53.4,59.3,62.5,48.7,46.4,58.9,65.0,52.4,61.5,56.8,49.5,74.2,69.1,61.4,69.3,63.9,65.2,56.1,56.4,0,Medical
SUR-0281,23.0,15.7,22.8,27.1,22.5,0.9,0.0,13.6,20.1,22.7,15.2,40.8,17.0,15.2,4.3,24.3,13.5,25.1,5.0,16.0,5.3,20.3,16.7,25.3,11.1,26.3,9.1,7.7,14.8,19.8,21.6,20.9,25.2,25.5,3.4,11.5,9.2,7.7,7.8,16.8,21.3,3.8,17.9,17.8,17.4,18.9,15.0,6.9,28.0,9.7,16.9,20.5,0.0,8.5,15.4,0.0,14.0,26.4,19.7,27.5,28.0,26.2,19.7,24.1,28.8,4.1,32.7,14.3,0.0,33.0,24.3,18.0,23.8,18.2,10.1,18.1,37.9,21.7,30.6,35.3,7.8,15.5,18.4,24.0,29.2,20.0,0.2,26.3,27.3,1.5,27.0,9.8,12.3,13.3,31.4,24.0,1,Surgical
MED-0352,13.3,13.0,27.0,17.4,33.3,24.3,38.8,13.7,18.4,15.3,27.9,28.1,11.2,3.2,13.2,22.6,30.3,16.7,25.9,12.6,15.5,17.8,7.4,8.6,19.9,25.0,21.0,35.0,14.7,26.3,0.0,5.6,6.7,19.7,1.1,24.8,43.6,13.9,21.3,42.2,43.2,15.0,13.2,19.3,25.3,17.4,24.0,34.8,5.6,38.5,27.2,17.6,21.7,7.3,14.7,9.4,12.5,21.6,23.4,29.3,6.4,0.0,5.3,31.1,30.2,26.3,6.5,31.0,9.0,40.1,41.9,40.6,35.7,23.0,10.3,9.3,20.3,15.2,14.7,20.1,10.0,30.7,20.2,11.6,16.3,14.0,6.3,15.2,0.0,22.3,13.7,32.4,39.6,22.7,6.4,28.1,1,Medical
MED-0357,24.7,47.9,7.6,7.1,29.8,43.8,49.0,37.2,21.7,27.3,24.8,12.0,28.5,21.7,20.5,18.6,12.0,23.6,41.1,32.2,26.0,44.8,27.7,22.2,12.4,43.6,32.1,40.6,36.8,22.9,39.2,39.6,15.8,27.6,29.2,37.9,16.2,18.0,11.5,25.6,34.3,32.2,20.9,9.1,38.1,6.5,25.2,17.0,40.4,34.2,30.0,6.9,24.4,17.4,43.1,22.6,14.9,24.9,32.9,25.1,30.0,25.6,29.8,35.4,30.8,31.4,19.4,26.2,20.2,15.8,11.2,40.5,28.2,22.7,22.9,38.7,26.6,38.4,48.8,15.9,28.2,20.5,32.6,39.0,38.7,40.8,33.5,24.6,30.7,43.8,27.0,40.8,34.5,38.7,18.8,36.1,1,Medical
MED-0052,34.5,20.1,21.6,12.7,23.8,28.5,43.1,25.1,18.0,22.4,23.1,24.4,20.2,22.9,9.8,34.6,28.0,21.2,33.9,25.9,12.7,10.5,14.0,26.9,21.0,17.7,19.5,20.0,29.9,36.3,34.9,19.6,10.4,35.4,22.0,5.9,31.7,18.5,13.6,27.0,15.9,12.8,26.6,17.9,45.9,16.1,6.6,3.8,7.6,30.1,26.0,12.3,26.1,27.2,47.0,18.3,23.3,28.9,21.6,9.7,16.9,16.9,17.0,17.5,31.6,46.0,23.3,20.5,18.2,26.0,11.8,35.7,34.1,23.7,8.8,30.3,30.3,24.4,5.6,26.1,34.3,5.9,33.1,24.0,13.4,11.2,7.1,2.7,3.2,21.1,28.5,28.9,32.9,28.1,27.1,7.0,1,Medical
MED-0332,29.2,17.8,42.2,28.4,27.3,41.4,34.4,41.1,40.4,31.3,16.3,42.0,14.1,31.7,33.5,33.5,34.4,25.1,25.3,40.6,31.2,35.9,27.8,27.8,34.3,30.9,16.4,36.1,33.9,35.8,45.8,31.6,31.4,21.7,0.0,10.4,22.7,35.0,17.2,15.4,8.8,20.9,11.8,19.1,36.4,21.0,21.8,22.3,26.7,20.6,16.5,24.8,23.7,25.6,7.5,31.8,26.5,22.2,29.8,48.0,20.5,26.5,11.7,21.4,22.0,8.1,24.1,14.9,32.8,36.8,23.3,29.8,24.1,17.9,49.6,15.4,43.0,30.3,37.1,30.2,31.2,22.9,16.8,40.2,14.3,38.7,10.4,24.6,24.0,34.6,14.9,34.9,28.5,7.5,27.2,27.2,1,Medical
SUR-0234,7.3,10.5,20.5,10.1,16.2,5.5,29.5,10.9,22.1,3.9,17.2,3.1,18.8,1.0,15.3,22.4,3.4,9.4,12.2,6.3,21.6,0.0,20.4,7.2,29.5,16.0,15.2,15.8,11.9,5.4,15.4,14.8,5.9,27.6,4.4,0.0,17.0,0.0,10.9,10.8,0.0,0.0,24.8,0.0,17.2,10.2,24.3,20.0,0.0,17.9,27.8,29.2,6.3,19.9,11.8,0.0,29.3,40.4,8.9,4.1,2.7,0.0,16.4,12.9,0.0,9.8,7.9,17.8,21.1,5.4,27.3,0.0,0.0,13.4,38.2,11.0,21.0,25.6,19.1,24.6,13.5,1.7,6.9,2.2,20.2,13.8,8.9,19.9,0.0,0.0,18.9,17.4,2.2,9.2,8.3,11.1,1,Surgical
SUR-0130,21.1,45.9,14.7,31.8,22.2,40.3,25.5,19.4,27.5,38.4,34.1,25.4,16.8,16.2,25.6,16.8,40.0,19.3,24.3,35.3,30.6,37.2,34.4,22.8,25.2,8.2,31.2,34.6,21.6,30.4,9.1,22.4,20.5,43.4,36.5,45.4,45.4,21.5,36.7,17.5,30.2,33.8,41.6,25.3,20.6,42.4,28.3,31.2,30.0,43.2,28.0,10.5,35.1,42.0,16.0,33.8,16.7,25.4,39.7,27.9,23.5,44.5,32.6,38.3,28.2,20.9,15.1,7.7,15.3,40.4,40.5,22.7,39.4,13.1,22.7,28.4,36.3,31.0,30.4,36.9,25.9,19.9,20.3,40.7,31.2,35.6,18.1,31.5,18.4,15.6,44.1,35.0,46.5,12.3,39.8,27.7,1,Surgical
SUR-0002,47.9,55.7,61.0,46.9,46.1,46.3,39.1,61.8,54.0,63.4,56.4,59.3,44.5,67.1,37.4,62.3,56.0,56.2,59.0,53.8,50.9,49.6,55.8,59.1,73.2,52.2,47.3,77.1,43.2,46.4,64.0,46.9,66.8,38.6,54.9,68.0,47.2,54.1,51.0,58.0,54.1,55.9,76.3,56.1,38.3,59.9,50.8,52.1,69.6,56.7,51.0,56.6,57.7,75.8,53.9,38.6,37.3,53.8,62.4,43.6,60.8,34.3,58.1,34.6,64.0,70.0,54.1,43.2,42.9,61.3,47.4,42.5,64.9,38.8,38.1,50.0,55.0,53.6,79.7,39.0,50.5,68.2,52.5,48.1,50.5,55.6,65.6,65.0,46.3,55.5,60.2,35.6,62.2,59.2,55.6,54.1,0,Surgical
MED-0335,10.5,38.7,20.7,7.8,35.3,22.1,27.5,32.6,32.8,25.8,23.6,27.8,29.4,25.1,19.3,40.6,17.3,12.6,22.0,26.7,35.6,29.4,9.0,19.9,13.4,15.5,41.6,19.7,18.0,14.4,19.9,19.2,18.9,0.3,8.6,9.0,30.1,37.2,34.3,37.6,1.4,28.7,19.4,21.9,34.5,10.4,46.7,19.2,26.2,3.1,17.3,21.7,42.3,16.0,11.8,31.3,32.0,31.6,22.5,0.0,37.2,13.6,26.3,18.5,33.9,29.2,37.4,19.2,40.3,29.2,21.5,28.5,26.2,10.8,26.0,17.2,13.0,25.2,23.3,21.1,25.4,21.2,23.1,31.4,15.3,16.3,28.9,39.4,28.5,23.2,26.2,34.0,27.4,25.7,26.4,35.7,1,Medical
MED-0286,20.2,5.0,4.7,19.2,32.0,8.5,21.8,25.1,16.9,38.0,19.8,0.0,4.6,28.6,28.7,32.1,9.6,0.0,26.4,7.0,16.0,11.4,10.5,25.3,0.0,23.4,13.7,24.3,19.1,33.2,21.5,12.0,29.9,5.4,3.6,24.7,4.7,0.9,0.0,14.5,27.7,0.0,4.6,0.0,0.2,4.6,11.6,12.1,18.4,4.4,0.0,6.3,6.6,14.6,19.0,17.6,39.9,16.5,15.9,14.6,7.3,2.2,8.5,11.3,12.8,19.6,12.9,21.6,11.2,21.5,0.0,3.4,0.0,1.5,0.0,3.0,19.6,16.5,28.1,24.0,0.0,33.4,12.4,36.8,8.2,3.5,7.7,24.8,32.7,9.7,16.5,11.7,7.6,16.9,7.1,29.4,1,Medical
MED-0019,64.4,44.9,46.7,60.4,78.2,57.4,66.4,46.4,47.1,57.1,71.2,67.5,58.7,57.3,55.5,48.7,72.2,55.9,61.0,60.3,67.5,72.0,58.9,60.4,45.6,43.2,53.2,56.1,54.1,53.6,52.6,56.7,61.5,59.3,65.4,56.3,74.0,38.7,70.8,63.0,64.0,49.4,62.5,59.0,46.9,59.0,54.6,54.3,62.4,63.5,58.5,44.6,62.0,52.2,73.5,57.8,47.1,47.0,36.7,43.6,56.0,57.3,56.0,61.6,54.1,52.1,44.4,59.1,59.5,66.9,48.5,58.8,68.0,68.1,50.0,53.3,57.5,58.8,65.6,46.3,49.1,81.6,74.4,59.6,75.5,66.8,73.4,59.0,60.0,53.1,45.8,60.7,37.0,53.6,53.9,63.4,0,Medical
SUR-0085,37.6,43.0,40.3,35.0,32.2,28.0,41.1,10.8,23.5,29.7,38.3,25.3,23.8,34.3,33.5,28.2,50.3,14.0,28.1,41.5,46.7,20.4,24.9,40.8,33.5,48.4,48.2,21.7,38.8,36.8,58.7,27.4,31.5,16.6,19.3,26.9,49.2,28.6,40.2,37.4,37.8,49.5,31.9,42.3,37.8,37.3,45.9,34.2,27.9,45.2,21.4,37.5,15.5,44.5,28.6,32.6,29.4,25.9,38.8,39.3,22.3,12.6,27.8,29.0,38.5,29.0,46.0,37.0,40.9,30.5,41.6,39.2,43.6,25.0,35.3,33.0,39.6,14.6,33.5,36.5,35.4,30.6,42.9,51.3,35.0,20.5,34.3,26.2,17.5,44.1,33.8,35.3,33.0,41.2,36.5,28.3,1,Surgical
SUR-0249,29.2,22.7,21.6,48.1,41.5,36.3,29.9,29.6,27.8,27.7,4.0,27.3,24.7,30.7,26.1,26.0,30.4,27.5,33.0,20.7,32.6,18.3,19.6,33.5,50.4,28.4,21.1,41.9,20.8,37.4,28.9,27.3,22.8,23.3,21.5,41.2,40.0,26.9,19.0,10.0,33.6,25.2,19.5,27.4,39.5,25.4,37.7,1.2,28.9,41.4,34.8,19.7,20.3,33.3,30.4,24.5,23.5,20.0,18.2,51.0,18.6,29.3,25.3,52.4,38.3,33.8,8.8,27.7,8.3,28.3,31.0,13.2,16.9,8.0,40.9,22.3,19.7,27.9,16.9,34.4,19.8,15.1,35.4,31.6,29.9,44.5,41.3,17.7,51.3,22.7,26.2,28.1,42.7,19.0,25.3,27.5,1,Surgical
MED-0084,8.7,8.6,15.9,21.3,29.4,31.7,0.0,21.9,6.6,24.0,19.2,7.6,25.9,20.6,13.9,30.8,15.7,25.5,8.5,4.5,18.3,13.0,5.2,7.5,13.9,11.3,9.9,0.0,34.3,18.8,16.5,24.4,20.0,18.8,4.4,14.9,15.8,33.3,4.1,29.6,30.6,2.3,13.3,16.3,0.0,32.6,1.7,23.5,20.3,22.4,0.0,8.5,22.6,23.1,2.2,46.1,25.7,15.2,4.8,14.8,1.9,25.7,16.8,16.3,13.7,39.9,11.7,6.4,22.4,19.2,2.4,9.0,15.3,12.4,42.4,14.0,14.7,29.7,11.3,22.6,11.4,26.3,6.6,14.3,16.7,29.3,8.5,15.3,16.3,21.4,10.1,0.0,0.3,19.7,3.7,19.4,1,Medical
MED-0062,0.0,0.0,22.3,8.4,0.0,7.1,0.0,0.0,11.0,0.0,0.0,10.6,16.5,17.8,0.0,8.4,19.4,0.0,0.0,0.0,6.3,11.2,0.0,14.8,0.0,0.0,15.9,8.3,19.4,3.8,0.0,5.1,6.4,0.0,3.6,18.6,0.0,9.8,20.6,7.9,0.0,21.1,13.8,0.0,1.5,0.0,16.5,0.0,4.3,0.3,0.0,0.0,0.0,0.0,0.0,15.0,0.0,17.2,0.0,0.1,3.9,6.9,16.6,0.0,1.4,0.0,19.8,0.0,16.2,7.3,0.0,0.0,0.0,0.0,9.8,0.2,1.6,2.6,0.0,32.1,0.0,4.6,13.3,6.6,0.0,0.1,10.6,3.1,12.3,0.0,2.0,5.5,1.9,0.0,21.2,0.0,1,Medical
MED-0463,31.3,18.6,28.9,16.3,14.6,37.4,38.7,34.5,15.2,32.1,19.2,20.9,33.0,20.6,22.0,10.7,22.4,21.0,13.2,32.3,26.3,13.3,12.3,27.4,20.8,24.5,14.4,0.0,26.6,13.7,29.9,17.5,28.9,34.4,8.6,18.3,8.6,28.2,27.0,22.7,12.7,0.0,22.8,23.9,26.5,8.2,33.3,24.2,4.2,31.1,22.3,25.9,31.4,14.6,14.4,17.1,0.0,9.1,17.8,14.7,16.2,18.0,9.0,29.0,8.3,12.7,21.7,24.0,22.9,25.7,25.4,21.0,13.0,19.4,0.0,36.4,12.7,15.2,19.8,19.8,34.4,31.3,31.3,21.7,31.1,15.7,10.2,29.4,29.8,2.4,19.1,3.1,20.6,26.6,18.9,25.2,1,Medical
MED-0292,18.9,31.6,31.1,19.5,33.5,42.8,11.4,32.1,25.0,19.8,16.1,21.4,21.8,18.8,30.3,35.5,13.7,34.9,15.6,22.6,27.0,20.4,34.3,27.7,8.8,34.5,23.4,22.9,43.8,24.2,29.6,16.8,28.0,29.7,27.0,17.3,38.1,14.4,34.2,21.8,30.7,5.2,52.2,28.3,34.5,37.4,40.6,48.7,17.9,30.1,34.1,30.1,36.9,44.2,31.1,28.1,27.8,27.8,26.6,24.1,23.2,33.5,31.0,20.5,43.7,37.4,21.2,27.5,25.7,38.4,31.5,43.4,26.4,0.0,18.3,28.2,39.2,26.1,21.3,25.1,26.3,23.0,40.1,30.2,33.9,40.7,27.6,11.9,26.4,28.9,32.9,32.4,24.4,11.8,34.1,15.6,1,Medical
MED-0448,17.1,5.3,39.9,23.8,7.6,21.7,9.9,22.7,12.4,1.6,8.0,23.6,36.2,22.4,16.9,8.2,16.3,17.6,29.5,11.0,17.6,16.9,0.0,10.0,6.5,25.6,8.7,8.6,19.8,22.9,12.6,12.4,5.9,20.6,20.5,27.2,31.7,15.2,29.4,19.1,19.4,19.2,13.5,13.2,13.4,14.1,27.8,16.7,14.6,16.0,23.9,3.4,25.2,4.6,6.3,16.0,12.2,2.4,21.8,22.8,21.4,23.6,13.8,0.0,24.8,16.7,11.3,7.8,24.7,29.6,35.3,2.9,11.2,21.3,32.5,15.1,15.8,25.9,13.8,28.2,6.1,30.9,27.6,32.4,14.6,20.2,18.9,17.7,3.2,13.7,31.0,21.3,31.5,7.7,9.9,16.8,1,Medical
MED-0183,24.7,23.8,19.8,16.7,27.5,5.9,0.0,19.5,5.2,19.6,1.2,9.5,0.0,5.9,16.2,28.1,12.6,21.9,1.8,0.0,16.4,27.3,23.4,10.8,16.7,24.3,19.9,27.6,5.6,0.0,6.2,1.5,8.8,3.8,21.1,33.3,7.4,13.1,12.8,13.2,35.1,21.0,5.3,39.1,1.9,16.2,6.1,0.0,9.4,15.4,23.2,16.6,16.8,15.5,33.3,7.5,17.1,21.1,12.7,36.2,19.9,0.0,9.6,0.0,18.3,22.1,12.8,17.7,20.7,24.2,20.1,15.2,13.7,0.0,24.3,22.4,0.0,1.0,7.9,8.1,17.2,19.0,14.9,9.9,4.1,9.1,27.5,36.8,21.3,4.5,28.0,25.0,31.6,3.2,23.0,17.1,1,Medical
SUR-0050,30.3,40.9,21.9,39.7,5.7,29.0,44.6,27.6,24.5,48.1,38.7,25.3,33.1,24.3,35.8,32.5,29.1,13.9,30.9,1.6,35.4,22.9,14.6,16.2,40.6,33.7,15.5,32.9,32.1,4.3,5.8,24.8,23.7,33.7,42.0,37.1,14.1,29.9,15.8,31.2,39.7,46.0,29.3,26.1,34.0,31.8,24.5,1.7,22.1,19.9,41.2,37.1,9.0,20.3,13.2,33.8,41.7,13.8,26.1,26.2,36.2,31.1,20.9,33.4,14.5,30.5,39.3,30.5,8.6,43.7,17.7,33.3,34.5,42.0,37.1,18.1,30.9,21.1,39.8,17.0,12.2,19.0,43.9,34.6,41.5,25.1,9.4,16.8,21.6,11.8,38.6,31.2,29.7,5.1,28.5,46.1,1,Surgical
SUR-0001,30.2,37.4,54.1,37.8,40.0,58.7,23.2,46.4,29.6,48.8,43.5,43.5,17.7,22.5,38.1,22.2,49.5,37.1,40.2,40.0,36.8,46.3,49.1,43.6,20.9,46.7,52.6,32.2,47.3,50.0,39.7,30.9,47.2,40.0,50.9,42.9,44.5,45.1,57.8,38.8,41.0,22.9,28.5,45.8,41.9,32.9,45.7,46.6,25.1,52.3,43.5,45.6,42.3,48.7,29.3,41.9,16.9,27.1,47.6,48.4,19.4,25.3,46.7,18.3,33.1,35.3,25.0,35.7,53.9,47.9,58.1,56.7,34.6,35.9,41.9,55.4,52.5,36.3,48.4,36.5,36.6,48.7,40.5,33.7,54.0,49.5,59.8,20.8,58.4,16.8,21.1,50.2,40.7,42.3,28.4,35.8,0,Surgical
MED-0224,25.5,22.6,29.3,48.6,20.6,23.3,9.8,25.4,28.6,38.3,24.3,27.4,34.8,36.3,27.5,19.1,16.7,35.5,25.2,9.3,25.4,31.5,26.5,36.1,5.1,24.8,39.1,10.5,15.9,20.4,40.5,29.5,15.2,30.2,12.7,19.4,0.0,24.2,26.9,8.2,17.4,29.7,24.6,35.0,37.4,39.5,24.2,36.2,20.4,29.9,47.9,18.5,10.4,6.9,27.8,22.1,23.4,13.8,27.0,24.8,24.8,31.5,20.6,48.5,26.4,37.7,14.0,13.8,31.5,6.2,21.1,26.3,36.9,15.5,30.6,32.3,13.2,24.7,32.4,30.0,27.0,23.2,30.3,37.7,14.0,37.7,26.4,24.8,32.4,34.6,38.6,28.7,17.2,23.3,18.7,21.5,1,Medical
MED-0425,43.0,54.2,62.5,52.1,51.0,48.0,42.7,44.9,55.8,49.4,79.3,65.8,54.6,55.6,46.4,52.0,47.7,44.0,65.6,44.8,56.0,68.5,71.7,58.8,56.0,58.0,54.9,66.8,71.7,62.5,35.9,63.0,57.9,52.7,63.2,59.8,40.9,59.0,40.8,52.9,58.0,32.2,56.5,46.5,41.7,38.9,52.6,57.7,72.0,40.3,67.9,55.3,54.9,63.7,45.2,38.4,52.6,66.3,55.8,51.9,41.1,47.1,46.4,44.0,50.4,61.2,63.6,46.4,47.3,51.0,53.2,42.3,57.3,47.5,64.2,42.4,48.0,51.8,50.2,74.9,59.8,62.1,36.8,44.6,55.9,55.5,56.9,49.2,33.0,37.5,61.5,35.7,45.1,37.7,43.7,62.0,1,Medical
MED-0468,3.3,4.9,1.2,0.0,21.6,0.0,0.0,0.0,0.0,0.0,0.0,0.0,0.0,4.5,6.5,8.1,0.0,0.0,1.6,11.5,0.0,0.0,0.0,10.6,0.0,4.7,0.0,0.0,17.2,14.7,10.8,7.8,1.5,0.0,20.4,0.0,4.1,8.1,7.2,0.2,14.7,0.0,0.2,10.6,4.3,2.7,0.0,0.1,0.0,0.0,0.0,2.3,16.2,0.0,0.0,0.0,4.7,0.0,0.0,0.0,0.0,0.0,3.9,0.0,0.0,18.1,2.2,7.0,13.3,0.0,0.0,8.2,1.9,10.3,0.0,1.0,0.9,0.0,0.0,0.0,2.9,0.0,10.4,11.7,13.4,0.0,6.0,8.6,0.0,0.0,0.0,0.0,3.4,16.8,8.9,0.0,1,Medical
MED-0320,16.0,26.6,23.4,20.6,12.9,10.9,25.8,48.9,20.0,21.6,20.4,13.4,19.7,24.6,17.3,16.8,16.3,17.8,24.4,12.6,30.2,21.7,22.1,36.6,31.2,13.4,26.6,54.3,10.5,32.3,9.8,28.0,41.9,18.2,25.9,25.4,25.1,38.0,18.0,31.9,19.7,27.1,26.1,36.5,43.4,10.3,26.0,27.8,27.3,19.3,29.1,35.3,33.6,13.9,47.8,36.8,25.6,30.8,18.6,36.7,14.6,30.3,17.7,10.8,13.1,18.6,26.1,25.3,29.9,18.6,36.3,29.7,15.0,24.3,6.9,38.9,16.8,17.7,35.6,28.6,35.0,38.1,14.0,23.6,19.4,18.8,18.7,16.0,21.8,19.3,36.0,18.9,12.4,12.4,17.4,19.3,1,Medical
MED-0329,31.6,35.5,42.8,40.7,29.9,14.1,36.9,19.6,42.6,46.0,46.0,44.2,42.6,47.0,18.8,37.6,22.5,32.5,47.7,30.4,18.4,30.1,40.3,21.1,37.6,39.8,45.9,42.6,31.3,33.6,42.0,42.9,40.4,30.2,59.4,34.5,34.8,43.6,28.2,40.3,28.4,35.7,26.3,38.6,45.7,35.4,39.3,39.6,29.7,21.2,12.7,43.0,32.1,35.7,41.3,19.8,25.7,29.8,45.0,30.1,44.3,19.5,34.2,41.0,45.8,28.5,32.6,24.7,32.7,36.1,41.1,52.1,39.3,29.6,31.9,31.9,37.1,43.0,25.7,6.6,26.7,34.2,14.7,56.7,29.4,13.0,43.3,31.2,33.9,30.8,35.6,43.4,36.9,28.7,46.7,24.9,1,Medical
MED-0444,48.9,51.5,53.8,57.8,61.0,53.9,47.9,30.3,43.5,43.0,35.1,49.8,46.2,62.6,31.2,35.3,55.6,56.4,48.7,42.5,59.0,44.5,66.9,49.6,43.2,47.2,39.5,57.4,33.9,49.1,49.5,51.2,52.5,65.1,40.4,51.0,47.3,65.4,31.0,48.8,42.4,54.5,41.4,40.2,30.4,52.7,36.2,44.7,53.3,37.0,47.3,29.9,59.8,41.9,56.4,50.3,45.4,58.7,46.7,35.3,42.9,49.8,33.2,41.8,52.3,45.4,43.6,50.8,57.1,48.3,42.2,32.6,63.2,58.1,58.3,57.6,55.2,45.6,57.2,39.6,45.2,40.4,48.3,60.2,46.7,39.6,48.3,48.3,53.1,37.1,41.5,30.3,48.2,37.5,59.9,33.9,1,Medical
MED-0494,15.0,3.3,0.0,6.2,2.4,0.5,10.4,14.2,20.6,15.2,0.0,12.2,6.6,0.0,30.0,7.6,17.8,7.4,0.3,20.3,9.5,27.4,10.5,10.6,0.0,5.8,5.0,13.0,5.4,15.2,6.3,13.1,2.5,15.3,16.5,14.2,15.6,0.4,6.3,3.8,2.0,18.2,16.7,3.0,13.7,0.0,0.0,4.1,0.0,6.9,10.0,0.0,13.1,27.0,20.5,0.0,9.2,8.8,24.5,27.3,34.9,13.4,10.4,15.8,13.5,0.0,9.0,7.0,4.4,0.0,11.9,0.0,9.9,30.1,6.8,0.0,3.6,1.0,30.3,1.0,21.2,28.4,9.6,32.5,14.2,14.3,0.0,8.3,0.0,1.7,9.6,12.9,2.7,1.9,4.9,6.8,1,Medical
MED-0177,14.2,28.7,21.3,4.1,30.2,2.3,26.0,24.7,33.5,38.2,0.0,5.4,28.7,30.8,22.9,40.9,32.9,26.8,18.4,16.4,29.2,23.7,27.0,10.6,11.5,14.6,4.4,26.8,19.9,40.3,11.8,13.6,7.6,14.3,32.9,13.8,34.3,24.5,23.2,24.1,9.0,14.5,10.3,22.0,22.5,38.6,19.1,12.4,33.2,22.3,0.0,15.2,23.2,31.7,19.5,19.8,27.2,10.8,39.7,8.7,19.9,23.4,37.9,10.1,39.1,28.1,4.5,14.7,5.5,37.3,17.9,31.6,0.0,14.2,16.5,19.0,0.0,20.3,23.1,34.4,23.5,15.6,19.0,28.2,12.4,13.0,30.4,11.3,33.3,29.4,10.5,18.0,5.8,20.3,12.2,11.2,1,Medical
SUR-0177,11.7,14.7,12.9,15.3,1.9,24.4,14.2,25.3,26.5,17.6,9.3,16.6,8.2,27.5,36.8,3.9,0.0,43.7,21.9,3.9,25.3,9.7,28.1,25.8,0.0,15.4,3.1,7.8,19.5,10.2,13.1,0.0,0.0,28.1,18.1,17.3,8.4,12.3,18.5,15.2,20.0,19.4,18.2,19.7,41.4,32.2,21.1,22.8,18.4,33.8,30.2,28.0,28.6,28.8,8.9,24.1,8.9,14.4,11.2,4.8,6.4,12.3,19.6,38.2,9.1,0.0,7.3,28.5,12.1,23.9,20.6,0.0,4.1,7.0,23.6,1.8,5.2,18.6,8.5,16.0,0.0,17.3,2.6,7.1,0.4,28.4,0.0,0.0,15.9,19.7,19.5,11.6,10.2,34.4,7.1,26.0,1,Surgical
MED-0364,0.0,0.9,5.9,0.0,3.0,4.5,3.2,3.9,6.0,0.0,0.0,3.8,6.6,0.0,0.0,0.0,0.0,0.0,7.1,20.4,4.0,0.0,12.0,5.0,14.4,8.7,12.7,6.9,1.2,32.2,7.2,0.0,6.1,0.0,13.7,0.0,16.4,16.7,6.5,0.0,8.4,8.9,12.2,0.0,2.9,4.4,0.0,18.2,0.0,10.0,1.5,8.8,3.5,0.0,4.6,23.0,10.7,0.0,0.0,8.2,2.5,6.3,0.0,0.0,9.6,11.2,6.3,0.3,13.4,1.1,0.0,7.8,22.9,3.9,0.0,15.8,0.0,7.7,7.7,19.6,0.0,0.0,0.0,17.7,0.0,0.4,7.2,0.0,0.0,2.0,0.0,19.0,0.0,0.0,2.2,0.0,1,Medical
MED-0164,34.7,1.6,21.9,2.8,26.9,33.4,10.1,18.1,14.0,0.9,15.9,32.7,13.8,25.2,23.2,13.6,17.2,18.3,11.1,19.5,4.0,19.1,2.2,37.1,16.6,19.4,17.4,28.4,18.5,20.2,21.2,31.0,19.3,6.8,25.3,25.1,15.1,16.8,24.4,20.6,19.0,19.2,20.1,4.2,0.7,11.1,22.5,16.1,24.1,23.2,43.6,19.7,17.2,22.2,0.4,16.5,16.5,7.1,19.4,12.0,2.4,22.0,29.8,10.7,6.0,6.7,28.8,19.7,22.1,7.1,16.8,26.8,5.4,29.8,24.0,20.8,36.0,16.4,0.0,0.0,21.9,14.1,19.6,31.4,6.0,24.3,20.0,12.4,25.8,4.4,24.9,23.4,0.0,11.5,20.0,29.0,1,Medical
MED-0249,21.2,22.9,11.6,21.6,9.1,33.7,40.9,25.1,9.4,19.0,14.3,35.0,32.6,19.3,20.5,29.8,30.6,12.3,15.2,21.5,15.8,24.5,5.3,10.3,17.7,24.7,27.9,7.3,0.0,6.9,0.0,12.5,23.7,25.3,16.7,33.2,8.7,8.3,31.8,0.0,1.9,24.8,19.1,11.0,4.1,19.0,20.8,18.0,24.7,21.4,6.1,21.5,19.1,0.5,13.0,28.2,0.2,19.5,15.5,34.3,26.7,7.8,8.6,40.4,15.1,32.2,9.7,11.9,9.9,13.3,18.4,27.0,13.7,29.9,2.8,0.0,9.0,29.2,14.4,26.1,12.9,14.6,31.6,16.7,20.7,18.5,18.8,9.3,19.3,17.0,38.1,5.4,33.1,16.6,31.7,13.7,1,Medical
SUR-0019,9.9,11.7,30.3,0.0,25.8,12.0,1.1,26.4,16.8,26.7,27.3,24.5,16.4,16.8,28.4,23.7,25.6,17.1,34.7,31.7,28.5,14.7,27.9,32.0,16.7,15.3,9.2,15.9,26.7,6.2,45.7,22.5,13.8,13.1,30.9,18.6,19.4,26.2,32.7,24.8,39.2,10.0,31.0,30.8,17.6,18.8,39.1,31.1,22.0,23.1,3.7,6.0,9.5,34.9,32.1,33.0,21.0,23.6,20.8,18.3,37.7,24.0,25.2,19.5,26.7,34.8,0.0,31.5,37.6,26.7,6.1,24.3,31.4,19.1,22.8,33.6,29.6,31.1,31.7,26.8,47.0,33.8,31.9,34.1,31.9,21.8,30.2,34.8,49.2,26.7,18.2,21.8,29.8,18.7,11.8,34.9,1,Surgical
SUR-0211,29.5,29.4,23.5,26.8,42.0,32.1,28.9,20.0,34.6,32.4,32.8,43.6,33.7,29.0,27.9,38.9,47.9,33.0,33.8,36.8,16.2,29.5,26.7,28.8,28.4,29.1,38.6,25.4,16.1,23.0,19.9,24.1,32.7,25.9,27.5,28.5,28.4,35.3,28.2,22.1,5.1,36.7,18.8,15.5,21.1,19.1,21.2,26.0,19.4,22.2,23.3,17.6,34.3,36.5,28.0,25.7,33.5,31.8,32.1,25.4,29.3,29.6,30.1,38.0,22.0,33.3,39.8,34.3,34.0,32.2,30.3,21.5,26.2,2.1,26.0,29.8,36.7,27.8,19.3,19.2,20.6,21.2,32.0,41.4,23.5,29.9,29.9,27.3,18.3,36.8,17.2,40.0,33.1,19.3,27.5,48.6,1,Surgical
MED-0075,34.4,22.3,37.7,29.0,27.6,35.1,28.3,16.4,9.0,41.2,14.5,3.8,28.1,36.9,27.0,41.3,38.0,14.2,34.8,34.2,32.8,11.1,44.5,0.0,41.9,33.5,13.1,18.6,27.0,35.5,16.0,36.1,10.1,18.8,28.3,20.5,7.8,19.2,17.0,23.0,19.2,22.0,19.0,26.3,29.3,20.5,1.1,37.4,16.6,33.1,27.6,21.6,26.2,16.8,26.6,36.4,36.7,22.7,22.1,24.9,22.3,4.7,37.8,25.3,41.8,34.2,36.0,30.8,42.0,29.1,19.3,12.5,23.4,25.1,26.3,32.1,38.1,31.0,38.1,33.2,22.5,24.0,32.8,23.9,23.4,36.7,20.4,29.2,57.2,28.9,18.0,26.2,34.9,35.3,38.0,14.8,1,Medical
SUR-0144,17.8,16.6,32.4,28.0,18.0,1.3,14.2,33.6,12.9,30.3,12.8,9.4,7.2,13.4,24.2,25.3,27.8,9.0,16.5,20.4,20.2,6.9,18.3,18.8,6.2,9.2,0.0,0.0,16.4,20.6,16.6,19.0,10.3,9.7,14.5,13.4,3.2,15.4,17.4,9.8,0.0,20.3,14.2,14.5,5.0,12.5,20.0,15.8,16.4,6.4,0.0,6.1,14.7,10.7,14.8,21.1,18.5,9.9,11.6,4.0,14.7,24.6,14.8,10.8,13.9,9.1,0.0,18.2,0.0,8.9,12.9,31.6,0.0,22.3,0.0,3.9,37.6,22.3,14.2,7.8,15.3,29.3,18.4,11.4,25.7,7.2,9.5,24.4,22.8,1.8,19.5,29.9,23.6,9.6,11.8,6.8,1,Surgical
MED-0406,45.3,43.9,16.7,24.8,21.6,40.5,26.6,39.3,27.7,33.1,25.4,24.5,19.0,32.1,40.6,18.4,20.3,16.7,17.6,37.6,36.4,23.9,31.0,21.9,33.1,17.4,21.0,41.0,44.0,25.7,33.5,49.5,25.8,34.1,33.1,37.9,13.2,44.2,35.2,29.7,43.6,31.8,27.1,35.1,33.5,42.0,36.6,42.3,26.2,40.1,24.4,36.4,29.9,22.6,50.2,51.5,44.5,30.1,31.8,16.5,26.2,18.9,34.7,10.2,11.6,27.4,40.7,35.1,33.9,27.4,31.9,55.3,21.9,43.0,6.2,35.2,35.1,34.0,33.6,39.9,20.5,39.2,32.7,25.0,23.6,34.2,40.8,22.6,36.8,32.8,38.4,29.9,17.4,44.4,45.7,11.6,1,Medical
MED-0105,21.0,10.5,27.6,0.0,0.0,26.4,18.0,2.6,1.6,14.3,10.5,14.8,17.6,33.6,4.4,26.6,11.1,36.2,16.7,12.7,3.1,8.9,12.0,18.1,21.2,19.3,9.7,0.7,15.5,20.8,24.9,17.5,17.6,24.7,20.8,12.0,0.0,26.5,11.3,10.5,4.8,2.8,18.4,15.1,9.4,22.7,4.0,31.1,23.1,22.6,20.6,19.7,24.3,19.4,21.0,14.7,31.1,32.8,1.9,16.5,18.7,24.5,9.2,6.8,7.6,16.3,40.8,11.8,28.6,16.5,14.9,33.3,10.5,5.6,25.5,6.4,21.1,12.4,10.9,19.8,33.0,15.6,17.1,3.7,9.6,31.0,16.0,34.1,14.3,31.9,0.0,14.0,25.9,21.8,13.4,19.5,1,Medical
MED-0115,36.9,17.8,30.2,10.1,12.9,41.3,37.3,24.1,36.6,31.9,51.1,26.5,42.9,32.9,37.2,18.8,31.8,37.9,38.0,32.1,27.8,36.2,35.6,29.9,53.6,29.3,39.6,26.9,35.9,23.4,49.6,23.8,32.5,41.5,45.2,18.4,11.8,26.6,6.0,39.0,25.1,29.4,28.2,27.3,41.7,48.4,41.7,31.4,32.3,14.1,36.7,26.7,6.3,33.8,37.8,24.6,28.7,28.6,32.5,21.2,31.2,17.0,35.2,31.8,30.8,25.3,25.6,38.8,36.9,4.1,9.9,48.4,26.5,48.4,39.0,40.7,25.1,34.7,30.5,35.2,28.8,34.2,25.9,13.2,42.7,43.7,38.2,29.3,55.1,45.1,38.7,31.1,33.1,30.6,40.8,42.4,1,Medical
MED-0301,18.2,28.2,9.9,24.9,44.4,26.9,18.2,36.1,29.5,28.5,38.2,24.9,21.2,42.1,28.7,27.5,40.1,38.7,30.8,30.2,13.1,50.0,31.8,3.2,42.0,24.2,38.3,48.6,38.9,27.9,37.7,22.2,30.3,21.5,15.3,43.2,31.3,26.9,26.4,35.8,35.6,42.5,42.6,31.5,31.1,28.9,47.4,33.8,22.1,31.9,26.1,15.0,30.2,23.7,17.7,15.9,40.4,27.4,32.0,39.8,22.8,47.5,28.6,39.3,28.1,27.2,24.6,39.7,27.6,30.5,28.8,34.4,29.5,37.6,20.2,39.6,25.6,9.3,7.8,29.3,16.4,52.0,44.2,37.2,37.8,22.8,25.1,41.7,22.8,39.4,11.8,31.0,26.4,27.8,46.3,9.5,1,Medical
MED-0093,44.8,19.3,31.9,26.6,3.1,25.5,23.3,32.3,17.3,25.5,27.2,36.1,35.5,27.0,25.0,13.9,25.8,29.3,11.1,30.7,33.7,13.3,39.0,22.5,23.0,29.8,33.0,48.8,17.1,25.4,27.6,20.6,27.4,23.4,15.9,14.9,28.5,15.3,36.2,27.6,40.3,27.8,17.8,15.2,30.0,32.7,28.7,32.1,43.6,42.9,11.2,45.6,40.7,12.2,12.5,18.4,18.1,25.5,32.0,28.0,27.9,20.0,17.4,34.7,26.1,29.4,19.7,5.4,29.1,31.0,25.9,31.7,31.0,33.7,27.8,14.4,38.9,32.8,51.2,11.8,29.6,28.6,33.4,37.7,13.1,40.7,41.9,26.0,37.5,24.8,37.4,23.5,22.5,28.0,33.9,30.1,1,Medical
MED-0412,26.4,12.6,29.8,23.9,40.5,44.0,17.0,24.2,14.2,13.0,16.7,27.2,36.2,28.7,19.6,22.3,12.0,17.0,33.2,12.5,16.4,7.7,19.2,26.1,23.7,16.8,25.4,12.5,18.4,35.7,22.3,30.2,30.2,15.9,24.6,9.5,15.8,19.9,19.1,32.5,39.5,13.9,1.7,27.9,33.2,24.8,21.4,26.8,39.1,19.6,39.5,26.1,11.8,35.9,18.4,21.5,33.2,50.1,10.2,14.9,30.2,33.0,28.5,21.6,20.0,0.0,20.6,20.6,20.9,20.7,24.1,34.9,29.4,18.5,18.7,14.5,23.9,35.3,29.8,27.8,28.6,22.1,25.4,6.6,15.8,26.9,23.5,28.0,40.4,31.6,25.2,0.0,13.2,18.7,20.6,12.6,1,Medical
MED-0090,17.1,10.8,25.8,8.1,32.8,0.0,31.0,18.7,14.0,24.7,22.7,16.2,24.7,0.2,37.3,32.3,17.8,25.1,24.6,4.8,20.3,23.4,18.7,10.0,21.6,32.2,13.1,10.4,24.0,22.2,10.6,33.3,30.3,22.2,34.0,12.3,14.7,24.0,30.8,28.8,29.8,12.8,34.4,15.7,10.5,30.5,26.2,21.2,12.1,11.9,16.5,20.3,29.8,25.2,28.9,21.0,14.3,28.8,52.4,22.0,18.3,29.9,20.0,19.0,24.3,16.3,29.7,11.4,13.3,18.3,31.2,19.9,27.6,0.0,24.2,19.3,29.4,22.0,22.6,14.3,10.0,23.9,7.9,41.1,11.4,14.3,11.7,22.1,10.1,21.4,21.2,23.2,12.4,26.2,9.3,5.5,1,Medical
SUR-0029,31.6,22.6,32.6,17.5,21.5,29.5,38.7,16.2,54.1,28.4,11.3,38.6,26.6,53.4,18.1,34.7,50.6,39.0,42.2,35.4,38.3,30.9,29.3,43.1,0.0,28.3,47.6,33.4,16.0,30.0,34.6,22.6,39.4,40.0,19.6,35.9,26.9,50.2,24.7,43.8,28.6,46.8,28.9,19.1,28.5,36.9,41.0,36.6,53.7,25.8,25.6,33.0,40.8,24.0,27.2,45.0,47.3,31.7,23.5,22.6,23.0,27.8,39.8,24.6,35.9,17.5,40.0,30.2,28.8,25.3,22.7,44.9,29.0,32.7,32.6,32.8,42.6,23.2,20.6,33.3,26.1,20.4,45.2,19.9,23.9,38.2,27.1,33.4,3.3,56.4,24.8,32.7,31.3,37.7,30.8,37.6,1,Surgical
SUR-0235,30.4,36.2,31.4,39.6,33.6,16.3,20.1,31.0,43.7,14.3,36.7,32.9,19.2,32.8,25.2,33.1,22.8,35.4,38.1,33.2,19.6,25.2,16.2,34.4,33.4,36.1,40.5,25.5,21.5,29.7,30.1,33.8,34.3,23.6,23.7,29.1,23.8,28.0,38.2,23.3,27.5,41.9,22.9,51.2,29.6,31.8,24.7,32.9,38.2,45.5,18.7,18.7,17.4,22.7,29.1,28.1,22.5,14.8,17.3,32.3,30.9,30.9,42.4,13.8,23.5,28.4,31.2,28.5,34.1,8.0,14.4,36.3,23.6,36.2,29.4,24.8,33.3,21.4,31.5,24.3,12.9,37.3,41.8,22.3,10.5,27.9,37.9,28.8,21.8,22.2,21.0,37.2,29.4,17.3,38.2,21.7,1,Surgical
SUR-0244,48.5,47.6,44.9,41.3,28.8,21.5,41.2,50.4,43.7,19.3,21.9,11.8,46.5,48.8,35.5,50.0,45.4,51.7,46.1,39.0,43.4,40.9,29.9,43.3,42.2,38.1,42.7,47.8,36.4,40.7,21.3,45.6,25.5,37.6,34.0,36.5,49.3,23.2,24.3,36.9,45.2,53.9,40.4,27.7,40.8,37.1,55.9,51.6,32.0,30.5,43.7,33.8,31.4,25.3,25.4,23.3,40.5,28.7,43.8,15.1,45.5,18.5,31.4,40.6,40.8,5.4,40.8,50.0,29.7,55.9,20.6,33.5,29.6,42.3,19.3,34.5,22.5,34.6,33.4,42.4,39.1,44.1,29.4,41.9,47.3,44.5,42.4,49.2,44.1,43.0,44.9,22.8,48.8,14.9,24.6,30.6,1,Surgical
SUR-0076,32.7,21.4,4.6,23.1,21.4,52.3,30.0,19.9,27.3,2.8,43.5,34.7,22.9,16.5,27.8,29.4,23.6,3.4,37.5,33.9,25.3,19.2,40.7,20.7,29.3,17.4,35.3,26.5,32.1,22.6,0.6,11.0,27.0,22.9,22.0,29.3,16.9,28.6,48.9,41.4,29.4,4.8,22.3,16.6,17.9,32.2,8.7,11.5,27.6,25.6,1.4,20.8,12.6,29.2,32.0,21.3,11.3,4.0,14.6,13.6,21.7,26.1,19.5,13.7,22.6,19.2,39.5,16.8,36.8,37.1,27.0,30.1,22.7,18.6,30.6,6.0,18.0,27.2,26.4,20.7,7.7,32.8,41.2,7.3,16.4,32.6,29.6,16.9,47.3,17.9,29.0,20.9,36.8,6.3,39.5,34.5,1,Surgical
MED-0498,5.9,3.3,25.8,0.0,15.4,5.0,0.0,30.1,0.0,16.5,7.9,9.2,10.8,14.8,7.5,13.5,0.0,17.4,1.5,10.9,15.3,0.0,13.4,32.8,15.0,20.9,19.7,17.1,3.3,24.0,8.8,17.8,18.1,7.9,0.0,16.6,5.9,16.7,0.0,27.3,27.9,25.2,11.7,18.3,23.7,11.7,0.0,9.4,18.0,16.3,21.5,16.0,23.2,6.2,21.8,11.6,6.4,19.0,34.1,2.0,7.0,20.0,29.3,9.6,0.0,14.1,3.4,7.3,13.1,13.5,22.7,4.1,18.9,0.0,24.4,10.1,23.4,14.8,34.4,7.9,10.9,27.9,23.4,20.8,36.1,35.3,13.2,11.4,0.0,25.1,27.2,1.4,10.1,22.5,3.3,23.5,1,Medical
MED-0495,0.0,29.0,13.8,34.9,26.2,20.9,13.7,7.1,11.3,0.0,11.2,22.8,22.1,16.0,3.4,11.5,19.1,25.0,19.0,16.9,15.9,7.5,13.6,7.4,10.6,14.3,20.4,0.0,13.2,11.8,0.0,12.0,36.9,13.3,21.7,11.0,8.2,21.4,21.6,35.6,9.3,22.3,6.6,2.8,38.2,22.1,18.0,28.9,3.7,17.4,0.4,19.3,23.1,12.7,26.5,9.8,4.4,10.6,25.5,3.4,18.6,23.8,34.7,18.8,27.3,17.1,29.1,17.7,21.1,19.9,15.3,6.7,8.1,17.6,12.0,17.2,17.9,20.5,27.5,1.6,19.2,19.8,12.7,8.8,14.3,27.3,22.3,12.9,36.1,19.5,17.8,11.3,8.3,11.5,12.7,25.8,1,Medical
MED-0012,50.6,63.7,56.0,57.7,87.6,65.4,71.3,71.3,39.6,59.6,50.8,56.7,58.9,45.3,68.4,62.1,64.6,56.6,78.4,66.5,52.1,58.1,68.7,75.1,49.5,64.8,70.8,57.0,54.5,63.1,65.0,71.1,59.1,43.0,54.8,61.1,63.3,57.0,70.9,77.7,77.4,68.7,60.4,63.2,66.5,58.9,70.0,76.5,51.6,69.4,72.4,62.0,58.7,58.7,80.3,62.6,66.2,64.2,60.1,72.9,57.8,56.0,74.5,68.1,66.3,61.1,63.2,52.0,64.6,72.4,52.3,60.0,72.2,58.3,73.5,80.7,34.3,65.4,79.7,73.2,47.9,77.5,68.1,60.3,66.8,67.5,67.7,60.0,69.3,66.4,45.2,69.8,52.1,67.2,57.4,51.3,0,Medical
MED-0434,0.0,3.3,13.4,2.2,0.0,0.0,13.6,0.0,24.1,28.6,22.1,24.0,14.9,16.0,23.6,11.1,7.5,12.4,14.2,13.4,5.1,8.6,35.1,6.8,21.2,15.1,14.9,5.3,4.6,20.4,9.3,20.6,7.5,32.0,14.5,9.9,10.0,16.9,16.6,18.5,3.7,10.9,10.8,8.2,19.3,11.9,15.3,17.5,23.3,23.1,13.9,15.1,17.6,2.7,0.0,13.2,15.7,21.4,20.8,22.1,27.2,20.4,18.9,0.6,13.2,24.4,17.6,0.0,9.8,10.6,3.7,25.8,20.1,14.8,26.1,7.6,30.2,31.8,9.1,17.2,31.0,23.6,25.4,19.8,24.3,23.8,9.4,9.8,21.0,17.8,21.1,18.1,10.0,21.7,26.3,14.2,1,Medical
MED-0044,11.9,16.6,16.5,38.0,8.3,26.7,20.5,26.7,31.9,26.5,25.0,22.9,21.9,34.6,35.0,12.5,22.9,18.8,44.5,19.9,29.0,17.8,28.7,11.0,7.5,33.6,12.7,16.8,26.6,26.4,17.3,21.7,9.3,23.0,23.5,16.9,7.4,17.3,28.5,37.9,15.2,23.0,24.2,9.5,9.7,23.5,10.9,12.8,22.6,25.1,4.5,24.1,14.8,13.6,16.6,9.3,19.6,0.5,28.9,9.5,29.4,10.0,24.8,16.4,4.0,34.4,22.8,37.1,32.7,18.1,8.1,20.7,23.2,15.1,0.0,13.7,12.4,15.5,24.6,33.0,21.4,39.3,22.1,3.4,34.1,21.1,18.3,16.7,0.0,15.4,17.3,26.1,23.8,7.8,16.6,25.2,1,Medical
MED-0043,70.6,70.2,78.7,65.0,87.1,55.4,53.3,81.8,75.9,67.6,62.5,69.1,57.4,60.9,69.8,74.8,67.6,49.6,62.7,52.3,55.3,72.4,66.1,83.4,56.9,78.0,72.4,88.2,94.5,77.4,70.7,65.8,53.3,50.7,84.2,64.6,66.0,70.1,75.4,67.9,78.1,63.4,52.8,59.3,61.3,60.4,46.4,51.9,55.8,62.1,46.5,61.4,50.3,85.2,75.5,73.3,87.2,62.7,71.2,53.5,51.9,60.2,74.4,75.9,75.9,69.2,67.0,69.5,61.8,48.8,86.9,81.9,59.5,83.2,66.1,73.5,48.1,59.4,63.6,59.1,69.3,73.1,68.8,60.4,61.6,56.5,58.0,63.8,60.8,81.6,66.5,64.7,58.3,47.8,75.2,70.5,0,Medical
MED-0168,0.0,0.0,8.4,0.0,11.6,8.0,6.3,0.0,8.9,7.1,0.0,0.0,0.0,0.0,11.2,1.0,0.0,3.7,4.2,2.8,0.0,7.4,0.0,5.7,7.4,3.7,19.6,4.6,11.3,0.0,0.3,0.0,0.0,0.0,9.4,13.7,5.8,0.0,33.5,9.5,11.4,3.4,5.0,0.0,0.0,14.8,0.0,0.0,12.0,0.5,0.0,8.9,13.2,15.2,0.0,13.6,2.9,9.1,6.8,19.0,3.6,4.8,6.3,0.0,0.0,0.0,26.1,0.0,0.0,13.0,0.0,21.7,10.0,7.6,11.9,0.0,8.0,11.8,9.8,8.8,0.0,0.3,6.5,0.0,1.5,7.5,0.0,0.0,9.7,0.0,28.0,5.2,10.2,4.2,6.8,6.5,1,Medical
SUR-0204,45.5,50.3,60.0,27.9,45.7,48.1,40.2,32.2,53.3,41.7,40.2,55.7,58.3,33.0,52.3,43.1,38.9,47.8,52.2,39.2,43.7,42.0,43.4,32.0,47.6,41.6,51.0,32.9,48.0,50.5,61.0,41.4,39.3,32.1,43.0,46.3,56.1,36.9,30.4,59.4,50.3,44.5,41.0,45.5,31.2,51.0,41.7,33.4,36.2,43.2,53.9,41.0,44.7,31.5,36.1,56.8,34.5,41.6,38.3,43.7,40.3,33.6,47.0,42.6,56.7,44.7,48.4,55.8,28.0,62.9,43.8,43.1,42.4,40.8,31.0,46.8,51.3,35.7,42.7,46.0,56.6,44.3,42.2,45.3,49.7,36.8,40.5,54.4,49.7,39.7,42.4,47.2,63.1,41.3,48.7,47.5,1,Surgical
SUR-0114,27.9,17.8,26.7,36.2,31.4,11.9,18.3,39.0,26.8,19.6,27.1,6.0,45.6,26.1,32.0,18.2,33.3,31.3,41.1,39.6,11.8,29.9,30.2,24.1,23.3,25.9,27.5,44.6,19.8,15.2,38.4,38.2,16.6,23.2,45.8,41.4,27.9,40.8,30.9,20.8,11.8,31.6,37.3,24.9,16.1,42.5,33.9,29.5,16.9,35.9,18.3,20.6,31.4,17.2,29.0,30.9,27.7,2.4,37.9,29.6,25.8,25.2,36.3,25.9,44.0,26.4,33.8,52.6,16.7,44.2,32.9,48.4,41.1,32.3,34.3,16.6,44.9,14.6,13.6,37.3,18.3,37.7,22.4,16.5,21.7,47.2,9.9,25.7,27.9,31.5,33.1,35.6,26.9,29.4,41.5,34.7,1,Surgical
MED-0413,13.5,29.5,0.0,12.8,21.8,10.5,20.4,21.7,30.2,9.5,35.7,6.2,24.4,15.0,32.4,12.3,22.4,24.8,17.8,0.0,6.2,18.2,7.1,23.9,33.9,24.0,24.2,42.9,11.6,19.6,33.1,25.3,44.5,15.1,32.2,16.5,21.5,29.4,29.9,0.2,5.2,33.9,23.0,15.2,31.5,18.4,11.3,30.6,10.1,29.9,16.3,32.8,9.2,37.2,27.1,11.6,23.4,30.4,26.1,20.4,32.0,16.2,12.0,12.8,1.1,33.1,28.3,24.7,11.2,18.1,24.5,27.4,11.8,14.8,22.9,32.0,28.9,0.0,27.3,25.4,27.5,2.8,20.8,17.2,23.7,28.2,19.6,16.5,28.8,19.3,15.6,18.1,57.6,14.9,25.1,27.0,1,Medical
MED-0179,18.1,20.1,30.9,16.3,16.1,16.6,17.2,20.1,21.2,12.3,11.0,9.8,15.3,18.8,19.9,29.1,0.0,0.0,14.0,32.2,25.8,21.4,18.8,25.3,20.2,0.0,24.9,23.7,11.3,18.7,21.3,19.9,10.1,8.1,2.7,8.1,44.3,4.9,14.6,10.8,0.3,19.3,20.1,26.8,2.9,19.3,8.8,17.9,4.6,9.5,4.1,12.8,18.3,29.4,0.0,8.8,6.4,13.4,8.9,9.3,24.8,10.0,13.8,27.5,17.0,10.9,22.3,19.9,9.6,3.0,35.3,18.5,8.2,16.5,9.9,21.0,14.0,24.0,17.5,7.2,23.9,21.7,0.0,6.4,16.5,13.8,18.2,29.7,17.9,0.0,27.3,3.3,25.3,15.4,9.4,0.0,1,Medical
SUR-0031,52.0,42.2,32.7,37.2,58.4,49.5,47.8,67.9,42.1,39.0,50.9,66.0,66.4,46.8,33.1,28.9,53.9,53.5,28.1,61.9,46.4,35.4,45.8,46.0,49.5,33.9,38.6,50.3,42.9,51.3,66.3,40.3,66.7,40.6,48.9,41.6,44.8,36.3,35.2,75.3,30.0,57.0,42.2,56.2,53.0,38.1,28.9,57.7,38.9,25.9,50.5,41.5,34.5,39.1,44.3,77.5,48.4,39.6,54.6,40.8,43.8,63.8,48.3,47.7,57.8,43.6,9.6,51.2,43.3,56.5,44.1,26.3,52.7,57.4,33.6,38.9,41.1,53.1,36.8,55.4,31.1,48.1,52.9,27.3,45.8,44.1,46.9,50.7,30.0,22.7,41.2,43.2,35.7,47.4,55.2,59.0,1,Surgical
SUR-0040,0.5,0.0,0.0,9.1,26.9,20.5,21.1,15.1,14.9,11.2,16.3,3.7,18.7,6.9,16.6,22.0,24.7,8.4,21.1,21.7,3.8,10.9,41.2,7.5,15.4,15.1,15.9,23.7,19.0,0.0,16.4,10.5,19.1,1.5,9.4,15.0,18.1,17.8,7.3,4.4,16.3,36.1,21.3,0.0,7.6,20.6,15.4,14.9,21.5,24.9,21.9,24.8,17.1,8.6,27.3,23.7,15.3,35.9,8.2,18.9,18.5,30.1,17.9,14.6,25.6,11.5,0.0,20.3,0.0,13.6,30.4,3.8,9.6,0.0,34.1,18.0,10.1,12.5,31.4,14.4,33.6,14.6,22.9,0.0,17.0,8.3,9.1,8.8,4.4,12.8,16.7,17.6,0.2,18.3,17.6,0.0,1,Surgical
MED-0178,39.2,46.6,55.6,27.9,60.7,61.9,38.4,42.0,34.2,42.3,28.3,49.8,54.0,26.6,24.9,45.8,32.8,46.0,43.5,20.9,38.1,53.1,22.8,35.1,44.9,19.2,60.5,25.2,42.1,22.0,43.6,43.2,34.3,38.9,40.8,40.5,43.7,33.1,28.8,37.8,41.0,42.6,47.1,38.7,54.6,45.5,27.0,33.9,17.4,55.0,49.8,33.5,55.6,31.6,55.7,39.6,39.2,40.1,39.8,38.2,28.0,38.6,62.2,42.0,32.3,36.7,40.6,31.9,33.3,49.8,55.4,37.1,26.7,43.4,22.0,18.2,47.5,30.6,30.3,42.4,60.8,17.5,41.4,54.5,36.2,47.0,39.9,51.7,43.1,56.2,46.0,34.3,44.8,34.5,30.9,32.5,1,Medical
SUR-0166,53.2,44.4,33.1,30.2,25.8,35.8,36.0,57.3,33.5,22.6,48.3,41.8,40.0,50.4,53.1,16.6,39.5,25.5,19.7,34.2,39.2,47.7,18.8,27.6,37.1,21.3,37.3,26.7,33.2,21.5,42.7,44.1,37.0,29.7,39.4,49.5,29.1,34.9,26.3,51.6,26.9,40.4,16.0,49.4,23.4,37.1,30.9,37.2,21.4,35.8,31.6,42.2,44.8,55.1,34.1,28.5,29.5,21.4,36.3,31.8,23.9,19.7,33.1,34.0,29.8,29.4,38.1,25.0,33.0,26.6,19.8,50.3,34.3,30.4,22.3,30.8,40.4,53.4,48.6,32.0,34.1,32.3,33.5,37.8,39.9,35.6,38.0,48.2,32.1,39.5,50.4,39.3,23.7,32.9,42.7,38.0,1,Surgical
SUR-0267,22.8,12.6,24.5,32.6,16.8,22.5,27.4,14.0,27.9,27.8,17.3,31.1,26.2,39.9,9.6,23.1,30.2,23.7,6.9,23.3,20.2,21.2,27.7,27.2,31.5,30.7,21.3,24.7,25.6,28.1,13.6,25.9,24.7,15.9,11.7,24.8,22.8,18.6,24.7,11.1,26.2,37.3,22.5,29.0,39.8,25.0,21.4,17.2,29.7,13.7,29.9,11.6,17.4,27.1,8.3,29.7,0.6,28.7,23.9,10.7,32.0,25.5,16.2,26.6,39.7,38.6,27.1,1.9,27.6,36.5,22.3,32.0,26.0,34.7,23.6,8.5,3.3,13.9,10.3,12.4,23.1,21.6,28.1,23.1,18.7,9.6,9.1,11.8,46.8,26.1,33.1,6.6,26.5,29.5,5.8,17.4,1,Surgical
MED-0258,51.3,44.4,39.4,28.6,18.3,23.7,26.5,15.6,29.5,37.8,28.6,44.2,40.7,49.4,31.6,51.8,36.5,27.4,32.3,51.5,55.8,51.2,27.0,40.8,23.8,29.0,37.3,41.5,42.3,28.4,23.5,46.0,22.7,30.3,39.5,37.4,49.7,34.5,33.9,35.0,38.4,21.3,35.1,28.1,29.4,35.4,56.7,16.6,30.3,39.6,31.4,46.0,19.0,31.1,34.3,28.4,36.3,25.2,41.4,47.7,25.4,42.2,33.2,48.5,21.0,39.5,29.0,40.0,34.3,37.5,46.0,49.8,8.6,20.9,45.8,24.3,36.7,26.9,23.5,29.8,50.1,25.2,44.4,41.8,27.5,41.2,66.1,22.4,21.8,38.2,47.3,34.1,29.9,51.7,40.1,36.3,1,Medical
SUR-0266,20.1,19.1,2.0,21.5,2.7,10.8,4.6,23.5,28.5,20.4,21.7,14.4,22.7,16.9,19.5,11.9,14.5,25.6,14.2,6.0,12.1,22.0,26.0,0.0,30.9,18.3,14.1,9.8,20.5,11.2,30.2,15.0,19.4,36.3,23.7,23.4,0.9,15.9,12.4,25.6,30.6,34.7,20.7,30.1,37.1,18.8,13.4,15.7,19.2,12.1,34.9,8.4,23.2,18.4,28.3,31.7,30.7,10.5,19.0,28.6,21.0,24.8,21.3,14.4,22.9,21.7,25.0,23.1,16.7,25.1,12.2,26.8,28.7,17.3,18.1,30.8,24.8,37.3,24.8,11.6,35.8,18.5,19.6,40.7,23.1,11.5,8.6,10.8,7.9,30.6,26.2,6.5,28.8,21.3,36.9,35.5,1,Surgical
SUR-0044,23.5,25.6,47.1,51.1,15.6,45.5,33.6,33.9,36.3,54.2,36.2,45.2,42.4,40.7,36.0,23.3,24.2,30.4,35.5,41.8,45.7,30.6,25.2,30.1,24.6,43.7,34.3,24.5,32.3,44.7,34.6,29.1,34.5,55.7,31.2,34.9,47.7,33.7,37.3,35.1,40.0,35.7,17.6,40.4,54.9,19.2,31.4,28.1,39.7,42.8,34.2,24.9,24.4,26.1,60.8,23.3,36.7,29.1,50.4,37.5,18.6,19.6,39.2,44.4,29.3,49.6,28.6,25.9,12.7,49.1,50.4,28.5,26.7,34.5,25.3,20.6,36.3,52.7,52.4,38.9,34.4,53.0,47.2,21.4,35.4,29.5,26.6,38.4,20.6,28.3,33.5,32.0,29.5,23.3,30.3,39.5,1,Surgical
MED-0016,28.2,54.5,37.1,31.9,51.2,37.5,46.9,39.3,46.0,48.2,47.1,30.5,70.4,40.4,42.5,48.1,39.1,45.0,58.7,43.5,41.7,18.7,51.3,27.2,39.3,48.9,41.2,36.4,42.5,23.1,19.7,41.5,17.8,16.8,27.7,53.6,41.4,32.9,40.7,44.9,38.4,54.6,51.2,47.9,26.2,54.6,46.0,36.8,23.6,42.1,50.7,49.7,45.9,59.3,32.6,29.5,40.8,57.5,38.8,28.9,44.2,47.5,30.0,33.6,27.7,39.3,37.5,36.2,43.8,48.5,21.6,39.1,34.5,38.2,53.5,45.3,42.6,42.6,43.3,21.5,38.1,44.1,29.1,42.8,39.3,26.8,48.3,47.0,42.8,52.5,38.4,29.4,55.1,39.7,34.4,59.5,0,Medical
MED-0004,47.6,60.1,49.8,78.3,54.8,69.9,81.6,82.2,30.5,42.7,48.2,53.8,74.1,73.7,53.3,41.8,59.0,47.9,36.0,48.9,59.2,65.9,33.3,44.8,54.1,66.4,67.3,54.3,40.2,32.9,52.6,51.6,60.3,47.3,64.4,48.0,58.2,51.9,59.6,51.6,66.4,56.0,62.8,57.1,50.7,58.8,64.7,46.5,61.8,53.5,54.4,50.3,56.7,60.6,57.9,67.0,55.5,54.8,49.6,69.0,81.6,60.7,45.6,51.7,52.4,52.3,56.4,60.6,52.5,67.2,58.7,51.4,67.6,60.0,57.4,54.0,53.8,49.2,82.7,51.2,53.3,71.9,73.1,38.8,50.5,63.2,50.2,85.7,65.5,63.7,73.7,65.6,68.0,68.5,50.7,58.2,0,Medical
MED-0336,25.8,26.9,16.0,12.6,20.4,27.0,7.1,23.1,24.3,6.7,19.8,26.8,9.7,10.0,20.5,40.8,8.3,31.4,25.4,17.5,17.3,20.8,11.3,7.1,31.0,10.9,26.7,21.1,11.1,32.2,26.2,26.5,26.6,30.7,5.1,31.4,30.6,13.6,44.4,16.9,5.0,5.6,26.4,33.2,21.7,28.2,9.5,9.8,12.6,29.2,15.8,9.7,24.3,24.7,29.6,17.7,8.8,16.0,35.6,14.7,14.9,16.3,21.6,9.2,16.2,22.2,13.3,25.0,56.0,12.9,19.3,15.3,33.4,12.9,39.4,19.9,17.1,36.4,26.2,15.3,29.2,34.7,9.0,27.2,10.8,13.2,0.0,25.1,10.5,36.5,24.3,11.7,15.1,42.8,28.3,0.0,1,Medical
MED-0257,31.3,24.4,25.7,18.6,2.8,32.0,36.6,28.2,27.6,17.2,27.7,29.9,31.7,25.4,18.8,37.1,31.1,31.9,27.6,41.5,25.1,39.9,6.4,27.6,35.2,31.8,35.6,32.7,36.0,39.9,16.0,47.0,17.7,18.6,27.7,31.4,40.1,37.1,25.3,0.5,10.2,17.9,39.2,28.5,36.4,14.5,21.5,22.1,13.3,39.1,37.1,25.8,26.0,30.1,28.0,28.4,33.5,41.3,22.3,17.4,24.3,33.2,32.4,27.4,21.4,13.7,31.3,27.7,34.5,40.7,15.5,34.7,30.0,19.5,35.2,32.3,30.9,44.2,16.8,34.8,53.8,23.2,52.9,16.1,26.4,29.7,19.2,42.1,17.4,23.7,51.6,23.4,22.7,29.1,31.7,43.3,1,Medical
SUR-0081,27.1,22.7,33.2,29.3,16.4,27.3,11.5,21.8,23.8,20.3,24.3,23.1,43.1,33.5,38.3,34.5,3.8,26.5,18.6,34.8,24.8,29.8,22.2,28.8,39.9,27.2,17.3,28.8,46.9,8.1,20.4,20.9,20.3,15.2,17.1,22.3,19.2,37.4,31.4,20.7,17.4,16.3,16.8,22.9,17.7,37.9,26.3,11.0,25.7,21.1,5.8,32.3,18.2,25.8,8.9,12.5,23.6,20.1,7.7,19.9,2.3,14.8,11.8,24.6,29.8,37.1,22.4,32.7,43.7,18.9,13.4,11.3,15.0,22.2,13.9,23.1,36.2,61.7,0.1,16.8,17.5,23.1,17.5,20.2,48.2,15.1,30.8,29.2,20.8,18.4,29.6,37.4,32.6,30.8,17.6,5.8,1,Surgical
MED-0446,20.3,33.3,38.3,25.3,25.6,24.2,12.3,30.0,28.3,21.3,10.3,23.6,14.7,22.7,31.0,12.6,17.7,32.8,32.5,32.3,42.3,45.3,32.1,26.0,16.0,32.0,8.2,19.8,10.8,24.7,22.3,15.9,35.7,33.5,45.7,10.2,21.4,3.7,14.3,35.6,29.2,15.0,31.9,37.8,56.7,21.3,11.8,26.2,33.4,26.5,11.1,43.7,13.3,25.1,37.7,11.7,10.7,35.9,44.2,19.9,26.0,23.6,31.0,22.6,37.8,21.7,13.2,41.3,33.0,29.8,22.9,19.7,40.2,15.8,23.7,24.8,26.8,22.3,31.5,27.7,34.4,38.1,20.7,14.1,9.5,41.7,22.0,14.9,28.6,16.0,34.5,27.5,25.4,24.2,34.6,24.7,1,Medical
MED-0339,23.4,31.5,4.5,33.3,32.1,7.4,23.3,17.3,38.7,17.1,23.8,41.0,11.6,35.3,25.0,15.3,20.9,20.5,16.1,25.9,18.6,28.7,50.1,22.2,30.3,6.7,29.3,17.0,34.6,0.6,19.0,35.2,25.9,26.4,22.7,36.0,20.2,17.4,24.3,29.6,29.4,16.9,23.7,12.6,36.4,17.1,24.9,16.1,33.2,18.1,28.6,3.7,16.5,22.6,34.0,17.4,22.3,30.2,18.4,15.2,41.2,10.6,39.7,19.0,26.6,36.0,21.4,27.4,16.2,23.7,28.5,13.5,25.3,6.1,37.0,26.2,34.9,17.0,32.0,21.3,22.4,22.0,27.4,13.1,22.9,24.7,18.0,26.2,13.7,16.4,11.6,14.9,29.7,26.4,19.7,30.9,1,Medical
MED-0479,21.8,30.0,20.6,26.4,15.2,37.5,17.2,21.9,15.8,26.4,30.3,16.3,18.5,28.9,18.9,26.9,26.2,12.2,27.2,16.2,20.8,0.0,0.0,22.3,24.6,22.1,33.1,9.9,16.0,0.0,34.7,0.4,16.6,13.1,18.5,34.1,25.3,19.1,0.0,22.4,29.0,15.9,0.0,31.5,40.0,15.4,17.6,9.5,15.7,21.6,20.8,30.3,31.3,19.9,31.3,27.3,17.3,28.3,14.4,17.9,0.0,19.4,8.8,32.1,36.6,33.8,43.3,7.4,35.2,22.2,26.9,18.9,24.2,19.3,36.6,19.7,30.2,33.6,27.0,13.1,44.4,24.4,11.5,17.6,24.8,17.1,12.7,17.0,17.1,13.1,6.8,19.8,9.5,11.6,9.9,12.8,1,Medical
MED-0418,43.6,23.9,46.8,51.8,61.1,43.4,28.4,34.6,43.4,31.3,45.0,42.0,39.2,54.5,28.8,29.6,38.3,47.9,39.1,37.7,14.1,46.6,33.4,36.8,30.3,30.5,36.3,29.9,21.0,41.8,31.6,30.6,43.1,46.0,48.0,25.8,16.4,31.6,29.3,38.2,33.5,46.5,23.0,21.4,44.4,36.0,50.4,37.0,28.7,18.9,37.2,43.8,35.9,34.5,16.1,33.7,27.4,20.0,17.8,39.0,40.8,35.4,30.6,17.9,23.2,18.4,36.7,40.3,34.6,39.0,22.1,53.2,41.9,48.6,26.4,19.3,56.1,39.9,47.5,33.3,32.8,32.5,41.6,35.0,47.4,32.1,15.8,21.9,41.1,35.9,42.1,32.0,32.7,52.3,34.5,30.4,1,Medical
SUR-0139,23.5,28.2,20.3,15.3,26.6,27.2,16.1,8.5,9.7,4.5,16.1,0.0,22.4,31.7,5.3,12.5,12.5,20.9,22.1,18.4,31.4,8.9,23.9,26.8,18.6,5.9,11.1,33.5,20.5,14.0,36.4,27.6,21.8,15.2,6.3,5.6,17.7,8.2,21.4,4.8,4.2,0.9,23.2,20.3,22.6,24.5,22.4,30.1,17.6,13.0,11.6,15.0,27.3,16.5,18.3,23.2,32.0,19.3,6.5,1.5,12.0,28.5,7.6,16.3,9.3,17.2,14.2,21.8,32.2,11.4,33.0,0.0,6.4,18.3,30.1,10.0,13.5,28.4,21.1,11.6,15.9,11.5,22.9,12.1,8.0,5.7,26.7,25.4,36.2,26.4,25.9,14.2,24.6,30.2,25.1,12.3,1,Surgical
SUR-0215,18.4,24.3,20.0,43.7,8.0,21.0,21.0,18.8,11.1,40.3,3.0,25.4,42.6,14.0,4.9,30.9,30.3,21.3,39.0,40.1,16.5,28.7,32.1,36.0,28.3,33.4,39.4,37.6,39.1,23.6,24.5,11.0,12.6,33.1,8.5,26.4,15.8,23.1,27.5,15.5,27.1,32.7,23.8,24.2,15.7,19.2,21.6,19.4,29.1,26.8,43.6,25.5,21.9,30.1,4.1,31.6,25.4,15.4,22.1,3.3,33.7,20.2,29.6,21.9,14.3,12.4,0.1,7.9,10.8,28.1,17.5,37.9,18.1,7.1,8.6,15.8,0.7,17.8,25.0,0.0,8.0,3.1,8.3,24.2,22.1,16.5,34.9,24.6,19.9,23.3,3.5,10.7,12.6,22.1,42.0,19.5,1,Surgical
MED-0325,2.4,0.5,9.8,14.9,14.5,3.3,4.4,12.5,11.8,0.7,11.5,0.0,14.5,5.6,8.7,17.1,0.0,14.1,9.0,4.6,14.3,1.2,9.2,18.9,11.3,0.0,15.0,20.2,6.8,4.7,15.8,2.8,0.0,12.9,0.0,23.7,3.5,0.0,19.1,24.2,0.0,0.9,2.3,6.7,0.0,22.7,4.1,14.6,0.0,0.0,11.5,9.5,5.4,0.0,4.1,0.0,4.6,5.3,0.0,0.0,19.9,0.0,17.9,1.2,13.0,0.0,9.2,5.2,7.5,16.8,10.8,2.4,23.2,7.0,13.6,9.9,9.7,0.0,20.4,7.8,3.0,4.7,0.0,0.0,25.0,0.0,23.9,18.1,16.7,8.7,19.0,4.9,0.4,0.0,20.2,0.0,1,Medical
MED-0458,25.6,22.3,30.5,24.4,5.0,20.7,18.8,12.1,23.9,12.6,19.9,10.6,5.4,29.6,10.4,19.4,35.9,20.5,7.1,16.1,17.4,27.4,10.8,14.5,28.6,24.7,22.3,34.0,19.1,12.3,17.0,28.9,18.4,0.0,28.4,20.4,7.8,7.1,11.2,24.7,20.6,9.9,28.3,27.0,7.4,29.8,14.7,24.4,23.3,19.8,8.9,14.0,10.5,23.8,23.6,14.1,10.9,24.5,45.1,40.7,25.2,19.1,16.4,26.5,18.8,17.6,19.9,0.0,30.1,21.9,24.9,17.5,21.1,4.4,21.7,11.6,18.2,18.1,22.9,27.7,38.1,34.3,7.6,30.7,22.1,23.3,15.0,13.7,23.2,21.1,6.4,21.5,17.3,20.7,34.5,17.9,1,Medical
MED-0010,64.6,72.7,70.5,69.9,58.2,52.4,83.8,61.1,62.1,72.5,59.5,62.5,52.5,52.6,51.6,61.7,59.2,48.3,58.7,47.8,64.4,68.5,68.7,59.7,62.3,69.8,62.5,63.1,56.6,50.5,62.6,70.2,68.1,53.0,52.4,42.4,70.0,59.0,49.4,48.2,63.2,59.9,51.9,63.6,65.6,72.2,53.4,37.5,65.3,52.9,57.4,47.8,56.5,66.2,57.9,60.2,43.6,57.0,62.6,51.6,42.5,73.5,61.9,51.7,60.3,59.0,62.7,77.5,56.5,86.0,68.2,38.5,47.3,45.1,69.3,59.9,51.1,58.9,35.9,63.4,59.8,66.1,57.8,55.1,60.5,56.4,65.3,51.4,63.2,54.8,50.1,62.8,59.3,62.2,67.7,57.1,0,Medical
MED-0250,27.2,14.2,23.5,16.9,0.0,36.6,0.0,11.7,19.9,7.2,19.1,10.9,3.7,29.0,19.0,13.6,29.1,1.6,13.7,20.8,21.1,9.6,11.6,1.4,0.0,13.7,10.8,13.7,8.2,15.2,19.3,12.2,11.4,10.0,11.7,10.9,29.8,12.6,8.6,22.8,16.3,10.0,35.6,17.5,29.5,10.5,14.0,5.5,10.4,14.6,17.5,16.6,12.0,12.0,20.1,16.0,24.1,8.7,17.8,29.3,14.3,14.2,0.0,8.1,18.9,24.4,3.1,19.2,31.7,1.2,5.3,15.0,19.2,3.0,17.7,10.3,22.5,8.3,12.7,36.0,10.9,18.3,23.1,21.4,8.6,16.1,7.7,20.5,1.4,2.1,27.1,13.1,26.7,24.8,11.3,0.0,1,Medical
MED-0023,30.2,21.7,58.1,51.3,38.7,35.1,51.4,49.0,55.5,48.5,69.8,59.0,46.3,57.3,48.4,50.0,25.8,48.5,57.7,45.6,68.7,62.9,43.0,51.3,55.9,51.5,41.5,34.2,46.3,67.5,35.6,41.7,49.2,37.4,47.8,31.3,52.1,48.3,33.5,51.1,46.1,45.4,34.3,67.0,65.1,38.9,34.1,40.0,69.8,41.0,44.2,48.8,44.8,52.8,52.0,36.8,43.0,53.9,29.3,52.1,51.2,46.3,40.9,43.6,66.8,30.2,61.6,39.0,67.2,40.3,37.2,49.6,41.8,51.7,33.2,52.3,52.7,41.1,61.9,60.5,51.6,49.1,48.4,60.9,55.7,29.1,47.8,41.4,58.1,54.0,35.5,46.1,47.8,39.8,46.3,66.6,0,Medical
MED-0222,18.6,32.4,21.5,54.5,9.2,23.3,2.5,15.8,13.9,4.4,24.8,18.9,39.2,29.2,28.6,31.3,30.7,8.0,10.5,33.6,28.9,22.8,17.7,18.3,26.2,25.2,25.2,18.8,10.0,14.0,25.6,18.7,28.7,25.8,19.8,8.9,23.5,12.5,27.0,8.8,27.6,14.4,24.8,17.1,8.7,17.4,24.0,40.6,33.7,16.2,21.8,3.8,32.7,27.4,22.3,25.3,29.9,26.9,20.1,3.6,27.4,25.3,24.0,28.2,36.4,14.4,11.0,0.0,28.9,0.0,21.7,34.5,30.2,20.1,21.4,26.1,28.4,15.1,24.0,22.6,27.8,17.9,17.4,20.6,32.3,27.4,17.8,11.9,15.0,40.1,15.7,25.0,25.5,11.6,19.7,22.9,1,Medical
SUR-0048,5.7,4.9,22.3,26.1,12.6,23.8,19.1,18.5,7.1,7.6,12.3,19.5,24.6,15.1,19.8,8.2,21.7,22.9,0.0,5.9,15.8,6.0,1.5,0.0,10.2,5.1,14.0,0.0,4.2,21.4,9.8,16.3,7.2,27.0,5.2,8.6,7.1,16.6,9.4,24.1,19.2,2.4,15.6,17.4,20.2,5.6,26.7,0.0,31.0,20.2,5.6,12.1,17.0,27.9,5.7,13.9,0.0,0.0,9.9,0.1,26.4,1.1,20.0,11.7,6.9,21.5,1.5,0.0,14.5,15.0,2.3,5.2,9.0,19.5,0.0,7.1,27.4,10.6,8.4,0.0,21.8,3.5,34.4,3.3,4.3,7.7,25.6,21.6,7.8,5.1,2.1,7.0,0.0,0.5,6.6,35.3,1,Surgical
SUR-0191,59.5,31.9,47.2,42.7,49.4,57.3,41.5,40.5,42.0,40.6,35.2,24.5,28.6,42.9,61.2,29.5,40.8,57.2,38.2,38.9,43.6,38.5,35.0,47.1,26.5,48.6,14.9,48.1,43.4,55.8,44.5,59.6,24.0,47.5,63.3,51.1,62.7,52.5,41.2,51.9,68.9,42.0,38.8,40.2,30.0,47.9,29.1,45.7,35.6,48.2,49.9,43.9,36.3,47.6,42.1,51.5,44.3,12.4,22.2,55.8,34.4,45.2,51.6,45.4,45.5,47.0,58.7,54.6,31.1,60.1,57.6,50.2,38.3,33.1,30.5,64.2,47.1,40.5,34.9,46.8,40.3,38.4,44.3,22.4,55.0,30.9,50.0,52.7,34.8,61.2,41.6,45.9,53.9,58.7,60.1,41.3,1,Surgical
SUR-0285,42.9,49.1,35.6,46.2,33.8,42.1,37.3,30.3,44.7,44.3,54.9,52.6,50.2,59.9,26.9,42.6,52.4,41.8,28.1,38.2,57.6,51.4,18.0,56.1,56.1,36.7,44.7,34.0,45.3,46.2,44.2,44.3,59.2,40.9,50.4,14.8,35.8,43.8,35.9,38.1,25.0,43.0,45.8,38.1,19.0,26.1,24.6,39.1,46.9,53.3,20.3,33.0,38.6,32.4,35.1,41.4,36.2,31.7,27.5,51.1,51.1,37.6,49.6,43.4,47.6,47.5,43.1,29.0,45.5,36.9,53.3,41.2,40.3,45.3,45.2,41.0,44.7,46.6,54.2,49.1,34.2,30.2,26.6,42.3,46.5,57.7,30.1,30.5,32.3,44.8,38.0,47.6,53.2,37.9,45.5,21.9,1,Surgical
SUR-0127,23.8,12.7,27.3,40.9,47.7,30.1,13.6,25.3,44.3,31.7,41.1,30.2,31.7,25.1,33.7,33.3,21.3,23.3,19.9,22.8,26.2,46.9,40.6,42.6,41.2,24.4,24.2,28.9,46.2,25.7,31.5,34.9,28.8,10.7,35.6,23.0,45.0,23.4,32.8,27.3,22.0,21.1,45.7,47.2,36.9,24.0,29.7,39.1,24.5,19.0,32.1,29.9,36.1,25.1,26.5,38.3,24.8,35.3,27.5,36.9,32.0,26.2,32.9,31.7,27.7,26.3,36.0,17.6,27.6,39.2,27.7,35.4,23.9,26.0,21.4,32.4,33.4,27.1,18.7,29.9,26.6,53.5,12.2,30.7,24.5,0.0,48.5,29.2,33.3,25.8,21.6,36.4,17.9,37.2,40.5,27.1,1,Surgical
MED-0341,38.1,8.8,30.2,16.4,0.0,20.3,22.3,13.7,8.7,6.7,9.5,21.0,15.8,0.0,27.6,25.4,22.4,23.6,1.9,5.2,32.7,21.6,0.9,14.8,26.5,0.0,34.5,16.5,20.1,16.3,12.9,10.2,15.5,12.6,14.3,19.8,25.0,19.9,0.0,33.2,32.7,6.0,10.7,18.2,18.6,10.2,2.0,20.2,13.4,9.3,10.5,5.0,4.1,27.3,21.8,15.3,8.0,19.7,9.2,5.6,17.5,20.1,31.9,7.4,17.9,18.5,16.7,19.4,21.0,34.4,18.3,3.5,6.3,14.0,16.3,21.1,6.7,20.3,16.7,0.0,23.7,5.6,27.7,18.8,22.1,3.0,21.7,20.1,18.3,34.8,23.2,15.1,11.6,14.6,16.2,14.8,1,Medical
SUR-0172,42.2,27.0,31.6,24.5,25.4,43.1,23.3,35.1,33.8,46.3,28.7,39.4,25.1,27.0,30.7,34.5,44.8,15.3,37.4,22.5,17.4,26.8,28.4,14.6,28.4,28.5,11.9,31.1,26.2,8.4,14.9,27.6,27.0,18.9,15.0,28.4,38.6,26.1,15.9,14.2,37.6,27.6,45.6,19.8,40.7,48.1,5.7,25.3,46.6,4.8,28.3,50.4,29.3,42.4,44.1,31.9,49.0,13.8,29.4,48.1,34.8,17.3,38.8,33.8,36.2,25.7,38.8,31.1,24.7,50.1,19.7,29.6,29.8,35.0,20.0,34.6,31.6,20.7,36.0,46.7,17.5,34.0,26.8,37.5,44.9,20.0,25.8,30.0,19.0,17.4,29.5,22.6,29.9,31.4,42.6,44.2,1,Surgical
MED-0204,40.3,46.4,67.7,62.7,59.7,57.1,32.9,29.6,54.2,47.5,57.8,55.3,35.9,61.6,53.5,61.3,51.0,50.2,60.6,40.2,41.3,54.2,15.3,45.6,47.5,35.5,43.1,40.3,37.9,60.0,54.0,46.5,50.8,51.8,28.5,48.2,32.0,60.8,45.6,66.4,47.5,45.1,36.5,45.4,31.7,63.0,51.8,42.8,43.9,37.8,39.5,43.8,34.8,66.1,55.1,20.9,41.0,57.6,50.8,43.7,42.8,57.4,43.1,47.9,47.4,48.2,50.5,83.8,48.8,39.9,62.4,58.0,49.6,47.3,47.3,49.0,54.9,33.1,57.4,27.7,68.8,55.2,39.3,48.4,54.3,59.7,42.5,38.4,54.4,59.6,46.4,50.4,46.2,45.3,49.3,39.2,1,Medical
MED-0238,0.0,0.0,20.1,29.8,5.1,23.7,27.5,5.4,5.9,1.4,11.6,2.1,16.4,0.0,8.1,0.0,3.3,2.4,10.9,4.6,17.3,11.9,9.9,12.7,0.0,3.7,12.8,10.9,5.2,16.8,12.6,22.6,13.0,20.0,9.3,14.3,9.4,38.1,3.5,9.6,21.4,0.0,19.7,4.4,23.4,15.5,10.8,0.0,14.6,13.5,6.3,11.1,12.5,22.8,0.0,14.8,0.0,15.2,9.4,9.5,3.7,24.5,0.0,0.0,18.9,12.5,14.2,15.1,16.5,9.4,10.6,7.2,9.0,8.3,13.2,0.0,13.4,0.0,34.1,5.6,1.7,10.7,13.8,10.8,18.8,30.2,3.5,6.6,13.6,17.3,11.1,21.4,5.6,0.0,11.1,0.0,1,Medical
MED-0094,32.5,27.7,13.1,41.7,32.5,26.9,24.1,37.9,31.3,38.3,47.6,7.6,30.3,18.9,27.2,28.2,37.8,25.7,26.8,36.5,24.8,34.1,26.5,23.0,24.0,10.9,33.5,16.4,14.0,17.7,22.8,30.8,31.3,25.0,26.5,46.4,16.1,30.3,30.8,28.0,16.5,27.3,36.4,12.8,40.8,33.5,26.4,34.1,31.7,7.1,42.5,11.2,43.6,14.9,30.7,24.3,42.9,34.4,40.5,33.9,21.0,32.3,26.6,28.9,38.1,32.2,17.5,31.8,24.1,40.2,45.6,25.2,6.9,29.7,3.1,25.9,27.0,41.9,31.6,32.3,35.7,22.8,29.3,11.8,29.4,42.9,24.8,29.6,19.1,40.3,33.7,22.9,27.0,35.2,28.5,17.8,1,Medical
SUR-0032,33.0,16.3,26.8,35.9,24.2,35.0,32.3,17.5,16.8,44.8,44.5,25.9,37.8,17.4,30.9,25.3,35.4,27.8,12.5,10.1,28.1,36.3,34.6,24.6,29.2,24.2,30.9,34.9,29.2,27.8,45.3,35.0,19.3,8.3,32.6,14.4,30.4,30.8,20.3,30.2,19.8,40.9,17.7,29.9,26.2,3.6,20.6,14.0,42.1,28.8,20.0,16.4,34.5,15.3,22.1,13.1,52.1,39.6,14.6,21.3,25.6,38.1,7.6,26.8,35.7,22.6,38.4,36.2,24.1,30.0,24.9,32.3,29.4,20.1,31.0,29.4,14.7,39.9,33.3,27.3,43.7,20.4,47.2,29.6,30.8,13.9,21.9,46.0,15.2,46.7,17.3,35.2,28.4,34.2,20.3,23.1,1,Surgical
MED-0363,23.0,14.3,7.8,11.7,17.5,14.0,9.8,17.1,0.0,0.7,35.8,0.0,7.6,0.0,22.2,5.9,20.5,12.7,17.6,14.2,28.2,17.9,3.5,10.1,19.8,0.0,2.6,5.2,22.8,27.5,9.8,11.4,18.3,15.2,25.9,12.7,0.7,6.0,11.8,11.0,11.3,6.0,21.2,0.0,10.2,17.0,22.0,11.3,12.5,12.7,12.2,11.3,20.4,2.0,26.2,26.2,8.9,0.0,12.0,0.0,0.0,1.9,11.0,16.6,17.2,10.3,24.9,17.7,19.5,3.9,4.9,0.0,0.0,10.7,0.0,21.1,21.8,8.7,17.2,0.0,0.0,11.6,9.8,0.0,19.2,1.8,13.0,2.2,0.0,20.3,0.0,17.6,8.6,10.8,13.8,0.0,1,Medical
SUR-0045,18.0,19.9,28.3,30.9,36.8,24.6,23.2,42.5,23.0,19.4,25.1,36.4,15.1,19.5,27.2,20.6,31.1,21.8,28.3,31.3,23.5,19.6,21.0,31.0,23.0,35.6,12.4,31.3,20.4,29.4,10.7,27.1,31.2,15.8,23.2,31.1,24.3,19.4,18.2,22.5,18.9,11.8,34.7,21.6,29.1,0.0,14.3,25.1,23.4,32.6,15.2,19.1,37.2,38.6,32.9,22.6,29.4,23.3,13.4,8.4,42.8,15.7,30.2,30.9,34.3,18.9,33.9,26.2,46.4,0.0,19.0,20.8,5.8,29.8,17.2,21.6,18.9,38.6,43.9,25.4,16.1,10.1,28.2,29.6,35.3,14.8,34.8,19.3,29.9,19.1,34.9,43.1,24.1,16.1,2.9,26.2,1,Surgical
MED-0285,11.8,0.0,28.9,13.9,27.1,21.3,33.8,21.5,26.4,23.5,9.0,1.7,20.0,1.7,1.3,12.9,16.1,0.0,13.0,1.0,10.6,31.8,19.9,12.7,5.9,20.7,18.4,8.5,4.3,8.5,26.4,13.7,21.8,0.0,0.0,20.2,19.6,15.1,13.4,18.9,18.2,23.5,19.8,18.6,23.5,21.6,30.2,4.0,16.8,4.0,1.8,16.9,17.0,40.6,18.0,30.3,18.8,5.7,17.2,11.6,2.7,14.9,20.7,20.0,27.2,9.6,21.8,24.5,38.3,8.7,27.2,20.8,14.7,23.0,16.9,0.0,13.2,12.1,16.8,11.8,17.1,4.9,6.6,12.6,5.8,32.3,17.8,19.2,6.8,26.7,15.0,14.6,16.7,0.0,0.0,23.5,1,Medical
MED-0185,4.8,3.8,10.8,17.5,34.9,7.8,0.0,0.0,0.0,10.4,2.2,11.9,13.5,14.0,9.0,22.3,2.3,3.8,7.9,17.9,14.7,31.7,0.0,11.2,16.5,18.5,7.4,0.0,0.4,32.0,8.7,12.7,18.6,14.0,4.1,7.9,14.9,17.7,17.5,6.4,0.0,16.9,13.8,7.1,9.8,1.3,1.4,19.5,20.0,6.3,11.4,17.1,0.0,18.6,0.0,19.1,19.7,14.8,0.0,0.0,22.7,23.3,0.0,30.0,5.7,6.3,0.0,10.8,0.0,3.2,6.5,24.2,29.3,0.0,3.6,7.5,16.7,5.6,14.2,0.0,11.3,16.1,28.8,20.5,3.0,0.0,18.1,9.1,18.8,6.5,4.1,0.0,10.2,12.7,10.2,20.8,1,Medical
SUR-0150,37.4,17.7,22.2,24.8,20.4,24.8,22.9,35.6,27.1,3.1,33.7,24.2,26.9,23.8,32.1,18.3,14.5,23.3,5.7,33.6,23.4,14.9,36.8,16.9,28.2,30.7,18.6,16.3,16.1,20.1,5.3,5.9,32.8,21.8,31.0,14.2,12.8,32.0,45.5,5.4,30.7,12.6,19.2,21.9,23.9,28.9,49.6,15.0,34.0,0.0,30.8,28.6,30.6,21.1,20.1,34.1,20.9,38.3,32.1,14.6,13.8,36.3,15.1,3.8,8.4,12.4,17.0,37.3,31.8,27.9,31.1,18.9,20.4,11.8,21.6,19.6,16.3,20.7,35.8,46.2,10.7,27.4,24.1,23.8,18.1,35.2,21.1,25.4,12.5,10.5,7.3,24.4,39.0,21.3,30.7,23.2,1,Surgical
MED-0397,57.9,16.2,46.6,34.6,45.2,35.1,37.7,45.1,40.4,26.9,42.5,14.9,27.0,26.2,33.8,39.8,28.8,35.2,23.3,43.9,35.1,43.9,32.5,29.1,41.1,39.6,37.8,39.6,38.2,55.2,26.5,22.8,21.3,26.0,42.5,41.3,33.0,45.4,45.0,36.9,24.6,26.2,36.5,45.0,31.3,25.9,45.5,43.1,45.3,38.5,55.4,34.1,54.0,39.1,38.3,46.6,39.4,45.8,25.4,19.5,24.6,35.7,42.2,34.2,44.3,40.5,24.4,46.3,39.7,10.8,31.0,32.0,35.7,40.7,55.8,51.8,35.1,34.3,38.8,33.2,36.9,39.8,25.6,25.2,21.4,29.8,49.6,58.4,25.6,27.7,29.6,37.7,45.8,43.0,44.9,49.8,1,Medical
MED-0154,33.7,29.8,30.2,25.4,36.8,38.1,28.5,15.8,14.4,30.3,28.9,17.5,42.2,19.5,32.4,29.9,25.6,24.0,23.4,17.7,4.9,30.7,28.8,24.7,8.7,31.8,16.0,15.1,15.3,27.4,48.3,35.7,14.1,30.2,37.7,18.8,22.9,28.9,17.9,30.5,26.0,34.8,14.1,22.4,27.5,15.5,26.3,30.5,42.7,37.2,25.4,22.1,16.7,21.3,21.0,36.5,13.8,26.6,22.1,40.4,14.6,42.9,31.8,26.1,32.5,22.2,1.2,21.7,34.7,17.4,19.2,14.1,24.4,23.5,25.3,27.4,20.8,40.1,24.8,1.8,36.1,26.4,13.1,43.6,12.4,25.5,12.3,15.8,46.8,14.4,31.6,36.6,19.2,21.5,25.8,38.7,1,Medical
MED-0076,41.5,34.1,20.5,24.6,43.1,24.1,28.7,44.2,29.0,32.0,33.0,41.6,34.5,37.4,31.1,31.9,38.3,15.9,39.4,56.9,37.6,34.6,38.2,21.2,43.8,35.4,47.0,20.7,34.1,14.4,34.9,27.4,35.4,38.7,43.2,44.3,15.5,23.6,32.4,46.8,32.2,11.7,26.2,26.2,34.1,38.2,32.3,26.5,22.2,44.7,23.9,31.2,27.6,40.3,28.1,28.5,35.2,28.9,42.9,19.4,18.7,26.8,16.7,30.3,17.3,43.1,43.0,22.8,19.3,30.4,22.4,36.5,43.0,39.6,2.4,35.4,21.6,17.9,27.9,35.5,24.8,49.0,48.5,24.6,30.8,39.2,37.3,50.1,12.4,22.1,33.9,33.2,29.7,33.8,35.0,27.8,1,Medical
MED-0454,12.7,25.1,0.0,32.7,25.3,0.0,33.2,13.1,12.2,11.9,8.8,27.2,8.2,0.0,8.4,8.7,6.2,21.2,0.0,12.2,10.1,15.4,17.9,0.0,5.0,18.4,22.0,12.8,11.3,26.5,25.2,18.1,26.7,28.2,12.4,1.0,28.6,25.6,16.6,16.1,10.3,22.3,27.0,30.4,19.4,11.7,0.0,27.3,19.9,22.7,25.6,16.4,14.6,4.1,14.6,5.4,11.0,7.0,0.0,30.4,8.9,9.6,3.8,26.3,18.4,21.8,24.0,19.3,9.0,17.0,10.8,27.2,22.3,6.7,0.0,22.4,24.9,0.9,20.1,0.0,20.5,14.6,15.5,21.5,14.6,0.0,10.7,11.1,29.3,17.5,19.0,17.5,38.6,18.5,0.0,13.9,1,Medical
SUR-0196,5.1,5.2,22.6,18.9,0.5,12.5,30.8,9.5,31.0,18.3,20.6,0.0,2.1,0.0,1.7,0.0,14.0,12.0,12.4,11.6,28.2,6.7,21.0,16.9,0.0,15.7,3.4,0.0,8.6,3.7,1.1,12.3,0.0,18.4,36.1,25.9,7.9,19.3,4.2,16.2,9.1,12.0,9.9,18.6,12.7,6.3,16.9,49.6,7.6,7.8,4.4,7.2,7.8,20.6,37.1,13.5,18.4,4.4,5.5,0.0,18.3,8.4,11.3,11.0,0.0,12.6,10.1,0.0,11.2,11.0,15.6,18.6,12.5,13.6,10.0,12.3,0.3,11.2,23.1,14.4,23.4,13.4,0.0,17.8,5.1,10.4,29.1,1.5,34.4,4.8,8.9,10.7,24.3,8.6,11.2,13.5,1,Surgical
MED-0278,24.7,20.9,0.0,0.5,0.0,12.0,22.6,32.1,8.6,31.8,17.4,0.0,11.4,18.4,8.5,1.7,22.2,17.6,21.3,6.4,34.7,7.8,15.1,15.4,24.9,6.6,5.3,17.2,25.6,21.3,11.9,0.0,2.3,1.0,15.2,10.2,13.1,22.8,0.0,10.1,17.9,23.1,4.8,23.2,12.5,0.0,8.2,8.4,4.6,3.5,4.8,22.8,7.0,0.0,0.0,4.4,3.3,22.7,18.1,14.6,9.7,13.6,23.7,18.4,28.7,11.1,5.9,28.8,14.8,17.4,26.6,27.1,6.8,18.2,10.6,13.8,11.2,34.5,16.9,32.2,16.0,15.7,0.0,26.6,22.3,7.7,2.5,10.2,25.8,4.4,0.0,8.0,12.7,0.7,16.0,10.7,1,Medical
MED-0069,38.4,17.1,6.5,24.5,16.5,19.5,18.4,38.9,19.4,10.1,28.9,27.4,12.5,17.5,26.5,17.2,31.4,8.3,15.7,39.6,27.2,32.4,30.0,23.3,10.6,18.4,9.1,21.9,29.1,26.5,23.5,27.7,28.4,20.0,30.6,16.6,34.7,12.9,22.7,22.6,25.2,18.7,20.6,8.6,10.5,21.2,26.9,20.4,6.2,28.6,15.0,16.8,10.0,3.1,8.4,13.9,19.3,11.0,8.5,13.6,18.9,19.7,35.2,26.7,35.9,16.5,6.2,4.8,25.3,21.7,13.7,23.9,15.0,9.8,23.4,6.0,34.0,25.2,23.1,16.3,14.5,9.5,23.6,10.4,11.0,22.5,12.7,0.0,24.9,20.7,20.3,19.8,30.8,19.7,19.4,0.5,1,Medical
SUR-0015,30.0,16.1,7.0,19.5,18.6,34.2,7.5,20.5,21.3,10.1,14.9,16.1,23.4,18.9,24.6,30.5,13.8,13.3,4.4,14.3,13.2,17.6,20.2,44.7,23.9,36.3,18.3,18.9,0.0,25.4,15.4,35.4,18.6,12.9,16.1,23.9,19.9,28.1,22.7,8.6,36.9,2.8,26.6,18.7,31.1,23.4,33.1,20.6,19.5,24.1,0.0,18.6,1.3,18.5,14.9,19.0,17.7,12.7,29.9,17.7,8.0,24.0,20.8,40.6,20.9,29.1,5.1,14.0,27.6,6.2,11.0,12.7,10.5,33.0,8.5,23.9,10.8,0.2,22.7,22.6,0.0,23.7,44.1,18.8,27.9,22.2,38.7,7.2,9.3,2.5,21.2,26.7,30.2,1.8,19.2,26.5,1,Surgical
MED-0189,47.9,35.5,32.0,18.9,29.8,23.6,3.8,40.2,16.6,29.2,21.7,21.6,26.4,17.2,27.4,15.7,18.4,32.6,26.6,17.5,32.4,32.0,16.7,26.9,34.4,37.0,20.4,42.2,23.9,10.0,24.8,29.0,38.3,31.8,20.3,19.4,36.2,32.4,21.6,25.6,26.2,33.3,27.1,39.2,12.8,22.1,40.0,33.4,25.6,23.6,32.5,20.0,18.8,30.0,42.4,25.8,38.8,14.7,21.2,35.9,10.5,38.5,39.1,18.0,38.4,46.8,38.3,11.6,25.8,6.5,39.6,25.5,25.1,27.1,30.3,19.5,51.0,36.5,26.7,30.4,9.2,45.8,41.3,40.1,31.3,37.7,25.3,39.7,38.6,34.4,34.1,20.4,22.3,29.9,30.7,24.6,1,Medical
MED-0272,17.3,22.3,10.9,7.2,38.9,5.7,28.9,15.8,19.7,15.2,0.0,30.9,21.8,18.1,26.2,8.7,19.8,4.5,22.8,23.0,17.2,21.1,20.5,18.2,27.6,23.7,14.8,29.6,22.4,19.6,34.9,15.2,37.6,27.3,20.6,13.3,31.3,9.9,0.8,22.8,26.4,11.1,27.6,29.5,26.1,17.3,21.8,29.3,9.1,1.0,32.9,13.4,27.3,33.6,33.5,24.7,40.4,18.5,23.1,17.8,8.0,25.1,28.0,22.1,28.5,22.2,23.8,28.3,30.7,12.9,17.8,30.2,16.0,26.3,24.1,11.8,19.6,11.6,17.7,13.3,36.1,21.0,22.9,21.9,28.9,21.4,25.3,0.0,25.9,12.7,5.2,26.8,19.4,30.0,12.1,36.4,1,Medical
MED-0237,20.7,18.3,25.0,32.1,45.5,18.6,33.5,25.4,11.1,10.2,22.8,37.0,42.6,32.4,37.3,25.7,22.4,37.1,13.0,38.3,48.5,16.8,47.9,32.7,18.0,21.6,29.3,24.6,32.2,28.7,14.4,20.5,33.5,32.8,17.9,16.5,39.7,32.1,28.3,31.9,27.1,26.3,20.7,14.6,13.4,18.3,2.3,19.5,32.9,40.8,13.1,31.5,20.3,34.4,28.4,0.0,28.5,33.7,38.1,14.4,38.3,45.3,23.4,14.7,27.6,28.7,45.1,19.2,19.3,15.7,7.6,34.7,38.2,12.3,36.6,22.2,32.6,19.8,21.2,25.5,1.0,35.8,31.1,21.1,18.5,29.5,21.7,21.3,29.3,32.5,38.8,25.6,14.7,11.7,19.2,19.3,1,Medical
MED-0089,15.0,20.0,42.5,20.7,7.7,17.5,7.7,14.5,18.0,17.9,18.1,16.3,23.4,29.7,16.8,28.0,34.6,22.8,17.9,26.3,15.0,12.9,0.0,46.6,6.2,26.7,5.9,14.0,13.6,15.1,0.0,3.9,18.7,7.6,18.6,13.9,17.5,26.1,3.7,6.4,35.3,11.2,22.0,8.7,9.6,18.0,19.9,29.1,18.0,32.6,13.3,3.3,10.8,33.8,20.7,19.4,13.7,27.3,20.9,19.0,15.6,8.7,8.9,8.8,7.1,23.9,8.9,11.6,6.8,11.0,28.6,13.1,10.7,23.7,9.4,17.8,22.6,2.0,26.0,22.6,6.0,10.5,15.1,10.6,22.8,21.6,37.8,21.1,6.7,16.6,34.6,3.9,35.9,4.6,7.3,8.1,1,Medical
SUR-0263,24.2,39.3,39.2,21.9,17.7,27.0,21.2,19.6,12.9,31.5,30.3,11.1,23.8,29.4,34.7,5.4,17.3,31.1,21.6,20.5,18.2,19.8,45.9,28.3,40.7,34.3,32.0,35.0,26.1,40.2,28.4,24.9,37.1,30.3,32.5,19.3,29.3,16.7,13.5,21.7,31.5,24.9,0.0,20.7,12.2,28.9,41.2,43.7,20.7,26.9,16.6,13.6,35.8,21.4,4.6,27.7,25.7,44.9,25.7,36.5,24.3,27.1,27.7,14.5,14.8,31.7,15.3,21.3,8.7,21.7,45.8,41.7,27.5,25.8,22.1,32.1,22.0,24.3,27.8,45.4,10.2,26.1,28.3,36.1,38.5,45.7,33.1,33.8,35.1,37.9,49.4,36.1,24.4,15.7,27.9,19.4,1,Surgical
MED-0118,26.3,21.2,36.0,29.1,42.0,32.4,32.1,23.0,25.2,28.6,32.7,31.5,14.6,39.5,45.8,36.2,26.5,28.0,16.6,21.3,2.4,19.6,21.2,45.1,42.7,25.6,13.2,9.3,27.3,49.4,21.2,26.6,28.2,25.6,42.1,24.7,13.2,30.7,17.4,31.0,28.5,44.9,18.5,35.1,28.8,9.8,34.7,20.6,44.4,29.5,33.5,20.2,35.2,14.9,23.4,14.3,34.1,11.4,35.5,29.8,26.9,24.9,29.7,39.2,33.3,25.1,41.7,4.7,25.6,23.4,36.0,13.6,30.4,9.1,23.3,30.4,24.3,43.4,36.3,29.2,14.5,17.0,19.1,14.8,20.3,27.3,25.9,21.9,19.9,24.9,35.3,14.0,26.4,39.7,13.8,28.1,1,Medical
MED-0126,15.2,15.0,18.9,8.9,29.2,31.6,25.8,4.0,16.1,12.2,20.6,16.2,13.9,24.2,29.7,0.0,18.9,28.7,33.9,33.5,20.2,45.4,8.9,28.3,29.0,13.3,25.7,28.9,12.9,13.4,34.6,15.9,19.7,15.6,35.0,23.6,25.1,31.7,20.8,32.8,18.1,17.0,10.7,39.7,20.3,34.3,29.6,19.4,49.2,25.6,7.3,30.9,21.2,35.0,21.9,40.6,16.9,38.9,44.1,6.5,19.1,30.9,11.1,14.1,41.5,16.2,24.1,15.0,14.4,26.4,30.6,30.0,27.3,35.7,27.3,19.7,12.8,30.0,8.5,32.6,19.7,11.8,33.9,13.9,29.4,27.0,13.2,31.6,18.9,12.7,2.1,29.4,32.4,6.3,22.2,22.1,1,Medical
SUR-0161,40.3,17.4,38.2,21.9,42.2,23.5,36.7,28.1,32.3,30.1,23.2,48.1,27.7,43.1,44.5,20.7,27.2,31.8,33.7,39.0,22.7,40.0,29.4,31.1,52.4,44.5,30.9,36.3,26.2,42.8,24.6,46.6,15.5,28.1,38.4,26.7,28.8,38.1,19.4,34.4,30.0,25.4,40.0,24.9,46.7,29.8,33.6,27.4,29.2,34.7,21.3,33.3,15.4,12.9,29.3,22.2,34.3,20.2,30.4,24.7,47.4,28.6,21.6,22.4,38.3,21.9,35.9,35.1,31.0,33.7,41.9,25.3,40.7,36.8,37.6,35.5,37.6,38.9,34.7,18.9,33.2,65.8,38.1,47.1,48.2,25.8,17.4,26.6,23.8,49.2,36.1,35.5,33.4,28.2,25.3,26.1,1,Surgical
MED-0290,21.3,0.0,13.5,18.1,28.4,38.0,27.4,43.2,17.4,13.5,11.1,27.4,20.5,27.6,11.8,38.4,26.5,14.5,17.6,3.8,8.9,25.0,3.3,30.4,24.7,18.7,17.9,33.7,9.8,22.3,9.0,0.0,26.1,31.4,10.0,21.7,8.7,29.3,22.5,26.1,25.0,21.4,23.2,28.8,18.3,27.8,20.5,24.4,33.8,15.9,29.1,13.6,5.6,38.6,21.4,23.5,0.5,14.4,9.8,29.3,24.7,46.0,9.8,27.7,25.9,16.7,22.1,24.8,31.4,22.9,12.9,12.5,18.6,19.8,45.6,13.7,24.0,16.4,34.3,16.6,19.0,27.6,26.9,21.0,32.7,0.0,25.8,3.5,20.4,0.0,16.7,22.0,21.4,15.0,18.5,11.4,1,Medical
MED-0239,27.5,31.9,29.9,32.2,26.9,32.1,31.0,15.5,27.8,26.5,28.6,33.1,30.3,36.7,22.6,18.9,17.4,31.3,8.4,37.3,29.7,40.3,22.3,54.1,55.0,49.7,50.5,27.1,31.7,34.2,32.6,17.1,18.4,38.9,37.5,18.0,28.5,25.0,11.9,11.1,46.9,38.9,16.7,38.6,28.6,29.2,15.6,29.8,42.1,19.7,34.3,24.9,22.9,34.8,30.2,10.5,27.8,38.1,40.8,21.2,27.9,44.0,12.1,49.5,35.1,35.5,45.4,36.2,41.2,12.2,11.9,15.7,36.0,37.8,54.2,26.5,37.6,29.9,46.4,38.2,26.2,42.9,26.7,37.9,25.2,35.7,51.4,26.8,31.7,38.3,22.9,29.9,28.3,34.5,49.5,34.4,1,Medical
MED-0001,55.5,40.5,52.1,45.5,71.3,43.5,76.2,58.8,55.5,52.7,38.6,67.8,57.0,58.6,73.4,51.7,40.1,54.7,50.7,82.5,53.1,62.8,61.2,56.6,51.7,48.6,53.1,53.0,51.3,50.5,52.4,65.4,55.9,65.1,53.8,59.4,65.8,61.3,59.8,72.4,65.9,54.8,68.3,61.0,67.4,47.1,47.6,54.6,58.4,61.3,65.9,55.4,66.9,44.4,60.9,31.5,53.1,52.9,55.4,67.0,45.8,73.5,52.5,46.2,61.0,63.8,73.1,43.6,56.3,68.0,54.4,58.6,49.6,49.3,43.1,64.2,59.7,60.1,72.5,61.0,58.7,50.9,57.6,67.5,37.8,52.3,42.9,53.9,38.1,46.7,63.1,61.5,57.4,61.3,72.9,54.7,0,Medical
SUR-0292,3.4,3.4,18.1,7.6,13.2,6.6,17.8,8.5,20.7,26.1,16.4,16.4,14.0,21.2,7.3,1.8,2.4,0.0,15.5,11.7,0.4,10.4,14.0,0.0,21.0,16.1,3.1,6.4,0.0,0.7,3.1,1.0,29.2,11.6,2.1,22.5,11.5,26.4,0.0,20.4,25.0,30.2,10.4,13.4,15.9,13.3,2.9,0.0,8.3,0.0,19.8,1.8,2.8,11.1,7.6,17.9,0.0,10.2,24.4,3.2,8.8,0.0,2.7,17.3,16.1,7.3,0.0,0.0,16.0,19.5,0.0,16.4,1.2,13.5,25.4,12.0,9.0,10.1,26.4,4.8,21.5,36.6,4.3,23.0,3.2,0.0,0.0,0.0,27.6,18.8,2.3,0.0,4.3,12.1,0.0,0.0,1,Surgical
SUR-0103,34.4,0.0,37.3,35.3,20.9,22.5,26.4,39.7,46.8,20.9,31.2,28.4,27.6,31.0,23.1,21.3,21.0,38.7,20.0,34.3,52.4,22.1,41.9,30.3,14.7,27.4,27.4,28.2,13.7,14.3,32.2,37.5,39.5,47.8,39.6,21.9,29.7,50.9,29.9,37.9,28.9,36.6,12.7,33.9,39.4,28.8,28.1,33.5,0.9,31.5,22.5,39.9,16.6,12.6,27.4,34.5,42.0,17.6,12.2,30.9,37.2,41.6,40.0,37.4,53.3,30.0,23.4,42.4,17.6,9.3,25.9,21.0,22.7,36.4,39.1,17.9,27.5,25.0,14.6,47.4,18.6,30.8,50.3,33.1,35.6,20.6,20.6,23.0,23.6,28.4,21.1,29.6,41.3,23.4,41.6,25.3,1,Surgical
SUR-0295,31.4,21.3,21.0,28.7,30.4,29.9,28.9,33.8,26.8,11.1,38.0,30.9,20.6,31.9,14.6,30.2,26.7,32.4,25.5,26.5,13.3,21.7,30.1,34.0,29.9,11.2,19.9,32.6,35.5,46.0,33.3,31.5,20.7,24.2,13.4,34.4,18.8,21.4,30.1,51.1,30.7,30.2,26.1,24.4,34.5,25.2,31.6,38.0,14.4,36.1,29.9,31.5,7.3,23.2,29.9,39.5,24.3,20.6,26.9,33.1,35.2,24.1,12.5,38.7,23.3,16.5,25.7,39.6,34.8,25.0,19.6,27.7,21.6,37.4,6.8,15.9,32.8,34.3,13.2,43.2,24.7,20.1,17.5,31.8,24.7,18.7,22.9,12.5,25.7,5.5,31.7,36.1,31.6,21.3,23.4,22.5,1,Surgical
MED-0466,13.0,8.3,15.9,28.1,6.0,7.8,2.6,20.9,39.6,3.5,22.9,0.0,9.6,12.8,10.6,11.5,16.7,15.1,23.7,5.9,23.2,24.6,21.1,18.6,5.6,9.0,12.2,17.9,12.7,0.0,4.6,12.5,22.4,14.9,14.6,9.0,0.0,8.6,34.8,10.2,24.3,0.0,30.5,25.2,24.2,15.3,45.0,9.0,17.0,0.4,11.6,0.0,12.1,13.2,23.0,8.8,12.2,26.2,21.9,0.0,11.5,5.6,12.8,30.9,16.6,13.8,3.3,6.3,17.8,19.6,9.4,8.6,0.0,28.3,7.4,10.6,25.3,14.2,19.7,20.4,5.1,17.9,11.4,6.3,15.1,40.8,7.9,9.4,6.0,23.5,22.1,18.3,20.1,27.8,11.4,0.0,1,Medical
MED-0279,0.0,35.1,7.4,6.6,3.0,0.0,19.1,0.0,23.6,7.9,15.5,17.7,11.6,31.8,20.7,11.0,7.8,33.1,17.2,31.7,12.4,17.0,26.1,20.6,9.7,19.9,13.8,28.4,10.5,5.4,12.2,20.3,1.0,33.5,3.4,6.5,6.0,23.7,0.0,16.5,6.8,23.7,22.5,17.1,5.2,0.0,8.2,0.0,25.9,16.1,0.0,29.0,0.0,26.7,12.4,2.5,31.1,17.4,29.3,0.0,3.3,0.0,6.2,6.8,22.6,18.6,0.0,12.4,3.4,10.7,12.2,25.1,23.9,19.3,5.0,17.0,12.5,7.4,21.8,30.9,0.4,0.0,16.1,18.1,0.0,20.1,24.0,17.0,9.0,6.1,2.1,0.0,13.3,4.4,26.8,13.6,1,Medical
SUR-0125,8.9,23.7,20.5,41.1,22.9,25.3,3.3,0.0,33.3,22.5,23.5,3.2,18.3,23.4,13.4,28.2,31.3,21.0,34.5,20.1,16.9,17.2,23.2,11.6,24.2,23.5,24.3,29.7,21.7,32.7,27.0,0.0,30.8,39.4,17.0,16.5,22.4,36.8,17.7,27.9,16.5,25.1,36.1,10.1,19.6,33.9,35.7,12.8,31.6,23.3,18.4,13.5,27.8,35.2,31.8,19.0,12.0,22.8,28.3,24.4,4.7,41.0,20.8,26.7,26.7,19.2,14.9,19.0,19.6,9.6,39.7,25.4,26.2,39.7,30.9,29.6,8.1,26.7,24.0,14.2,7.8,21.1,11.8,15.0,5.4,27.0,3.7,31.3,11.5,15.8,16.2,32.2,35.1,26.7,16.0,16.8,1,Surgical
MED-0117,44.8,32.9,37.1,26.8,17.2,14.9,27.6,11.6,61.6,32.5,32.8,35.4,26.8,22.5,29.0,18.4,23.5,33.8,27.9,17.3,28.2,32.4,33.8,30.2,39.1,16.4,44.3,36.0,29.5,26.4,39.6,12.3,25.7,31.9,29.5,25.3,49.8,28.0,39.2,33.2,36.8,14.4,44.3,41.9,33.4,44.8,47.2,25.9,25.1,31.0,8.8,35.6,20.9,10.9,31.5,20.3,42.9,29.3,27.5,20.2,23.3,27.3,36.9,26.3,41.0,37.2,24.1,9.2,38.3,29.3,45.7,30.8,39.9,34.5,26.7,14.9,39.2,30.0,21.0,43.7,18.6,38.3,28.7,28.5,42.8,5.4,61.3,31.4,38.7,37.2,29.3,10.4,11.1,16.5,17.1,47.8,1,Medical
MED-0229,59.5,43.2,45.4,49.3,48.8,47.7,76.1,49.8,51.9,64.2,42.0,35.6,64.0,59.8,43.6,43.5,46.9,47.6,37.8,55.9,58.2,50.6,30.6,42.9,53.8,50.2,47.8,51.9,38.4,48.6,42.1,27.3,53.0,45.2,69.4,61.6,38.6,37.9,35.2,60.5,42.8,58.0,54.7,53.1,51.4,37.0,47.2,44.1,50.7,43.9,64.0,33.8,36.0,47.0,49.9,38.6,47.8,52.1,66.5,68.3,50.3,59.8,56.2,61.9,59.0,57.9,51.3,52.6,35.6,52.7,38.7,44.9,47.6,35.8,59.9,35.4,38.4,62.9,39.2,39.1,53.7,68.1,48.6,53.2,28.5,58.7,44.4,64.5,39.5,61.7,58.9,57.3,28.1,43.8,70.5,56.5,1,Medical
SUR-0257,44.2,30.8,22.4,40.3,25.5,10.5,30.5,34.2,42.6,34.1,29.3,23.3,45.3,42.6,45.5,33.3,35.6,24.1,41.9,23.6,13.9,23.5,49.7,24.3,32.2,28.6,44.9,22.0,35.7,29.5,39.6,41.2,26.1,40.9,30.7,50.0,17.5,37.5,44.7,28.4,29.6,36.8,40.2,30.6,34.5,33.8,47.8,21.6,36.2,53.0,27.7,31.9,26.7,28.4,31.7,27.1,34.6,43.1,29.2,27.0,30.8,32.0,34.1,45.3,25.1,32.4,25.3,38.7,23.2,29.8,38.2,32.3,24.4,36.5,35.0,31.8,44.7,29.1,17.5,33.6,30.0,16.4,35.7,26.7,36.8,17.4,32.7,36.4,33.8,42.8,28.2,30.6,35.2,23.5,24.9,31.6,1,Surgical
MED-0421,31.6,34.2,25.2,27.3,37.7,29.2,32.9,26.8,39.2,22.8,21.4,48.3,42.1,42.6,45.6,22.6,40.7,15.0,28.0,12.3,22.9,48.4,54.7,42.6,13.8,26.1,17.4,31.9,40.2,24.7,34.6,44.8,52.9,25.0,37.3,44.5,25.7,20.3,44.2,34.7,31.1,21.1,43.3,35.5,29.4,43.6,31.1,17.6,50.0,40.4,46.8,33.0,23.1,59.6,22.9,31.3,42.6,29.2,52.3,29.9,19.2,32.7,36.9,44.4,29.1,35.9,23.8,24.3,13.8,33.0,40.7,51.2,20.1,34.2,25.0,41.1,46.5,36.4,56.9,24.0,42.3,47.9,27.6,51.6,40.1,26.2,25.4,22.8,33.1,48.0,22.2,18.9,26.1,35.8,41.7,36.9,1,Medical
MED-0435,34.2,14.7,7.9,23.0,8.0,11.6,20.2,18.1,34.2,3.8,34.7,15.5,8.7,31.5,0.0,0.0,20.7,7.2,16.2,41.2,29.1,40.0,15.4,17.4,7.8,28.7,18.9,13.5,21.4,0.0,34.6,12.8,16.2,24.4,22.6,10.1,42.4,13.6,20.7,25.0,30.5,36.8,23.3,25.2,6.7,21.2,33.2,28.0,20.1,11.1,26.7,39.0,22.0,14.9,17.5,20.4,27.0,27.5,8.0,21.3,30.4,12.3,23.8,27.1,37.1,22.1,7.7,12.0,42.2,27.1,36.4,29.4,9.5,23.9,17.2,0.0,6.9,26.6,25.8,22.3,40.3,32.2,27.1,16.5,14.6,23.5,20.8,31.6,30.5,5.2,19.0,17.1,33.6,6.4,23.4,10.6,1,Medical
MED-0275,18.2,6.6,12.4,13.3,9.8,11.7,3.6,10.0,11.9,32.8,21.1,29.6,12.3,7.5,0.0,10.5,9.3,19.5,32.6,0.0,10.5,3.8,18.3,19.8,9.9,7.8,15.0,21.2,9.3,20.4,29.0,14.9,9.8,20.6,0.0,16.4,7.2,0.0,12.7,1.1,20.6,15.1,23.7,24.9,0.0,16.5,46.3,16.8,5.9,17.5,22.3,0.0,7.8,1.1,14.9,24.8,20.0,14.7,0.0,30.6,10.7,10.2,5.2,22.8,8.4,2.1,4.6,5.3,32.9,20.4,0.0,0.0,1.6,18.5,23.5,24.1,0.0,17.7,15.2,18.0,0.0,4.4,23.9,0.0,29.2,12.2,31.4,15.1,18.6,7.0,14.8,9.1,3.5,26.4,9.4,18.8,1,Medical
MED-0319,23.2,18.2,19.0,11.2,3.1,7.2,13.7,5.4,21.1,8.9,13.7,25.1,24.1,4.0,13.9,10.1,19.1,6.6,23.3,22.8,21.2,26.1,15.2,20.5,21.9,21.9,1.8,21.0,9.5,10.6,20.9,25.9,27.6,18.9,16.2,20.3,1.6,1.4,23.4,21.3,23.0,0.0,15.3,26.1,24.2,30.6,22.6,19.2,19.3,4.9,2.6,24.2,17.7,35.5,17.7,21.0,0.0,32.2,18.0,42.3,19.6,1.0,25.2,29.9,27.0,15.3,33.1,10.7,14.4,37.1,20.3,20.6,5.5,0.1,26.9,31.0,26.8,18.1,25.9,7.4,15.5,0.0,24.1,31.6,18.2,16.6,6.4,0.0,11.0,13.9,43.9,13.4,3.7,21.0,34.5,4.5,1,Medical
SUR-0052,36.5,43.7,34.3,22.1,45.9,38.8,43.2,42.2,40.6,34.1,32.5,31.2,21.0,55.9,34.0,39.2,34.7,42.1,36.3,15.9,33.8,44.9,26.7,27.8,40.2,28.0,62.4,32.1,18.6,29.2,18.3,38.9,35.6,45.3,40.2,18.8,52.4,36.6,48.0,14.3,42.3,20.9,27.7,6.4,46.7,50.2,41.0,50.8,23.1,20.2,27.0,31.3,21.0,48.0,19.0,24.0,49.1,24.9,26.7,43.5,48.7,28.8,19.2,38.3,51.6,31.1,15.2,25.8,19.6,29.1,27.0,33.6,32.4,38.4,52.0,38.2,23.0,24.3,13.3,47.8,23.3,21.1,16.7,46.7,50.5,37.0,33.7,41.3,53.3,22.7,30.3,47.7,17.0,39.8,24.9,43.4,1,Surgical
MED-0145,37.8,19.3,36.8,38.5,32.9,18.5,28.5,33.1,32.5,25.1,41.2,40.2,45.5,12.1,20.8,63.1,19.2,19.0,31.7,25.7,18.2,27.4,16.3,4.5,14.0,30.5,24.1,37.4,26.3,17.5,23.4,13.3,26.8,39.7,43.9,23.8,32.4,52.0,36.7,34.8,30.2,20.0,36.2,19.9,38.3,41.4,9.3,44.5,33.1,16.1,32.4,11.7,30.5,25.1,26.2,32.0,13.8,15.0,16.7,44.3,34.5,24.0,39.0,31.8,24.7,31.8,28.8,37.4,11.9,7.9,14.5,23.7,24.9,27.2,7.3,24.2,35.9,34.2,17.1,20.7,17.1,24.8,31.2,29.2,32.9,34.3,28.7,21.6,36.3,32.7,50.5,30.6,40.3,31.7,4.9,23.4,1,Medical
SUR-0149,7.7,26.1,24.4,2.5,14.3,26.0,0.2,12.9,11.2,4.2,18.3,0.0,27.2,0.0,12.8,0.8,7.9,20.7,0.0,0.0,18.5,10.5,19.6,28.1,15.4,17.0,12.6,1.6,13.0,14.8,15.1,7.9,21.4,9.7,15.9,6.1,2.3,26.5,0.0,0.0,4.1,32.6,21.7,4.3,6.1,1.6,12.4,4.4,0.0,14.7,5.4,13.0,16.6,7.7,0.3,4.2,17.7,3.5,10.0,17.8,3.5,7.0,25.2,6.2,32.2,19.8,17.7,10.9,0.0,7.6,0.0,19.1,25.5,20.0,12.2,25.3,20.3,16.7,9.7,6.4,13.1,4.2,5.7,9.4,7.3,14.1,0.1,0.0,2.8,16.3,7.4,9.3,16.4,20.1,18.1,4.2,1,Surgical
SUR-0236,47.9,49.5,19.3,22.2,48.9,29.3,26.0,34.4,36.3,47.3,51.2,42.3,21.7,12.3,26.7,36.2,26.6,34.3,46.0,32.1,39.5,31.0,31.1,52.9,36.9,28.5,49.6,44.1,19.3,39.0,18.3,27.9,47.1,15.8,44.5,28.8,43.3,41.4,43.4,19.7,25.8,36.8,37.7,23.9,33.9,47.2,6.0,37.7,40.9,27.6,22.8,32.9,49.6,34.9,43.0,52.4,27.2,53.9,48.2,41.1,35.9,14.6,39.7,37.4,50.5,32.8,27.3,24.8,38.5,55.3,36.7,27.4,51.5,24.7,50.4,44.2,45.2,58.0,33.2,39.3,31.9,47.2,37.0,17.2,26.0,42.0,36.1,23.4,28.5,28.8,27.2,38.8,34.0,22.8,36.3,49.1,1,Surgical
SUR-0227,31.9,13.7,24.4,22.3,7.0,24.8,15.6,7.6,21.9,26.4,21.2,17.3,22.2,23.8,23.7,31.6,14.4,28.4,27.3,15.3,17.5,16.2,0.0,15.5,14.0,14.4,19.3,31.0,25.5,37.6,11.6,47.4,19.3,28.2,27.0,6.1,13.5,18.4,11.7,24.8,17.7,25.6,26.8,14.9,4.7,23.3,38.9,28.2,22.8,30.1,24.4,18.3,11.3,27.2,1.3,26.9,22.9,20.0,17.2,25.8,4.0,23.9,31.0,25.5,19.6,10.9,24.7,12.0,25.4,43.3,31.2,16.5,21.4,22.1,21.5,27.2,18.5,17.6,37.2,31.0,35.5,21.1,17.8,26.5,20.4,8.7,4.7,16.5,0.0,32.5,0.0,22.6,10.5,12.3,13.2,23.5,1,Surgical
SUR-0086,17.6,13.3,37.1,21.7,34.7,24.8,0.0,18.3,41.1,40.5,27.9,21.3,24.5,34.3,23.2,26.8,39.3,30.7,24.0,35.6,36.1,40.4,38.6,35.8,26.2,21.2,43.3,29.5,33.5,14.0,34.6,31.7,30.9,32.9,25.7,32.0,14.5,24.8,35.6,22.7,29.5,32.8,35.0,25.2,27.3,27.1,38.4,33.5,27.7,34.1,39.0,20.7,34.1,31.7,20.8,35.7,37.2,39.9,12.6,10.5,38.2,45.2,4.7,30.6,27.8,15.3,22.0,17.3,40.0,38.7,19.0,23.2,33.6,33.3,27.1,14.8,54.9,15.5,29.4,36.5,35.4,33.1,30.3,26.6,39.4,18.8,42.2,32.2,35.3,24.3,20.9,10.9,21.0,29.2,19.5,38.5,1,Surgical
MED-0370,36.2,25.1,13.4,10.9,20.3,9.8,5.6,0.0,7.7,23.3,22.0,17.8,18.9,18.7,2.0,2.0,21.4,14.8,24.5,12.4,0.3,12.8,18.6,3.1,5.2,27.9,0.0,10.5,19.5,2.1,13.3,6.3,17.2,21.7,0.0,2.2,12.4,16.3,16.1,12.7,0.0,0.0,4.0,9.3,2.2,6.4,15.3,4.6,1.0,8.8,28.1,9.2,12.5,27.4,30.9,14.6,22.0,1.5,11.8,14.5,18.1,15.8,22.1,23.2,9.2,14.3,6.3,0.7,20.9,9.4,21.0,13.3,0.8,11.9,21.3,17.6,17.4,13.8,37.8,23.1,14.1,17.0,2.7,23.7,19.0,13.4,12.6,9.3,17.3,26.2,18.9,19.9,9.0,22.8,6.8,15.4,1,Medical
MED-0269,0.0,1.3,12.4,5.9,5.4,19.6,13.0,8.9,17.1,13.8,19.9,0.0,12.5,9.6,23.9,8.5,0.5,0.4,11.0,0.9,17.6,15.0,1.6,11.8,35.9,9.7,0.9,13.7,9.4,12.3,28.6,0.0,3.1,21.2,3.3,15.9,9.5,20.7,0.5,9.8,11.3,30.3,0.0,23.7,12.7,23.3,13.2,0.0,11.5,6.0,15.2,7.7,6.3,22.1,15.8,15.7,2.7,35.2,3.6,25.7,7.9,12.8,0.0,37.5,20.0,20.4,7.8,3.0,0.0,17.6,17.4,21.9,5.6,0.0,9.0,15.7,0.0,8.8,4.0,12.1,24.0,14.3,19.8,15.9,21.4,23.4,7.5,18.1,9.5,4.4,23.5,15.4,21.6,3.2,6.1,27.5,1,Medical
SUR-0068,5.7,4.5,13.2,20.9,5.0,0.5,0.0,16.0,7.8,0.7,25.9,6.6,0.0,14.5,4.8,16.6,17.4,18.1,23.4,0.0,20.5,1.0,0.0,12.0,0.0,5.3,0.0,20.6,5.4,0.0,0.0,6.1,20.6,20.2,8.0,24.3,20.3,15.0,13.2,0.2,0.0,0.4,21.7,7.5,0.0,16.2,24.2,0.0,0.0,9.8,3.8,0.0,0.0,23.6,16.9,2.0,17.7,12.2,18.5,3.9,7.3,0.0,14.1,17.9,0.0,8.9,30.7,36.3,13.5,13.9,21.7,20.5,0.0,12.1,1.3,0.0,20.3,16.3,0.0,0.0,9.5,0.2,17.6,17.2,4.6,0.0,23.6,0.0,0.0,12.7,2.8,9.6,25.2,15.2,11.3,5.5,1,Surgical
MED-0308,14.8,29.1,39.1,20.1,20.4,15.9,28.3,33.2,37.9,49.0,34.7,36.8,34.5,16.1,31.0,37.8,45.4,18.5,24.3,17.1,33.3,23.2,13.6,46.3,35.8,19.2,30.1,21.0,18.0,31.6,33.5,18.8,38.1,17.7,17.4,14.9,27.8,9.7,23.9,22.9,28.8,30.8,20.5,38.7,17.5,43.4,22.7,34.8,30.2,29.9,4.2,35.1,16.3,32.0,17.2,35.6,21.1,4.7,6.4,41.3,34.7,24.0,41.2,23.5,16.3,31.7,14.4,34.3,31.2,37.7,25.8,40.5,40.7,16.5,21.7,21.8,21.8,32.8,19.9,9.5,29.6,39.4,9.0,27.6,29.7,39.6,4.8,36.7,24.0,18.8,35.0,19.4,44.8,34.9,0.0,22.2,1,Medical
MED-0311,38.0,43.2,34.3,4.8,32.1,39.3,40.1,48.2,29.1,18.4,35.5,30.1,34.5,48.7,28.3,47.4,40.9,20.3,27.1,30.2,35.4,42.8,44.8,53.2,34.1,19.7,32.2,47.1,40.9,32.6,28.6,23.4,28.3,27.3,23.8,18.2,56.4,30.5,24.9,37.6,27.0,18.7,50.3,27.5,38.7,37.1,30.5,23.4,33.7,43.0,35.6,30.9,31.5,37.5,31.3,36.8,18.5,45.1,33.6,30.8,33.4,28.1,50.0,41.0,46.3,38.9,30.3,33.6,25.8,30.3,37.9,32.4,36.0,36.1,27.0,1.7,48.0,35.1,32.9,39.4,15.8,16.7,37.3,32.8,24.4,26.9,18.8,36.3,32.8,45.9,36.0,43.8,32.4,40.6,47.5,35.2,1,Medical
MED-0452,0.0,10.2,7.4,0.2,18.7,15.0,7.9,25.2,16.5,11.4,17.6,18.7,12.8,19.3,23.9,1.0,0.0,12.6,10.2,7.3,33.2,7.8,22.2,7.7,17.3,7.8,13.2,25.7,10.0,21.0,0.0,0.9,9.3,1.5,19.8,0.0,16.2,8.0,8.2,13.4,0.0,0.0,6.6,2.3,12.9,0.0,7.4,3.1,0.0,0.0,5.0,9.1,25.3,17.0,16.0,0.0,0.0,11.1,4.0,1.2,2.7,0.0,10.4,13.1,0.0,11.7,13.8,12.1,22.7,31.6,7.7,8.5,30.9,1.3,23.7,13.0,0.0,0.0,11.1,15.3,0.0,11.2,26.7,12.3,0.0,10.9,6.5,0.8,17.2,10.8,10.0,9.2,17.5,13.0,28.9,26.2,1,Medical
MED-0047,52.6,29.0,38.6,35.6,40.3,29.2,46.1,37.9,35.2,33.0,32.0,32.1,33.3,33.5,34.7,27.3,57.2,24.7,29.9,35.6,40.6,33.2,41.8,40.6,41.9,28.7,24.8,34.0,44.2,42.7,42.6,12.2,36.3,24.0,49.8,14.7,18.2,29.6,45.2,48.5,31.2,20.5,42.1,15.8,42.0,29.2,29.7,38.1,40.3,39.4,39.5,22.3,32.8,25.3,29.5,38.9,37.2,34.3,23.7,35.1,26.4,31.0,21.6,26.8,20.7,26.7,27.3,49.9,21.8,35.1,33.8,33.1,33.9,34.4,17.8,37.1,14.6,21.8,20.7,20.2,36.5,50.2,19.1,31.3,22.8,40.0,13.1,17.8,22.7,24.8,20.3,47.7,34.2,29.7,20.3,31.3,1,Medical
MED-0350,1.1,25.2,19.6,0.0,18.6,29.9,24.4,13.1,4.3,17.4,21.3,17.9,18.2,34.7,22.0,31.0,7.7,27.4,7.1,25.3,26.7,0.0,14.1,24.2,10.0,31.3,24.7,7.8,14.2,2.4,13.8,3.5,6.1,8.1,31.1,11.8,25.3,11.8,15.1,20.6,19.0,12.2,21.1,14.4,19.2,21.4,14.6,8.9,15.0,20.0,25.6,26.9,24.4,30.7,26.9,18.5,35.0,16.4,13.9,21.6,7.4,8.6,0.0,34.0,28.0,30.5,9.8,8.8,32.5,0.0,33.8,22.8,21.2,20.9,25.7,30.8,14.0,19.9,19.8,11.7,21.4,20.7,5.1,29.5,9.5,14.0,7.7,16.2,19.0,17.5,23.4,15.6,27.9,26.8,1.9,13.1,1,Medical
MED-0372,21.3,0.0,16.9,0.0,11.2,25.1,0.0,8.1,4.5,3.0,24.6,18.7,0.0,9.5,22.5,15.3,7.1,0.8,21.3,20.1,13.0,8.1,18.0,20.1,3.1,16.4,10.7,18.2,9.8,1.7,17.2,25.5,13.2,13.9,18.9,21.9,14.2,15.5,0.0,15.4,2.6,35.9,5.0,17.5,12.3,17.4,13.1,0.3,12.6,9.5,9.0,0.0,10.9,0.0,0.0,5.3,0.0,12.5,14.8,5.2,13.8,15.3,12.1,22.2,15.4,0.7,18.7,8.6,16.3,0.0,0.0,0.0,16.5,18.7,12.0,0.0,3.8,14.1,22.2,10.5,12.4,4.2,4.6,0.0,0.0,0.0,15.5,17.1,12.0,6.9,34.1,0.0,0.0,13.1,18.9,3.3,1,Medical
SUR-0024,32.9,36.9,16.9,34.5,33.2,38.8,33.8,24.6,30.6,41.0,35.7,21.1,48.8,25.5,29.1,40.3,31.2,32.9,30.4,43.5,45.2,51.6,7.5,23.5,29.7,46.9,29.0,38.5,49.6,20.6,55.9,27.4,15.8,34.3,37.5,34.4,28.3,30.1,13.6,47.6,32.0,46.8,39.6,47.5,30.4,17.4,32.3,47.7,24.4,23.7,40.9,39.0,25.7,23.3,34.0,36.3,37.6,25.1,23.9,52.6,27.9,32.7,25.5,37.7,38.5,54.0,32.2,37.3,16.7,40.7,21.8,25.4,20.7,40.8,30.2,30.0,14.1,31.6,30.8,44.4,30.0,34.1,20.4,33.6,40.2,19.0,25.7,41.3,48.1,39.9,27.9,18.7,42.8,36.1,34.2,24.5,1,Surgical
MED-0262,31.2,41.3,17.3,40.3,48.8,37.4,34.7,38.4,36.9,31.7,52.6,49.1,55.0,31.2,48.9,58.4,39.5,30.4,43.6,42.8,38.7,22.0,30.8,28.1,43.2,40.4,36.7,38.6,46.9,48.9,43.2,45.0,24.3,40.7,29.9,29.2,50.7,56.0,34.9,34.2,42.7,51.0,47.5,34.2,46.9,34.0,31.5,47.9,30.5,35.5,31.9,41.0,49.2,37.2,30.9,27.3,39.0,48.9,42.3,38.0,27.7,27.8,43.8,25.4,30.6,39.9,42.6,24.8,48.5,43.1,51.4,49.1,33.3,57.2,36.7,32.0,30.8,48.1,48.9,56.7,15.1,59.8,49.3,35.0,23.2,36.2,26.7,43.8,32.9,38.8,23.7,22.6,50.1,52.3,30.0,52.3,1,Medical
MED-0196,13.4,21.1,7.4,17.4,8.3,19.6,9.9,32.3,5.9,10.4,12.1,0.0,8.3,3.0,26.8,20.6,6.5,3.9,0.0,12.0,21.3,14.9,29.6,8.7,14.4,23.3,8.0,34.9,0.0,0.0,24.4,0.0,26.8,5.4,4.2,18.5,22.5,23.3,6.6,9.6,8.0,15.3,6.3,19.3,39.2,0.0,12.7,0.0,9.1,19.0,4.8,2.0,17.4,16.3,1.1,14.5,11.6,12.1,0.0,5.8,0.0,2.6,13.1,0.0,11.3,5.9,9.0,18.3,26.7,27.5,4.4,23.1,12.8,5.1,2.2,0.0,20.3,29.8,12.9,24.3,22.2,15.9,0.0,0.0,18.3,14.5,4.1,11.8,40.0,14.0,22.2,1.8,12.4,34.8,21.9,13.9,1,Medical
SUR-0300,25.8,13.7,29.9,13.5,25.5,26.2,19.1,38.1,27.4,34.1,34.0,18.1,22.1,26.4,39.6,24.1,6.7,29.7,28.6,28.9,20.2,40.5,10.8,21.9,40.6,18.9,32.9,34.4,24.4,19.2,30.6,15.8,44.8,32.7,23.2,42.7,17.3,35.9,44.0,24.3,35.7,45.1,34.1,21.4,26.6,30.3,19.9,35.5,15.5,28.5,23.5,4.0,33.9,23.4,40.4,34.9,29.6,18.6,23.0,28.8,17.3,7.2,35.0,30.2,13.0,6.7,29.2,30.7,14.6,32.1,34.3,31.1,26.5,34.4,33.3,18.2,9.2,25.4,15.6,18.7,17.7,27.4,39.1,26.1,12.9,0.0,20.3,19.5,24.3,28.9,21.4,39.8,19.6,24.6,12.3,34.3,1,Surgical
SUR-0173,52.3,29.5,28.5,24.7,34.8,45.4,11.6,21.3,38.3,18.0,32.5,20.3,37.2,6.4,40.7,28.8,27.6,30.8,18.1,55.1,20.3,21.4,16.8,29.3,25.6,25.5,27.8,20.5,38.7,18.7,37.0,31.1,36.4,46.0,9.5,16.7,55.6,31.3,38.1,33.2,40.1,40.7,24.7,27.8,31.1,29.3,20.9,19.0,27.2,54.3,17.7,30.2,24.5,36.2,21.0,28.7,12.5,38.4,20.1,37.3,28.1,24.5,35.0,12.2,31.6,17.8,40.0,40.7,18.3,25.0,36.5,45.3,45.4,45.1,22.3,30.8,18.7,20.4,18.7,31.4,51.8,24.8,39.9,45.6,40.6,31.7,45.0,41.6,35.1,31.2,14.6,28.7,30.9,28.4,26.7,16.9,1,Surgical
MED-0108,3.6,10.0,20.1,26.3,18.0,26.4,16.7,13.0,30.2,35.7,37.5,33.8,5.8,25.6,30.3,35.3,8.8,23.2,38.1,19.2,23.7,6.1,5.5,34.7,21.7,0.0,29.7,34.4,43.8,0.8,11.2,21.6,18.7,30.8,23.0,52.5,25.7,13.2,23.7,39.8,33.6,14.4,5.0,7.5,11.1,29.3,30.9,25.5,14.5,21.3,37.0,31.1,31.5,18.4,16.9,19.6,35.6,37.9,20.2,21.7,20.1,46.6,34.6,27.7,13.8,40.0,12.3,12.3,36.2,19.0,23.9,29.8,24.4,8.0,24.6,23.3,31.3,32.8,3.3,18.6,12.8,35.2,36.6,12.5,30.7,25.3,22.5,29.1,21.4,14.7,14.1,16.7,21.6,26.5,11.9,26.9,1,Medical
MED-0060,19.0,17.0,0.0,23.2,14.6,15.4,15.2,27.0,14.5,0.0,13.3,12.0,11.6,12.5,0.0,13.1,7.2,0.0,3.4,25.7,2.7,11.6,1.8,0.0,3.7,7.2,9.2,11.6,6.9,7.2,0.0,2.6,11.1,20.8,6.1,0.0,0.9,4.5,12.5,14.2,2.3,7.4,14.6,21.3,7.5,0.0,25.5,7.7,14.6,26.7,2.7,0.0,7.7,15.0,13.3,0.0,16.6,17.3,0.0,0.8,0.0,23.8,0.8,15.0,0.0,0.0,18.5,15.8,20.4,21.8,18.2,41.7,0.0,17.2,19.3,5.7,1.7,15.8,0.0,7.5,8.8,24.5,0.5,2.9,0.0,3.6,6.9,14.0,9.5,19.0,16.0,10.0,6.3,5.6,22.3,0.0,1,Medical
SUR-0100,28.0,22.4,9.9,9.0,5.9,31.5,11.4,25.7,39.7,22.7,28.4,38.4,11.0,27.9,29.4,13.2,23.1,5.4,19.0,10.0,17.2,16.0,32.0,13.1,28.2,33.9,20.4,29.9,22.6,1.5,25.9,2.8,2.8,28.8,0.0,31.8,24.8,18.9,15.0,4.8,13.6,16.4,9.2,23.1,31.9,0.0,47.1,18.8,22.0,25.8,17.2,8.7,30.4,19.1,20.1,27.7,15.0,8.5,33.8,17.3,23.1,14.9,25.7,6.6,18.7,29.0,12.6,22.4,0.8,13.4,9.3,0.0,31.3,17.7,35.5,20.7,10.2,22.4,12.2,10.3,32.8,19.1,25.4,14.8,15.8,53.1,50.5,10.8,9.7,24.0,13.6,9.7,22.0,23.3,18.3,17.8,1,Surgical
MED-0440,32.2,17.6,1.8,21.6,36.1,24.6,31.1,20.1,20.1,30.7,9.3,0.0,30.8,24.4,23.8,0.6,22.7,12.6,17.9,24.4,28.4,19.2,26.6,13.5,22.4,21.2,2.9,17.4,23.0,29.0,17.3,29.7,19.8,15.2,22.8,21.7,24.4,27.3,29.2,12.5,20.0,31.5,18.3,36.5,29.6,33.0,13.8,15.3,38.2,20.7,27.3,24.7,29.7,26.6,13.6,22.8,11.4,21.6,19.3,26.3,10.3,17.1,31.3,0.0,21.8,28.0,16.3,27.1,23.8,0.0,14.8,33.8,16.0,31.1,28.0,16.1,5.4,20.1,24.6,15.9,10.0,10.0,11.4,26.1,23.4,33.0,32.1,15.8,18.1,28.7,21.6,14.2,28.4,27.9,13.5,0.8,1,Medical
MED-0101,21.3,30.2,24.5,10.7,17.8,32.9,31.4,21.9,21.6,18.1,25.2,17.9,18.1,37.5,32.7,27.8,25.1,30.7,38.9,27.2,33.8,32.7,10.0,17.5,19.1,42.3,18.5,33.8,15.8,17.0,32.7,26.6,5.7,38.1,8.0,24.5,34.4,22.5,27.6,35.9,32.1,37.3,32.0,33.7,21.4,32.5,17.2,17.5,26.6,32.3,38.1,14.1,30.6,29.8,20.3,43.5,30.1,26.0,32.0,22.8,14.0,37.5,28.2,23.8,24.3,23.2,37.1,38.1,16.2,40.0,20.0,15.3,40.2,33.2,36.4,27.3,31.6,15.9,47.5,38.6,21.7,20.0,32.7,33.7,26.8,37.4,22.4,46.4,54.0,19.1,20.4,45.4,12.9,42.0,65.4,30.9,1,Medical
MED-0478,34.8,35.8,32.7,38.1,29.0,41.4,26.0,23.7,32.0,33.9,45.9,46.5,37.1,46.9,35.8,29.3,12.6,50.8,14.4,38.7,44.1,27.3,34.5,40.2,41.4,35.1,46.4,34.3,18.7,18.3,39.5,24.6,21.8,20.9,33.2,37.8,43.1,37.3,24.0,41.7,29.5,34.3,45.3,47.5,35.7,39.7,35.4,42.9,30.5,22.4,29.9,35.0,30.2,48.0,38.7,49.5,32.6,42.2,29.2,47.7,18.4,25.0,27.4,20.0,23.0,22.1,42.9,70.4,33.3,22.6,30.6,27.3,20.9,35.2,53.5,55.9,43.6,26.3,40.8,42.1,47.9,38.5,24.4,50.4,27.2,34.4,36.6,34.8,15.6,35.5,35.7,41.7,47.0,45.4,30.8,36.9,1,Medical
SUR-0219,7.9,12.5,5.5,7.5,8.4,14.0,33.5,9.7,0.8,1.9,2.5,3.3,21.2,0.0,28.6,10.3,11.2,18.2,11.7,4.5,8.4,29.8,15.5,14.6,8.1,18.9,10.9,17.4,1.3,0.0,3.3,21.8,19.8,1.0,1.6,7.3,14.5,0.0,0.0,30.5,6.4,13.0,17.0,17.0,1.5,13.3,4.2,20.5,6.3,11.9,16.0,25.3,17.2,8.0,8.4,13.6,16.5,0.0,1.0,19.5,10.2,12.8,29.4,22.0,4.6,11.1,30.7,14.1,0.0,0.0,29.4,0.0,0.0,7.8,0.7,7.7,20.7,2.2,10.4,4.2,18.7,1.6,7.2,2.8,12.5,0.0,7.1,0.0,26.6,12.8,0.0,6.1,0.0,2.2,3.8,22.8,1,Surgical
SUR-0084,42.5,40.1,53.1,49.9,38.9,19.5,32.5,33.6,22.5,58.0,27.5,19.1,39.9,30.5,21.8,52.0,35.4,39.2,33.1,36.4,45.8,25.2,29.7,43.8,43.0,27.0,45.2,35.2,45.9,44.6,28.4,43.5,48.1,44.8,41.5,47.6,41.6,36.9,24.6,36.5,26.2,44.3,24.9,30.6,45.8,43.7,28.8,37.8,38.5,51.5,19.6,50.4,24.6,31.0,25.0,28.7,39.8,41.7,31.4,41.8,19.4,39.8,31.1,29.5,19.6,25.5,30.4,9.1,37.2,27.2,50.0,53.5,21.4,36.7,26.7,36.4,17.5,25.2,35.7,38.8,53.5,34.9,10.2,42.6,45.4,43.2,28.9,24.9,22.8,34.9,33.1,46.5,26.3,26.1,44.2,25.6,1,Surgical
SUR-0238,45.4,50.5,66.1,35.5,37.3,52.1,36.7,51.6,56.4,28.5,44.9,41.2,33.4,43.6,32.4,49.8,39.8,18.6,48.1,37.3,34.0,32.7,36.0,51.5,17.3,47.5,57.0,51.2,61.8,40.1,52.7,41.8,42.5,36.3,53.6,49.7,42.4,30.9,21.5,37.9,50.5,25.6,55.7,50.3,36.0,56.9,44.5,33.7,45.7,42.6,49.4,10.2,29.9,29.6,33.4,25.3,50.5,37.5,39.4,32.4,36.8,30.3,33.3,63.3,46.4,50.7,49.3,37.9,39.7,17.6,15.1,41.4,38.9,26.7,34.9,38.6,37.3,16.5,40.6,35.4,41.5,47.8,37.1,43.8,28.0,55.6,38.0,36.4,45.7,42.0,30.9,20.8,58.7,36.4,43.5,42.1,1,Surgical
MED-0180,38.6,34.6,37.5,38.3,20.5,37.6,32.4,36.3,30.6,29.0,22.6,59.3,30.9,43.5,23.3,32.6,41.5,58.2,23.4,29.9,34.1,52.5,35.5,25.8,34.8,19.1,21.1,37.7,46.0,33.8,20.3,40.5,39.9,43.0,40.5,30.5,28.8,44.2,38.5,29.4,35.3,25.6,27.0,33.9,46.4,35.5,24.8,33.8,40.4,40.3,35.8,45.9,37.3,25.2,29.8,24.5,37.0,46.8,33.2,45.4,45.4,26.5,48.2,13.6,38.2,33.8,35.7,26.1,40.7,40.7,32.5,46.9,31.1,25.6,28.1,25.1,40.1,38.5,32.5,32.5,21.8,65.3,25.3,35.1,38.4,27.9,39.7,25.2,34.0,29.4,30.4,35.2,35.4,48.6,34.6,39.9,1,Medical
MED-0305,27.4,43.2,14.1,14.8,27.1,13.2,23.4,9.8,11.7,20.2,26.7,27.0,37.3,27.7,13.8,32.1,19.0,0.0,20.2,33.8,7.3,11.2,22.8,25.2,13.5,27.6,27.4,29.0,11.2,29.0,22.2,21.5,28.6,26.2,37.4,31.1,48.9,22.4,0.5,20.3,21.8,26.4,10.7,17.1,11.9,23.3,18.7,17.6,20.8,36.6,30.0,31.5,47.0,15.9,23.6,29.2,22.2,22.8,9.7,28.8,35.3,16.2,20.1,16.9,22.1,29.8,15.1,24.0,25.4,18.2,21.5,19.6,9.3,13.3,42.8,3.6,14.1,14.9,29.9,34.6,23.5,31.2,27.4,30.8,12.0,26.6,30.0,26.1,23.5,32.3,16.4,30.4,26.7,21.6,26.8,27.7,1,Medical
MED-0430,29.1,24.4,29.7,9.4,32.6,26.4,17.0,29.9,22.4,39.6,23.3,24.6,27.6,34.9,22.7,27.7,34.9,20.1,30.1,17.4,27.5,28.4,46.0,15.5,13.7,24.9,15.1,36.5,22.6,32.1,26.1,27.1,29.9,19.5,18.9,11.3,26.6,27.4,21.8,41.4,42.9,17.5,25.6,32.3,26.5,15.2,24.8,5.7,40.3,23.7,29.0,32.4,41.4,31.9,3.6,26.6,23.5,40.6,29.3,45.3,48.3,17.7,28.5,32.3,36.6,31.2,29.7,35.1,21.0,8.1,32.5,30.1,18.3,28.8,17.8,28.8,22.9,25.8,30.4,22.0,20.9,10.2,25.2,36.8,25.3,37.4,37.2,20.9,36.1,9.9,35.3,25.8,45.0,14.9,28.1,31.8,1,Medical
SUR-0008,63.2,50.0,47.3,64.2,44.3,64.4,46.6,56.6,49.3,41.2,63.2,42.4,41.1,49.2,26.5,32.7,53.0,73.5,20.8,41.2,54.2,51.1,41.7,39.2,48.7,52.4,49.6,55.6,51.1,34.1,56.9,56.6,60.6,61.8,63.4,53.7,71.2,46.5,63.1,54.1,41.9,38.5,56.1,38.0,25.2,61.7,38.4,56.9,50.1,59.4,46.1,52.6,28.2,49.4,53.7,38.5,60.6,55.9,59.2,38.1,45.0,48.5,35.0,56.7,45.5,60.8,38.1,60.2,57.7,35.0,52.0,53.2,35.9,41.8,65.2,59.2,34.8,43.5,37.9,51.0,54.9,47.9,63.0,36.9,39.4,57.6,49.7,44.1,54.1,61.0,45.7,52.1,45.7,49.1,65.8,54.5,0,Surgical
SUR-0271,38.9,29.4,37.3,34.7,16.0,18.8,29.8,16.1,29.0,36.4,22.9,40.4,30.3,35.0,24.4,30.7,16.5,15.9,46.9,22.7,39.3,36.3,37.1,17.4,28.8,23.5,49.5,44.8,21.5,34.5,16.4,36.7,15.7,36.3,39.2,15.2,29.8,24.2,20.3,10.6,38.9,16.3,25.9,28.1,17.6,55.1,24.1,23.3,36.3,24.0,14.6,26.9,30.6,26.3,13.0,19.7,30.0,17.0,25.8,0.0,22.7,24.6,15.4,43.3,16.8,30.0,16.0,38.6,31.7,18.3,26.7,38.3,15.2,31.6,26.5,21.0,26.2,28.3,24.6,14.4,13.6,22.0,46.4,23.6,30.7,36.5,24.3,22.6,20.8,25.8,45.0,15.9,17.0,29.1,33.9,29.9,1,Surgical
MED-0150,32.7,7.6,0.0,0.0,35.9,1.6,9.9,3.4,17.1,21.1,0.0,21.5,9.6,0.0,19.4,14.0,15.3,6.9,13.3,29.8,1.7,4.2,13.4,10.1,3.0,7.8,25.3,15.4,24.8,3.8,10.2,26.2,7.9,0.0,20.2,18.8,31.3,14.0,5.2,24.1,6.7,0.0,7.8,1.1,12.8,10.8,12.9,33.5,19.6,17.9,22.0,22.5,10.0,32.3,7.4,23.3,18.3,15.1,28.5,4.2,13.9,26.9,7.5,4.0,27.4,8.7,6.7,13.7,18.9,18.4,12.8,16.3,25.0,19.9,21.4,0.0,1.6,21.1,26.2,9.5,14.0,0.0,4.6,8.6,20.9,16.4,0.0,0.0,11.0,25.5,5.1,11.3,14.8,4.6,32.2,0.0,1,Medical
MED-0125,21.4,21.3,23.0,43.7,21.3,22.5,21.5,24.0,16.7,8.7,6.0,27.0,43.6,13.6,5.0,28.9,15.2,7.3,20.2,22.5,36.3,20.1,21.9,33.5,12.1,34.9,0.9,16.9,26.4,33.6,27.5,20.4,32.7,17.9,22.7,24.5,36.3,31.3,25.0,21.6,27.1,36.1,10.7,18.5,0.9,25.0,20.6,18.5,21.5,28.4,25.5,28.2,18.3,10.1,15.0,25.2,29.5,26.6,37.3,27.7,28.2,8.0,18.8,11.6,47.9,16.1,25.0,1.2,16.0,0.0,30.2,21.2,26.1,34.4,21.9,21.6,11.6,22.0,24.2,34.9,32.3,28.9,33.5,21.5,19.8,26.1,12.4,15.1,24.5,28.1,32.0,18.8,21.0,19.0,20.9,21.4,1,Medical
SUR-0135,4.3,12.1,1.3,22.4,20.0,12.8,6.6,20.5,29.3,0.0,21.6,15.0,7.1,0.0,20.5,10.3,13.0,28.6,2.5,20.8,27.0,11.2,27.7,18.8,17.5,0.0,12.4,19.5,26.3,10.3,6.7,24.4,25.4,27.6,16.7,15.0,9.8,14.0,5.5,33.3,17.7,20.7,25.2,0.0,12.6,7.9,28.1,4.1,0.0,19.5,36.9,26.1,29.7,43.7,23.4,17.1,29.4,15.4,16.4,14.4,14.5,17.8,11.2,0.0,28.2,9.4,23.1,21.6,14.0,16.3,16.0,19.2,28.2,3.9,12.6,4.8,20.7,28.5,17.8,18.0,26.7,28.5,7.5,13.8,34.5,3.9,20.0,9.7,9.5,22.3,17.3,0.7,21.3,4.9,7.6,17.4,1,Surgical
SUR-0198,25.3,21.6,16.5,27.1,19.1,11.4,14.3,30.9,21.7,32.3,29.0,35.1,11.8,20.8,7.8,25.9,31.5,20.4,15.1,21.6,26.3,16.1,34.9,49.2,33.1,24.8,35.9,6.4,41.0,20.7,32.3,9.9,28.5,36.9,21.3,33.8,11.9,32.5,32.1,29.6,26.8,26.8,32.6,33.5,33.8,28.6,21.3,36.1,26.6,30.9,29.2,25.3,35.3,18.3,25.3,23.4,23.3,6.1,18.7,24.1,19.8,17.9,25.5,41.2,20.3,51.8,30.1,22.1,30.3,39.6,14.8,22.6,5.0,27.7,15.2,41.0,24.0,22.1,29.5,7.3,39.2,24.9,29.7,19.2,24.9,32.5,42.6,21.0,34.1,25.3,34.8,30.9,35.7,28.5,23.9,38.0,1,Surgical
MED-0186,33.4,12.9,16.7,21.2,19.4,31.5,12.5,35.8,12.2,17.9,17.9,18.5,34.9,39.6,34.7,38.9,15.5,27.6,33.3,26.4,22.5,12.8,24.7,20.1,19.5,30.0,38.2,39.9,39.3,36.8,16.4,36.1,19.7,12.7,27.0,53.9,11.1,41.6,27.2,27.0,26.9,25.8,4.4,8.8,20.9,44.6,24.5,25.7,21.3,37.7,15.5,19.7,11.3,16.9,31.3,3.9,38.6,30.4,20.6,33.3,22.1,27.5,28.6,12.5,27.6,31.9,16.4,26.5,6.8,33.4,18.3,15.5,33.9,17.4,11.8,35.0,20.6,39.8,5.5,27.2,11.8,47.4,12.5,49.8,44.9,38.8,47.3,11.6,14.1,23.5,29.6,32.4,27.0,50.5,33.7,19.3,1,Medical
SUR-0042,8.4,25.4,26.6,11.2,29.2,21.8,0.0,16.7,6.8,33.8,19.9,19.5,14.7,30.3,5.9,18.2,12.6,24.9,12.1,2.8,12.8,13.0,22.1,20.2,9.0,22.8,0.0,15.6,8.9,16.7,23.0,14.7,29.8,17.8,24.6,21.7,22.9,17.4,4.2,17.5,19.4,20.2,19.8,9.3,6.4,3.4,25.0,16.5,22.7,7.0,27.5,29.9,14.2,12.0,16.3,21.7,11.7,9.0,30.4,16.8,18.7,23.8,27.7,16.6,14.5,30.8,17.8,17.9,14.5,26.1,7.8,7.9,27.1,2.3,15.6,11.2,7.0,20.9,15.0,6.9,23.2,13.9,4.7,13.0,20.2,14.2,24.6,19.0,9.0,27.8,20.6,0.0,8.4,16.5,19.0,15.1,1,Surgical
MED-0051,17.2,53.1,44.3,31.7,51.8,27.0,45.0,28.3,35.5,32.9,45.2,50.9,48.1,45.7,28.2,38.0,31.9,50.9,41.8,31.7,44.5,32.9,34.7,32.7,47.0,33.4,48.5,52.3,25.4,39.9,37.7,37.0,24.4,17.7,42.5,26.9,54.5,39.3,46.6,52.2,33.8,21.6,32.9,70.5,49.8,37.0,56.5,51.5,39.8,35.0,29.2,32.9,38.5,49.9,33.8,39.0,23.1,19.2,34.8,44.3,39.2,42.3,49.5,48.0,47.4,24.3,43.9,37.2,26.2,49.0,28.8,37.2,40.0,52.2,52.9,35.7,28.9,30.6,32.7,49.3,47.2,43.9,36.3,36.6,39.9,37.1,28.0,44.5,32.9,59.3,55.0,33.7,50.5,39.3,41.2,38.4,1,Medical
MED-0488,12.5,17.9,15.2,11.2,21.8,14.4,34.3,20.1,28.4,20.3,14.3,6.2,0.0,32.1,10.6,20.2,0.4,19.2,12.0,9.3,18.8,31.0,6.4,8.2,12.2,14.9,21.6,23.0,32.7,8.0,1.6,32.0,18.4,14.9,18.8,24.9,24.0,31.1,12.7,22.5,17.5,19.5,21.6,28.4,12.5,36.2,17.3,21.8,16.1,36.7,28.4,3.8,30.4,7.3,41.7,12.9,23.4,10.7,36.3,28.5,17.2,0.0,2.4,6.0,0.0,29.3,0.0,19.0,20.2,21.1,23.8,18.6,11.4,38.1,23.8,14.2,7.5,27.1,16.3,34.0,19.7,11.8,26.8,12.1,29.1,26.5,18.7,25.7,2.8,0.0,14.8,8.8,4.7,15.1,13.4,8.7,1,Medical
SUR-0290,11.4,0.0,0.0,9.1,16.7,17.1,24.3,0.9,9.2,14.0,16.4,22.3,10.5,12.1,14.3,5.7,4.6,4.7,1.8,21.6,9.9,14.1,3.1,7.0,22.5,11.5,5.5,15.6,9.9,7.2,11.3,2.8,18.1,0.0,1.2,17.1,7.3,13.6,8.9,0.7,17.2,17.8,6.0,22.1,22.7,0.0,0.0,0.0,0.6,16.1,15.0,14.2,16.6,0.0,0.0,8.2,20.8,0.0,0.0,11.5,15.5,22.5,23.4,18.0,0.0,7.9,13.0,8.8,1.7,10.7,4.2,17.8,18.6,23.5,18.2,1.8,5.8,17.4,2.9,5.0,20.9,4.2,1.7,13.0,20.6,9.9,0.0,2.9,7.8,18.0,23.1,24.4,19.6,29.1,11.2,19.5,1,Surgical
MED-0486,40.7,63.2,54.5,28.2,31.5,26.8,20.8,49.6,23.8,31.1,25.3,41.1,56.0,35.2,43.7,16.1,29.6,31.6,50.8,32.8,49.8,19.5,19.8,42.0,23.7,49.4,27.8,49.9,26.6,29.9,13.2,36.8,27.1,33.0,48.4,11.4,37.6,37.1,38.3,43.6,28.4,46.5,20.9,31.7,39.3,50.8,38.6,44.6,15.7,30.9,47.7,42.7,48.1,15.7,25.2,38.4,26.6,38.0,32.1,42.9,36.8,46.1,40.2,44.6,40.2,30.9,21.8,34.4,44.1,23.1,28.9,22.1,45.2,39.9,37.7,21.8,27.9,31.7,57.4,40.8,29.4,39.5,46.7,27.9,37.1,16.9,37.6,23.7,31.3,36.7,36.1,62.3,30.2,41.4,34.5,37.9,1,Medical
MED-0322,44.1,46.2,41.2,33.3,28.8,38.8,54.5,41.0,41.1,33.3,51.9,30.5,46.9,30.6,38.9,40.4,30.8,37.6,47.9,42.3,33.3,28.0,49.8,44.2,29.0,17.3,33.6,50.6,43.6,29.9,46.8,45.7,37.8,65.9,37.4,33.0,40.0,25.1,47.8,33.3,41.2,41.0,30.1,26.9,34.1,42.6,48.7,55.9,39.9,41.7,33.4,44.7,33.8,44.0,35.7,46.6,42.2,60.7,44.3,41.3,35.9,39.2,46.0,41.7,47.4,40.1,33.6,37.9,4.4,36.4,31.1,45.2,40.2,40.7,55.0,16.0,40.1,48.8,40.0,40.4,28.9,25.5,40.1,33.4,38.5,12.1,27.2,40.3,54.7,40.1,42.2,21.8,52.3,27.9,26.3,43.1,1,Medical
MED-0354,30.3,47.5,32.9,54.6,34.6,44.2,27.8,34.4,40.9,32.6,38.4,20.9,38.1,31.3,25.2,33.2,38.9,28.3,46.1,36.1,33.9,35.5,45.9,44.6,49.2,38.0,23.8,36.3,53.0,54.1,38.7,44.5,36.5,44.4,33.0,35.3,34.1,30.9,46.5,39.8,22.4,43.6,48.0,34.5,41.0,47.2,13.6,25.0,27.9,31.8,38.2,24.6,51.9,31.1,25.1,24.5,33.3,38.7,45.2,27.9,35.5,26.3,34.1,34.6,33.8,22.0,24.4,57.3,39.5,42.9,37.3,58.3,35.9,36.5,38.7,42.9,47.7,36.0,44.4,53.7,44.9,39.5,52.5,43.8,30.5,42.1,44.5,42.4,37.2,40.7,41.9,28.5,31.2,35.3,43.6,36.4,1,Medical
SUR-0240,18.9,18.0,15.3,30.4,40.4,9.8,33.4,29.1,30.8,30.1,21.4,40.3,6.0,29.3,16.8,36.8,21.9,31.4,46.1,29.4,23.3,43.6,14.3,19.6,33.5,42.0,32.4,36.6,33.1,46.8,10.7,20.0,28.3,13.8,28.0,42.3,29.4,45.3,15.5,30.3,42.0,16.1,34.0,23.6,19.1,39.0,10.4,27.8,35.1,26.4,18.1,24.6,28.1,39.4,16.8,29.1,24.5,23.4,18.5,18.0,17.3,23.2,31.6,9.3,21.5,29.4,19.7,27.8,31.1,25.0,22.6,46.2,21.7,18.4,11.5,39.0,28.9,13.7,26.9,32.8,35.2,37.2,33.6,24.6,37.3,8.3,39.5,27.0,15.3,38.1,43.4,36.8,22.2,26.4,32.8,43.6,1,Surgical
MED-0143,43.1,34.9,29.2,55.1,37.2,54.9,34.0,49.9,42.5,25.6,56.1,40.8,38.2,28.8,40.5,41.6,26.2,33.7,32.0,61.1,20.6,29.8,59.0,24.7,36.1,59.2,38.2,40.7,40.1,36.6,32.1,37.7,35.8,26.7,17.9,33.8,47.3,18.7,36.2,63.4,41.0,37.9,53.0,19.0,44.3,27.8,37.8,29.0,33.7,43.0,45.0,55.9,50.7,38.1,51.3,37.1,36.1,59.9,52.8,43.4,38.9,59.2,36.5,33.2,44.2,36.1,45.0,57.2,32.2,43.1,42.3,47.4,39.8,46.5,15.6,40.0,16.6,23.4,29.8,28.7,21.0,26.5,29.1,51.8,39.6,33.5,48.5,43.8,37.4,59.5,46.0,29.4,26.0,46.9,51.7,34.8,1,Medical
MED-0371,25.8,21.3,25.4,33.8,21.4,19.9,5.8,10.7,17.6,47.1,23.7,11.2,34.3,16.5,27.1,34.2,13.0,27.7,29.9,18.4,29.1,30.8,33.8,29.4,33.3,19.9,16.0,26.5,19.2,19.7,7.7,25.9,23.1,29.8,25.4,19.5,18.0,10.8,11.4,25.9,24.4,39.1,27.3,39.7,20.0,18.1,21.4,24.9,29.5,33.3,30.9,25.2,16.3,9.7,27.3,17.8,0.0,23.9,25.5,22.9,8.5,30.2,39.2,29.4,14.2,19.2,40.6,28.1,34.9,22.1,13.0,18.9,18.4,26.6,17.8,41.8,15.4,32.4,31.6,14.7,22.4,21.4,17.3,28.0,31.9,30.7,26.1,15.6,33.1,38.9,21.9,19.7,16.8,29.5,30.7,28.0,1,Medical
MED-0142,28.4,16.6,45.3,54.0,40.0,16.9,43.1,43.5,42.4,30.5,34.5,36.6,44.6,40.8,37.5,29.9,47.2,52.6,47.4,27.6,35.0,48.3,23.6,46.2,47.7,39.8,36.9,32.2,43.3,27.0,48.3,49.3,40.5,45.4,18.4,38.6,30.7,48.7,27.6,33.4,30.1,24.6,65.8,47.8,50.1,35.9,41.5,34.9,27.5,52.4,36.3,40.7,37.4,27.3,55.1,28.4,29.6,45.3,53.8,51.2,30.0,26.8,50.2,50.0,42.0,26.7,18.7,31.8,34.5,40.2,34.0,42.1,10.1,42.9,27.9,47.7,46.6,48.5,49.8,42.9,19.2,52.5,31.3,30.9,51.0,32.1,59.1,28.8,57.6,50.3,33.8,56.6,51.8,25.7,36.2,16.8,1,Medical
MED-0400,43.5,20.3,21.5,25.1,33.8,14.3,19.9,24.0,37.7,17.1,18.5,42.1,28.5,22.7,21.7,25.8,29.1,34.1,38.2,20.2,30.0,35.1,27.8,34.1,35.5,29.4,42.3,28.7,18.9,25.5,26.8,39.1,23.6,30.6,10.9,34.4,39.5,19.1,39.7,26.4,25.6,25.2,39.1,34.0,29.6,19.0,37.3,27.1,31.6,22.6,22.7,26.5,22.1,29.0,16.0,56.7,27.9,39.7,41.1,34.6,37.3,35.4,21.4,38.4,36.5,24.1,30.5,23.5,45.6,33.2,34.7,39.1,40.2,36.9,28.8,41.7,14.6,28.9,15.8,37.2,35.4,24.2,40.3,21.0,9.6,23.3,49.6,25.4,16.1,30.2,16.4,32.5,39.1,7.1,10.8,34.9,1,Medical
MED-0264,43.0,15.1,64.4,33.8,34.3,50.6,44.8,59.3,24.2,56.9,32.0,34.5,40.6,25.0,13.4,32.2,34.4,25.0,13.0,16.2,34.6,37.9,21.1,31.4,23.5,25.2,41.3,37.8,37.6,33.9,40.3,53.2,24.0,35.0,33.4,48.6,23.9,23.3,47.9,38.8,22.8,33.6,42.3,11.2,34.6,27.9,53.7,40.7,41.6,42.1,49.3,27.3,25.3,41.5,36.0,47.3,3.0,49.5,30.9,31.9,36.5,7.4,33.0,22.5,55.0,49.1,27.0,34.3,33.1,23.3,34.7,47.5,45.0,26.9,25.9,41.7,18.5,47.5,28.4,49.1,36.0,45.9,50.4,34.1,38.9,42.9,31.9,19.9,46.8,42.3,22.1,20.1,47.6,27.0,43.7,37.3,1,Medical
MED-0321,33.4,21.4,10.2,27.6,44.3,29.8,38.6,34.2,36.2,22.7,29.4,30.6,35.4,22.7,40.8,33.7,37.7,52.8,54.1,35.1,45.8,18.9,20.9,19.8,28.3,18.0,34.8,49.6,32.0,41.9,32.8,29.5,43.8,19.9,39.4,22.0,45.5,33.5,45.0,31.9,27.0,11.0,31.5,47.8,18.9,49.9,26.3,27.0,36.3,33.7,41.1,24.0,23.2,21.6,32.9,31.4,28.7,42.9,25.1,41.1,17.0,31.6,22.6,38.7,33.4,47.0,31.4,11.3,24.2,41.3,27.4,24.3,40.3,48.2,15.5,17.6,13.3,34.4,33.5,41.7,25.0,33.7,18.1,32.1,22.9,34.0,26.8,33.8,23.0,21.2,27.8,25.3,36.5,31.9,19.2,12.3,1,Medical
MED-0020,35.6,30.0,35.6,57.0,39.2,39.4,38.7,34.0,29.8,39.5,26.6,44.7,28.2,33.8,27.3,46.6,37.6,31.7,32.5,43.7,31.3,27.8,43.1,44.4,40.9,25.0,28.0,41.5,51.5,44.4,46.1,17.7,29.2,35.1,24.6,27.1,44.3,21.6,38.2,53.3,30.7,37.9,48.7,55.3,33.5,47.7,37.3,17.3,24.1,33.4,19.7,23.4,48.4,41.0,43.6,56.9,20.7,38.5,41.3,25.0,24.5,37.7,40.4,34.5,36.3,25.1,50.5,28.0,29.4,24.1,25.2,38.0,35.2,31.3,43.3,31.5,41.2,43.2,33.2,51.7,44.8,26.4,25.3,42.5,44.8,19.1,19.9,41.9,42.1,31.2,45.4,44.0,26.1,25.9,23.7,37.4,0,Medical
MED-0173,21.2,35.0,26.3,20.3,33.5,20.7,19.9,19.8,22.3,33.6,29.4,4.7,20.7,33.0,13.4,10.1,20.6,20.1,26.6,22.8,20.4,11.6,4.9,26.4,32.9,19.4,33.0,12.0,9.2,7.4,25.2,8.4,7.8,22.4,23.1,16.7,17.9,25.0,11.3,0.0,13.4,12.8,5.7,29.4,7.5,6.7,9.6,0.0,21.5,4.0,12.6,24.9,13.0,23.4,26.0,29.0,16.7,21.0,5.8,23.0,15.6,12.8,26.4,28.4,9.9,20.5,17.2,13.3,3.5,7.3,6.5,26.2,40.0,13.8,22.9,0.0,48.1,0.0,33.0,27.0,12.6,21.8,12.4,37.7,6.9,3.4,25.2,0.0,19.4,33.6,13.0,25.6,42.2,21.0,31.6,23.7,1,Medical
SUR-0154,1.4,0.0,9.0,23.4,4.7,0.0,16.1,4.8,0.0,20.5,1.2,9.8,9.4,0.0,11.1,0.0,0.0,0.2,6.8,18.5,0.0,3.8,0.0,12.1,2.8,0.0,0.0,0.0,0.0,1.8,9.9,5.8,0.0,0.0,0.0,0.0,0.0,0.0,4.2,1.7,2.6,7.5,0.0,11.2,3.0,0.0,0.0,12.2,20.2,11.2,3.7,15.6,9.6,0.0,0.0,0.0,0.0,0.0,10.2,1.1,0.0,0.0,18.3,6.5,13.1,7.6,19.6,6.7,0.0,0.7,18.2,0.0,0.0,0.0,0.0,6.4,0.0,7.3,0.5,1.6,1.9,0.0,5.3,1.6,2.7,2.8,7.4,0.0,5.7,15.8,15.0,10.1,8.2,0.0,0.0,0.0,1,Surgical
MED-0313,0.0,6.6,0.0,8.8,0.0,23.5,0.0,12.9,11.9,1.5,8.7,15.1,0.0,0.0,13.4,11.3,1.2,15.7,0.0,8.3,4.5,2.4,0.0,15.1,0.5,0.0,0.0,3.6,3.8,3.5,0.0,17.8,15.9,7.4,0.0,5.3,0.0,22.8,21.7,2.3,11.3,10.2,11.3,0.0,0.0,15.9,0.0,0.0,0.0,11.5,12.8,5.1,0.0,25.3,14.7,1.0,0.0,1.0,6.2,12.1,0.0,11.5,9.2,7.7,0.0,12.7,2.0,0.0,0.0,1.5,22.0,0.0,0.0,13.6,2.5,11.7,15.0,4.3,8.5,22.4,10.8,0.0,8.3,0.0,17.1,6.7,2.2,28.8,12.8,9.7,0.0,12.2,11.9,2.9,2.5,8.9,1,Medical
MED-0391,25.9,17.3,15.3,17.6,13.5,31.0,36.2,19.4,10.9,21.9,24.3,32.5,15.1,30.1,21.9,15.9,25.0,15.2,23.1,17.6,26.1,22.2,6.6,30.1,21.7,16.9,4.2,15.6,13.3,8.6,33.8,18.3,14.9,19.7,28.4,19.0,30.4,4.5,15.9,21.4,27.0,29.8,27.6,11.5,37.5,37.2,37.3,34.9,11.4,24.5,15.7,13.3,20.2,30.3,14.8,20.7,20.1,20.8,28.2,32.8,14.8,16.0,35.7,14.8,16.5,29.2,20.2,36.1,9.8,30.3,28.6,14.3,28.1,35.0,3.2,27.0,20.9,29.4,35.7,1.7,29.9,29.8,30.1,17.2,40.6,24.3,28.1,34.4,28.5,13.5,7.5,21.4,22.5,17.1,24.3,1.5,1,Medical
SUR-0246,23.3,33.3,37.3,37.6,23.5,41.4,38.5,36.9,37.9,14.4,28.5,18.6,25.7,29.5,32.7,24.9,38.3,37.3,31.7,42.0,16.9,9.1,34.5,24.5,34.7,15.7,31.5,22.4,20.0,35.5,35.2,38.3,25.3,38.5,22.0,15.0,15.1,44.3,17.7,36.1,41.9,29.4,16.5,41.0,26.5,19.0,44.9,16.7,40.2,21.8,41.2,31.1,53.4,13.3,35.2,24.0,24.4,31.5,13.1,27.4,40.0,24.3,21.8,30.6,28.9,25.4,43.9,53.7,40.2,37.5,38.6,43.7,28.7,24.1,41.4,38.2,15.9,28.8,27.2,26.8,19.3,24.8,7.0,36.7,22.7,18.5,18.9,33.2,20.2,24.8,32.4,28.4,50.3,39.1,22.4,24.0,1,Surgical
MED-0013,63.9,53.5,55.2,63.3,63.1,60.6,76.1,75.5,57.0,62.5,63.3,72.6,93.0,51.0,55.4,66.6,62.0,65.5,58.0,45.4,70.6,48.9,50.3,58.8,50.7,48.1,58.7,39.3,77.1,63.5,60.4,70.7,67.7,66.8,51.4,74.8,53.2,57.8,38.7,52.9,51.4,66.5,61.8,64.5,71.3,66.7,69.3,75.4,56.9,44.1,67.8,51.2,73.3,37.6,60.3,64.3,66.3,72.9,72.4,77.3,82.5,57.7,65.1,60.5,79.0,47.3,57.4,40.6,47.6,67.6,62.4,74.4,54.8,76.6,66.7,88.5,56.9,66.5,51.9,60.3,53.8,69.6,88.8,51.7,54.5,66.7,75.4,65.5,44.5,62.2,50.1,63.4,77.7,61.4,71.3,77.2,0,Medical
MED-0408,4.4,25.2,25.0,27.9,29.0,24.3,19.5,12.6,19.2,5.2,15.4,1.9,19.7,16.4,12.2,23.7,3.0,25.1,15.3,22.7,33.3,9.8,26.0,11.3,31.7,19.1,8.0,21.7,10.9,27.5,28.7,1.9,0.0,25.2,15.8,12.8,17.7,22.7,19.1,14.6,26.5,24.3,0.0,12.4,23.8,21.7,25.8,18.8,14.1,25.7,9.6,18.2,16.6,12.4,18.3,31.2,26.3,14.6,16.4,41.7,24.0,25.8,15.2,17.0,35.0,13.7,33.1,10.4,24.7,28.4,17.0,17.6,6.0,8.4,7.1,22.9,9.3,12.8,23.8,19.1,17.0,39.4,16.3,17.7,5.4,0.0,14.4,33.8,19.8,10.7,0.0,26.2,4.6,3.4,28.9,18.5,1,Medical
MED-0409,42.8,37.8,32.5,44.1,43.9,45.7,22.7,42.3,46.8,32.9,18.2,40.3,47.3,32.9,34.7,37.2,40.7,27.3,36.6,38.4,39.6,41.4,41.7,29.8,39.5,38.5,38.4,47.0,36.0,36.8,33.0,31.3,57.1,35.7,27.7,35.1,39.6,40.5,38.8,30.3,43.8,38.6,47.9,25.0,40.0,31.8,61.3,45.2,40.1,45.9,52.3,42.7,38.3,26.6,43.4,41.5,46.6,28.5,24.0,28.9,31.9,38.5,31.5,39.3,55.8,46.7,44.0,52.2,26.8,27.3,44.2,46.7,52.5,46.0,27.5,34.3,33.6,20.3,41.6,46.6,29.9,30.1,42.6,50.7,54.3,41.3,42.5,48.6,57.2,28.0,46.5,66.3,44.0,42.5,46.4,35.6,1,Medical
MED-0306,5.6,12.6,2.7,0.0,1.4,4.7,0.0,25.7,0.0,18.7,22.1,0.7,5.7,12.4,33.0,10.6,22.9,0.0,16.3,0.0,15.2,0.0,24.2,0.0,7.6,0.0,0.0,11.1,0.0,22.1,0.0,13.5,16.3,8.8,3.4,0.0,9.1,16.7,0.1,0.0,8.6,14.7,13.0,6.6,20.0,0.0,2.6,9.0,6.6,20.9,8.0,16.1,31.7,8.1,23.1,3.4,22.2,16.9,0.0,17.0,23.1,17.6,0.9,0.0,0.0,33.7,25.3,0.7,0.0,0.0,20.9,0.0,14.2,13.4,3.6,0.0,0.0,4.8,31.3,15.4,0.0,16.6,5.1,10.9,1.9,0.0,3.4,13.0,14.1,0.0,10.4,10.8,5.2,0.0,6.2,9.1,1,Medical
MED-0355,17.1,37.1,24.6,20.6,10.6,21.1,19.0,17.3,11.0,9.0,0.0,18.9,26.8,23.3,19.7,26.2,24.5,1.2,18.6,13.9,22.0,31.8,12.1,30.1,35.8,0.0,32.9,0.0,16.6,29.7,13.6,14.8,14.5,8.6,18.7,6.1,15.1,20.8,19.3,21.1,12.1,22.8,32.5,15.7,20.3,27.8,24.6,16.0,26.7,6.8,19.9,15.7,10.2,9.3,4.2,3.5,24.1,19.8,19.6,38.4,25.6,26.8,20.7,17.9,11.9,33.5,8.6,11.8,24.6,26.7,16.9,15.9,22.0,13.4,26.2,2.7,13.5,23.4,9.3,12.3,5.3,14.8,33.7,10.8,7.0,17.7,12.8,6.8,17.2,23.5,20.9,17.6,20.2,30.4,14.6,15.2,1,Medical
MED-0026,60.6,82.9,63.7,69.1,75.4,46.7,87.5,70.1,80.7,76.6,66.8,62.2,68.2,55.7,46.2,62.8,83.0,76.8,48.0,93.8,86.1,77.5,71.6,76.9,57.1,70.0,86.4,54.3,68.2,85.8,73.3,73.2,55.2,61.6,46.6,86.6,54.6,88.9,74.3,78.9,68.5,67.6,72.1,66.2,100.0,67.6,66.8,66.6,73.5,91.0,63.5,70.9,81.1,83.5,61.1,66.6,61.8,72.4,68.3,77.8,76.2,63.2,74.8,76.2,77.2,86.2,70.0,65.5,60.3,89.2,72.2,64.1,47.0,71.4,88.8,71.6,80.2,60.7,75.4,56.8,59.0,69.3,62.2,79.2,71.9,78.0,52.7,78.0,74.6,60.5,56.4,74.5,80.8,72.5,94.9,76.7,0,Medical
SUR-0098,42.6,27.0,35.8,43.4,35.1,24.4,37.7,27.2,33.5,25.0,43.0,23.9,9.6,23.6,7.7,37.9,29.2,26.8,48.4,30.8,36.1,33.5,25.0,9.0,19.0,26.0,13.3,29.3,23.8,35.4,28.3,27.1,20.1,50.7,25.8,28.4,37.6,23.2,21.8,20.9,31.0,20.6,24.8,33.7,43.3,20.2,52.2,16.5,18.2,28.7,39.2,31.3,33.1,24.8,45.9,7.6,34.0,21.5,22.7,24.8,33.5,34.9,28.6,40.7,27.9,57.7,26.0,34.8,34.1,15.9,44.7,16.3,42.5,34.8,35.7,17.0,48.5,23.3,6.6,19.6,21.8,31.7,25.8,13.9,33.0,37.6,31.2,33.4,35.8,37.4,39.0,23.6,31.4,19.0,51.3,29.7,1,Surgical
MED-0170,14.6,33.6,26.5,40.2,26.7,27.4,25.5,2.0,27.1,19.5,9.9,20.2,28.3,40.9,38.8,26.9,12.5,11.5,16.2,26.0,39.7,9.4,16.1,23.2,19.9,15.3,22.9,12.8,7.5,4.5,0.0,8.2,22.7,9.9,33.9,18.4,11.9,16.3,32.7,2.2,28.7,42.8,16.2,8.2,24.7,22.8,12.0,13.5,30.0,6.1,16.3,15.4,7.6,24.6,0.0,2.0,11.9,7.2,13.5,18.3,8.4,17.1,20.5,6.5,18.4,19.9,11.1,25.5,23.2,3.4,28.3,22.3,24.2,20.3,20.4,19.9,26.4,24.7,17.6,26.2,0.8,24.0,23.8,4.0,17.1,25.4,24.4,10.4,3.4,30.5,12.2,17.9,20.5,22.9,13.6,27.3,1,Medical
MED-0039,39.3,40.4,18.7,55.0,40.0,28.6,49.5,36.6,19.5,47.2,38.9,41.5,27.1,29.7,57.8,46.8,51.6,33.4,31.3,33.8,50.4,46.7,39.3,46.1,58.5,34.9,28.2,37.7,58.6,33.2,45.5,28.9,30.8,43.8,53.5,37.3,38.7,34.3,47.2,43.7,29.3,50.9,39.6,31.0,30.4,33.2,35.0,49.5,42.0,41.4,30.3,54.6,39.3,54.8,48.4,31.0,36.5,35.0,41.2,26.9,44.8,59.7,36.4,41.5,38.8,49.4,13.6,27.0,46.3,35.2,56.4,34.4,28.1,48.9,55.0,50.2,37.5,50.8,27.4,43.5,23.6,29.6,30.3,28.0,57.4,39.8,44.8,40.7,24.0,29.6,44.3,31.9,21.4,48.9,28.8,32.0,0,Medical
MED-0176,16.0,27.2,27.9,37.1,31.2,22.8,43.5,9.9,19.6,18.0,23.4,25.7,19.1,28.4,41.5,30.2,22.4,10.4,22.9,30.4,38.7,35.3,46.2,27.4,12.7,35.3,19.1,31.9,34.5,21.8,41.1,30.0,38.1,26.0,30.7,20.5,19.7,2.4,20.0,37.8,35.9,17.9,38.5,31.8,25.5,28.2,26.1,19.2,33.4,24.6,19.3,14.1,19.2,23.0,19.5,38.7,52.7,31.5,22.7,39.9,18.9,18.8,27.5,33.1,49.2,45.5,17.8,34.7,42.4,45.7,31.6,37.4,37.5,40.5,29.2,15.1,23.8,24.9,30.5,31.1,25.1,20.7,25.5,44.8,32.8,38.2,22.4,38.0,9.5,38.9,24.3,23.6,30.5,25.9,26.8,50.6,1,Medical
MED-0246,39.3,25.2,34.9,41.6,18.6,31.7,22.5,19.7,41.2,23.4,36.4,30.6,47.2,14.2,47.8,6.3,4.8,27.6,52.9,31.8,36.3,12.9,23.6,35.0,30.7,28.5,23.3,26.7,16.4,19.2,22.7,45.4,40.2,31.3,41.3,26.3,43.3,26.6,29.8,27.7,28.1,30.0,35.5,20.6,14.6,39.6,31.5,21.8,20.4,36.2,31.7,36.9,13.2,21.1,34.1,23.2,12.9,39.4,24.5,16.6,26.6,37.6,30.2,43.8,34.7,42.1,11.0,43.9,33.2,41.6,26.3,27.8,24.1,47.1,42.2,37.8,47.3,30.3,10.6,23.4,13.9,21.7,21.3,27.7,34.9,15.7,27.8,19.2,16.5,32.7,25.5,33.4,25.4,30.1,38.0,23.1,1,Medical
MED-0299,26.8,34.1,24.5,19.9,26.1,36.7,20.0,52.1,43.1,22.4,22.6,21.3,28.9,43.4,35.6,36.2,29.4,36.0,26.1,19.8,27.2,25.8,28.7,37.4,22.4,31.8,48.5,41.1,25.7,30.8,34.2,21.6,10.0,39.9,29.7,39.1,35.7,16.9,44.2,24.8,44.3,5.2,29.7,4.1,25.6,15.4,20.9,25.4,46.5,45.4,42.8,46.2,34.6,27.9,24.8,30.4,31.7,30.8,36.9,44.7,37.1,21.5,28.8,28.9,22.6,31.6,36.6,24.6,30.8,22.0,28.0,38.1,10.2,27.4,7.9,21.2,22.1,21.3,10.7,27.6,35.6,43.5,42.8,29.1,22.3,36.5,24.7,33.2,23.5,22.4,48.0,35.9,34.8,45.7,30.7,30.5,1,Medical
SUR-0169,28.0,40.9,37.7,16.1,19.0,38.9,28.0,29.7,51.8,34.2,35.3,33.2,32.9,36.6,47.4,47.8,51.4,34.7,33.8,41.9,37.0,32.6,41.7,40.0,55.4,28.3,23.8,16.7,49.3,29.2,21.7,45.1,30.3,50.2,47.9,30.4,35.2,47.9,41.3,41.5,43.2,27.3,23.1,35.8,47.0,27.5,15.9,26.8,5.3,47.2,30.9,38.5,30.1,33.0,38.6,36.3,32.3,31.3,30.1,33.9,36.5,33.6,47.6,29.7,45.0,33.0,49.8,37.0,54.5,28.0,38.3,50.1,36.3,23.4,40.5,41.2,25.7,38.3,48.9,44.5,32.5,41.8,37.3,34.1,31.0,26.3,28.3,54.1,42.4,32.6,25.8,39.4,43.9,41.2,27.9,52.4,1,Surgical
MED-0417,10.0,20.1,16.8,17.5,40.5,12.2,33.1,12.6,20.9,25.6,16.9,26.7,25.6,25.1,31.7,27.8,18.8,42.9,15.3,32.0,17.1,27.1,20.5,30.4,16.6,19.4,24.6,22.0,32.2,16.4,24.8,27.4,28.2,15.4,32.9,15.8,26.0,27.9,28.6,15.6,30.8,27.1,22.7,36.3,26.0,33.6,25.9,30.6,21.3,24.2,21.5,16.6,18.1,35.8,7.2,18.1,34.2,41.2,0.0,20.1,20.3,17.3,21.8,6.1,20.1,16.0,20.3,26.5,27.5,34.0,20.4,0.0,13.8,13.6,20.4,13.0,32.4,13.7,41.1,16.1,30.6,26.4,27.1,14.6,28.5,32.2,31.6,37.5,27.1,29.7,35.7,10.5,25.4,32.2,43.3,45.8,1,Medical
SUR-0049,31.0,25.3,11.5,14.6,4.0,0.0,20.6,12.5,19.1,23.5,15.0,18.2,8.4,6.5,1.9,16.1,0.0,27.9,16.2,36.9,21.2,12.4,21.0,20.5,24.9,26.7,9.7,14.9,0.0,0.0,21.4,29.8,16.3,25.9,0.0,16.3,0.0,12.8,0.0,13.8,12.9,23.2,3.4,9.7,2.2,20.2,19.9,12.6,11.9,17.6,32.8,0.0,13.5,22.5,6.6,16.8,11.4,25.6,11.9,15.5,18.4,19.3,3.9,8.0,0.0,23.0,19.4,19.7,6.1,21.3,21.3,28.0,12.1,26.3,6.4,31.1,0.0,10.7,15.7,33.8,6.2,22.0,7.2,8.6,17.4,39.2,14.9,6.4,0.0,21.9,7.9,47.2,8.7,8.3,12.5,17.0,1,Surgical
MED-0273,27.8,27.9,15.8,27.9,5.4,26.0,18.9,19.3,33.1,19.7,19.1,27.7,28.5,24.5,32.3,35.1,45.2,13.7,36.5,23.0,24.1,30.7,18.4,35.7,21.8,29.1,36.8,26.5,28.8,21.6,29.7,24.1,35.9,9.2,38.1,24.2,19.7,16.7,29.7,30.0,25.6,13.0,27.2,31.7,30.1,38.7,31.9,35.2,20.4,25.5,27.0,19.5,22.0,23.8,9.4,16.0,36.6,29.8,24.2,34.5,5.2,25.1,24.9,38.4,37.2,17.3,51.4,36.3,18.0,15.6,30.9,24.0,15.4,34.1,51.2,27.5,46.5,24.1,17.7,46.3,32.2,20.7,23.4,32.6,21.3,22.2,20.0,23.3,37.2,16.4,13.2,36.6,33.6,15.2,24.9,38.0,1,Medical
SUR-0112,4.5,0.0,9.7,23.8,39.0,10.5,28.2,0.0,18.2,16.7,22.7,23.6,33.3,18.2,31.3,23.6,1.7,34.4,22.0,8.4,22.3,26.0,8.6,7.1,18.9,1.1,23.4,32.3,21.8,16.6,25.4,10.9,18.7,22.3,16.6,29.6,32.5,7.1,18.5,31.3,36.4,24.4,7.7,22.7,16.8,29.5,40.7,17.2,28.3,37.6,32.7,42.4,15.6,22.6,26.8,10.1,28.1,17.0,19.3,42.7,1.8,30.8,34.7,0.0,18.4,28.4,31.7,15.0,38.7,0.0,40.4,18.8,40.4,28.9,16.0,24.3,21.9,26.2,25.0,37.5,35.7,22.3,29.6,8.3,19.8,11.5,24.1,24.2,1.0,9.7,33.5,32.8,24.4,15.5,21.4,32.7,1,Surgical
MED-0155,30.6,12.2,19.4,25.9,24.8,18.3,28.8,6.5,3.0,26.8,24.9,23.3,48.1,19.2,2.7,31.9,19.3,15.5,17.1,0.0,20.8,9.8,18.8,24.8,12.6,28.5,19.3,25.4,17.1,27.7,28.1,29.6,3.0,15.8,26.1,24.5,0.0,22.6,6.0,34.9,11.6,8.7,18.2,13.8,19.3,0.0,25.6,15.4,40.1,22.7,26.2,1.9,24.7,16.9,31.9,5.8,20.7,18.8,23.3,1.3,30.6,14.6,23.7,16.1,30.8,2.6,0.9,12.1,29.0,14.1,32.2,22.0,10.7,22.6,30.8,17.3,47.6,34.8,10.4,20.6,10.2,13.2,8.9,15.4,5.7,7.4,12.3,27.9,10.7,8.7,14.0,37.9,20.7,23.7,18.7,30.4,1,Medical
MED-0127,7.0,37.7,0.0,22.3,31.8,10.4,27.1,14.0,26.7,18.8,27.9,26.3,34.5,13.0,37.5,28.0,14.3,19.2,18.1,3.7,15.3,23.5,24.6,22.1,12.6,21.2,23.5,35.5,25.7,19.5,23.4,20.1,45.9,36.0,23.2,21.6,20.2,13.1,20.8,23.8,31.4,13.6,18.2,26.0,16.2,40.5,19.7,35.1,20.7,14.3,21.5,20.3,43.4,26.4,30.8,8.0,24.8,38.8,23.4,18.8,18.2,35.8,25.6,28.5,13.3,39.0,20.9,17.4,25.7,28.5,25.2,34.5,26.9,36.6,27.2,25.4,33.8,24.1,31.9,20.2,26.6,32.0,25.4,19.6,31.7,32.7,25.5,30.4,32.3,6.5,28.3,26.8,22.4,10.8,29.1,20.4,1,Medical
MED-0450,19.9,13.9,41.3,16.3,12.3,28.5,28.0,36.6,23.0,29.4,19.4,35.4,32.9,38.1,10.1,14.0,32.5,22.1,35.7,18.1,15.4,36.1,18.2,22.7,0.2,16.2,45.0,33.3,5.9,0.0,16.7,23.5,15.7,24.2,26.9,34.2,51.7,25.0,30.7,23.6,31.0,1.6,45.9,22.9,23.3,10.9,36.9,26.6,28.1,37.6,22.4,38.3,8.6,9.1,28.7,22.3,22.6,13.1,21.2,26.6,16.7,26.0,41.0,8.0,31.1,8.1,10.4,30.2,38.2,11.7,18.4,13.7,16.3,15.7,15.8,22.5,30.8,28.4,25.4,19.9,17.3,10.1,25.5,35.7,34.3,13.4,5.9,9.7,29.5,15.0,16.9,18.8,20.7,32.4,25.2,23.8,1,Medical
SUR-0072,40.2,14.2,11.5,20.9,41.8,35.6,26.9,13.7,30.3,3.5,31.2,11.8,27.5,24.6,46.7,9.8,35.8,11.6,16.6,28.6,19.4,26.8,13.8,21.3,12.1,20.0,22.7,40.2,24.8,26.5,17.8,36.5,36.3,26.7,34.0,6.5,15.5,5.6,14.2,20.7,20.2,13.2,19.8,27.9,12.5,16.1,31.2,16.7,13.4,33.5,21.6,10.9,12.9,38.5,23.5,28.8,33.8,18.7,20.4,35.1,23.2,20.5,28.2,20.0,48.0,31.6,27.2,24.8,36.2,20.9,20.5,12.6,26.2,17.2,25.5,37.8,26.7,1.6,15.8,31.3,19.8,30.2,29.1,26.6,24.0,23.1,31.4,19.6,19.3,16.5,11.9,25.0,25.0,29.0,28.4,32.5,1,Surgical
MED-0342,9.5,9.3,5.5,19.7,0.0,25.8,5.0,30.9,42.8,8.3,20.6,14.4,33.3,30.8,2.5,0.0,8.1,21.8,21.4,32.3,13.1,18.6,30.0,15.5,1.1,5.6,21.8,34.0,12.3,6.7,22.5,28.0,32.4,11.5,21.3,22.7,23.0,17.0,6.8,6.1,27.3,19.3,18.3,13.5,4.0,13.1,13.4,2.0,30.8,27.1,24.6,6.2,18.5,0.0,28.0,18.8,23.9,30.5,7.2,17.9,12.2,14.3,6.3,4.5,22.4,10.7,0.0,11.0,4.1,15.4,29.3,15.7,23.6,4.4,21.1,1.5,27.8,34.9,11.2,17.4,7.2,16.1,29.4,4.1,0.1,19.8,10.7,18.7,10.9,23.7,18.4,35.1,17.8,0.0,12.4,0.0,1,Medical
MED-0431,39.6,41.8,34.8,47.5,22.7,29.6,34.1,48.2,54.2,40.4,44.5,54.9,45.5,44.8,40.3,25.6,31.1,49.6,39.1,44.3,29.9,41.5,25.3,31.2,32.3,42.6,32.1,31.0,44.0,36.7,9.9,35.1,14.1,30.0,22.5,49.8,34.0,33.7,37.2,39.3,15.7,18.6,35.6,20.2,49.8,26.5,28.8,20.9,14.1,47.9,49.2,42.4,18.6,31.4,30.8,33.0,29.4,26.9,43.8,56.1,15.7,33.3,42.8,37.4,46.4,35.1,43.0,31.8,53.2,27.3,31.8,34.9,26.1,30.2,21.7,47.4,18.8,28.6,29.9,40.3,29.4,9.0,40.8,46.3,27.0,43.2,27.8,40.7,21.5,40.8,28.9,29.2,36.9,39.4,39.5,29.4,1,Medical
MED-0288,37.3,29.3,34.6,29.5,30.3,43.2,33.4,35.4,31.8,32.2,12.1,21.0,45.6,18.1,33.0,40.8,30.9,37.6,43.5,40.5,25.7,45.8,30.7,17.5,33.2,37.0,26.2,31.2,36.5,33.0,21.4,26.2,34.2,19.6,41.9,57.4,49.7,35.2,27.6,46.7,12.1,26.5,41.8,47.4,11.0,18.7,43.3,39.3,35.3,50.9,29.3,30.6,35.8,27.3,38.5,32.2,43.2,35.8,21.2,29.9,27.8,21.3,22.5,40.4,32.0,21.2,17.6,31.3,37.2,43.0,31.0,27.0,27.6,29.5,36.6,26.4,46.8,11.2,40.0,37.2,57.4,27.4,31.5,35.7,45.1,47.5,24.1,43.9,17.1,32.5,28.3,20.7,32.7,29.4,43.8,26.6,1,Medical
MED-0114,24.8,19.0,20.1,36.2,31.9,31.1,8.8,41.1,33.9,22.6,23.7,24.4,11.5,37.4,30.2,13.6,16.3,24.5,26.2,19.4,35.5,32.2,32.6,28.1,42.9,3.7,24.7,20.2,27.8,26.1,22.6,27.0,29.1,28.4,24.3,33.8,2.9,26.8,15.6,19.3,41.8,5.5,23.1,41.3,10.6,27.0,22.2,21.7,6.8,24.9,28.6,12.1,18.5,33.2,24.8,25.3,19.3,29.1,28.8,29.9,46.5,21.3,17.5,5.9,19.6,6.3,20.9,17.2,18.6,15.6,12.3,22.6,34.4,8.2,29.5,29.5,17.4,16.7,10.9,36.9,31.7,24.8,22.6,19.2,38.8,36.1,31.8,17.3,30.9,35.7,16.6,21.3,19.7,27.6,32.9,35.4,1,Medical
MED-0500,26.2,31.8,24.8,35.4,16.3,41.2,36.4,29.1,7.1,13.3,27.6,40.5,43.2,17.2,1.9,35.3,30.2,34.0,22.2,19.2,20.8,27.3,22.6,19.8,40.7,41.1,20.4,29.4,22.0,18.1,23.4,30.3,46.5,30.5,33.7,22.9,8.2,22.5,23.2,48.3,32.9,21.6,10.3,29.2,21.9,8.5,28.0,28.1,20.2,20.3,35.6,22.4,33.6,31.4,25.4,19.4,34.7,24.3,23.1,23.7,24.9,25.6,41.2,26.0,30.1,25.6,33.9,22.2,20.9,28.4,36.6,20.7,47.9,39.3,26.3,25.7,19.4,39.2,50.1,59.4,34.3,13.6,22.9,26.5,31.5,18.1,20.1,43.0,38.8,19.2,17.4,29.0,19.8,31.1,41.9,12.1,1,Medical
MED-0174,2.9,0.0,3.1,17.4,15.5,4.8,1.6,1.2,4.9,3.8,4.2,8.8,0.0,0.0,0.0,0.0,1.3,11.9,4.4,6.6,7.8,5.7,15.5,0.0,29.2,8.7,0.0,0.0,8.7,3.3,0.9,12.7,14.7,8.2,0.0,14.5,0.2,12.2,3.8,3.5,3.6,13.7,9.6,27.5,0.0,0.0,16.1,13.3,0.0,18.5,28.4,0.0,12.4,7.8,15.3,17.3,11.5,14.5,0.0,28.2,9.3,0.0,0.0,7.5,0.0,18.1,0.0,0.0,0.0,3.1,14.4,15.2,2.3,21.2,0.0,0.0,10.0,0.0,9.3,1.2,3.5,1.1,0.0,0.0,0.0,7.5,22.4,0.0,17.9,10.6,17.0,9.8,1.3,0.0,0.0,0.0,1,Medical
MED-0360,23.6,52.4,60.3,24.1,47.7,28.9,41.9,41.6,24.1,26.0,61.7,30.6,36.8,45.1,23.2,28.2,22.4,23.5,36.4,46.1,47.8,47.9,40.0,30.9,52.8,33.0,26.6,52.4,36.5,29.2,37.7,25.7,47.8,27.2,46.2,45.9,36.7,42.4,25.2,32.8,42.0,39.2,36.2,61.1,27.0,27.5,31.0,35.6,29.1,21.1,36.0,34.0,30.5,21.9,31.1,41.3,29.9,47.0,33.4,28.1,25.8,44.3,39.2,43.1,48.1,41.2,33.2,42.8,38.4,31.4,26.8,50.3,35.2,31.3,39.0,31.1,36.5,61.5,22.4,38.1,35.3,7.4,29.2,34.5,44.9,13.9,24.7,47.2,43.3,47.9,53.6,36.7,31.0,36.1,31.4,52.7,1,Medical
MED-0483,6.2,9.6,4.6,1.9,10.6,0.0,0.0,0.0,2.5,6.4,0.0,18.2,2.6,4.2,0.0,5.1,9.8,0.5,0.0,0.0,12.6,6.9,18.5,0.0,0.0,0.0,8.6,19.4,31.5,11.6,0.0,19.9,0.0,8.5,0.0,6.4,14.4,9.7,1.2,20.3,14.6,1.0,0.0,0.0,13.5,0.0,0.0,9.2,0.0,0.0,11.2,11.5,5.5,0.0,0.1,11.3,10.2,7.2,22.8,11.2,9.2,7.2,10.9,8.9,24.5,0.0,0.0,17.5,0.0,0.0,8.4,7.4,8.2,7.0,17.1,5.0,0.0,7.4,0.1,7.5,0.0,10.5,0.0,0.0,24.0,0.0,15.5,0.0,9.8,7.2,8.0,22.3,14.5,0.0,0.0,19.2,1,Medical
MED-0058,14.0,20.5,17.6,24.6,27.6,2.8,26.3,11.9,29.7,23.0,2.3,23.5,7.5,32.1,19.8,11.1,7.8,17.7,25.9,19.2,20.1,13.1,11.9,0.0,16.6,13.1,12.1,21.3,12.2,5.8,28.6,16.7,12.5,11.0,12.6,0.0,16.7,9.6,6.4,0.0,25.9,13.2,32.7,21.5,19.9,15.5,24.2,27.8,12.0,33.0,26.5,29.5,16.4,15.2,40.1,10.4,31.2,0.0,0.0,13.2,0.7,9.3,20.8,12.2,16.3,7.9,8.4,8.3,33.1,12.1,12.5,16.1,15.1,3.7,23.5,5.2,3.7,20.5,31.4,24.0,11.5,24.0,39.7,11.1,10.3,44.0,7.7,18.5,0.0,33.5,25.6,0.0,9.1,22.1,10.6,2.4,1,Medical
SUR-0053,6.8,26.9,24.4,17.0,20.2,6.3,32.0,21.1,7.4,17.1,33.4,21.3,33.3,7.2,9.8,13.8,8.2,2.1,12.9,41.1,13.0,18.6,13.9,37.0,17.7,26.5,28.8,16.4,16.3,29.9,18.4,37.1,28.7,29.5,9.8,24.4,20.9,5.5,38.2,4.1,22.8,21.3,20.7,27.8,16.0,12.0,6.5,16.6,28.7,34.0,25.8,18.7,30.8,31.2,16.9,1.6,16.3,19.6,17.8,24.5,27.9,14.7,0.0,18.8,18.4,4.4,22.3,13.4,23.9,18.1,21.5,25.2,25.6,7.2,5.6,19.8,24.8,38.7,25.4,37.0,28.8,27.5,11.5,28.9,26.3,25.0,0.7,7.4,21.6,20.9,28.9,21.9,14.6,13.9,10.0,33.5,1,Surgical
MED-0223,9.7,15.7,3.8,4.2,11.3,22.3,25.4,19.8,37.5,37.4,8.9,27.4,8.0,16.1,7.7,15.7,9.1,5.0,19.2,35.4,23.6,7.8,14.9,21.4,28.5,18.1,12.3,18.2,20.2,31.1,25.8,35.0,17.5,30.8,15.7,12.0,6.0,25.6,33.1,18.2,18.8,41.4,12.9,39.7,29.4,22.0,24.1,2.9,31.1,29.5,19.9,18.6,25.9,27.2,14.7,23.1,18.7,26.0,2.0,24.9,22.2,20.0,26.4,28.8,18.1,11.8,22.0,34.5,29.3,27.2,11.5,17.4,24.2,39.4,16.7,10.2,32.1,19.2,1.5,38.5,20.9,25.2,26.5,37.1,26.1,27.6,17.6,28.5,46.4,18.2,10.7,20.0,2.1,25.3,12.9,37.1,1,Medical
MED-0281,18.1,35.0,0.0,19.1,26.5,35.9,24.2,19.2,27.9,20.0,16.7,34.9,15.0,14.9,41.1,25.6,7.4,34.1,13.1,27.4,1.9,24.5,16.9,23.7,11.6,11.7,31.8,31.0,15.3,18.3,32.2,33.8,11.5,27.6,24.1,40.2,14.3,19.4,20.2,17.0,39.3,16.6,8.9,27.2,16.6,7.5,13.5,25.9,35.0,21.5,24.1,13.9,33.6,41.7,16.2,12.8,36.7,22.9,24.6,33.7,31.6,20.5,9.5,20.7,22.0,33.1,14.1,2.9,13.5,25.4,48.2,21.1,19.4,20.7,24.7,31.3,6.9,1.6,36.2,19.2,22.3,23.1,14.4,24.7,24.8,15.2,12.9,29.1,44.4,46.5,18.9,37.2,11.3,33.4,27.9,17.7,1,Medical
MED-0018,61.2,57.8,69.1,43.9,37.3,51.1,49.9,48.0,48.2,52.8,46.0,39.5,53.3,61.2,54.9,62.2,66.0,30.1,50.5,37.9,56.3,44.6,37.8,46.1,56.8,43.7,55.5,63.1,50.2,60.4,45.2,47.8,62.4,58.2,67.3,34.2,62.2,65.5,64.9,66.2,60.0,70.8,34.1,66.3,56.5,60.7,64.9,55.7,67.3,57.5,55.0,53.5,51.2,59.1,59.9,40.8,52.8,53.2,72.6,58.3,54.1,59.5,49.2,51.7,30.1,34.2,34.8,49.8,59.2,39.5,29.7,48.3,48.9,47.7,66.9,50.0,46.7,49.0,64.8,48.6,57.1,66.5,41.0,43.8,38.2,37.1,68.2,57.7,63.4,50.1,58.2,74.0,73.7,54.8,52.9,62.9,0,Medical
MED-0128,40.4,36.7,35.9,44.0,41.8,45.7,37.8,47.3,42.0,42.7,29.8,34.5,51.6,42.3,30.2,56.0,36.9,40.0,14.6,26.5,50.3,43.7,32.1,61.4,39.4,43.6,38.7,20.8,37.4,43.8,48.8,25.3,55.6,30.3,39.3,29.4,52.1,57.1,32.5,17.4,47.4,41.3,43.2,53.4,40.4,32.4,31.2,45.2,32.2,20.4,44.9,58.1,61.5,37.7,58.0,30.3,59.4,33.1,41.6,32.4,33.1,42.9,59.8,27.3,63.0,38.6,61.0,55.5,27.4,56.1,52.9,31.3,31.5,40.9,41.4,60.3,15.0,31.3,47.9,51.4,42.0,31.8,35.4,41.0,43.8,29.5,45.0,33.8,27.5,38.6,36.8,57.7,46.8,35.1,33.9,31.0,1,Medical
MED-0323,57.0,36.0,40.8,55.0,43.2,33.8,30.0,29.1,35.3,29.2,47.5,27.8,40.7,43.1,43.5,36.3,38.6,41.3,28.9,27.3,37.3,14.7,27.2,25.8,27.4,23.9,49.3,24.3,42.0,44.5,38.9,20.0,34.4,50.6,29.1,32.7,40.8,45.7,27.1,38.3,31.1,32.3,35.9,28.0,39.6,38.8,27.6,24.6,29.8,3.3,35.5,44.0,30.9,24.2,31.8,34.6,40.7,14.7,32.6,16.2,19.6,28.7,43.3,23.5,26.3,48.8,40.5,38.7,51.5,47.3,43.2,29.1,18.7,34.1,39.6,40.9,15.0,31.5,36.7,34.5,26.4,26.5,37.2,34.6,37.0,30.0,15.1,27.1,45.0,38.3,43.0,31.6,31.6,18.6,39.0,24.6,1,Medical
MED-0256,19.0,6.9,23.2,21.8,10.8,18.8,10.0,11.1,14.6,21.3,43.2,21.4,9.1,33.4,13.0,13.5,11.8,20.6,21.8,10.4,23.1,25.8,16.9,11.8,22.6,23.7,11.5,51.0,15.9,8.4,17.1,2.4,8.0,13.2,31.3,4.7,5.8,15.6,8.5,34.0,6.6,8.7,5.9,11.7,27.4,22.3,21.3,10.7,10.0,13.1,28.1,10.2,9.5,25.2,0.8,8.6,17.2,38.3,22.0,6.1,6.4,16.2,24.6,27.2,31.1,33.6,12.8,20.9,0.0,23.0,23.6,16.3,25.2,31.9,29.0,13.3,14.7,10.1,23.9,23.2,18.2,3.6,35.8,11.4,14.1,22.3,20.9,22.8,32.3,15.3,0.0,22.6,26.3,13.3,19.5,12.6,1,Medical
SUR-0039,21.9,27.4,26.9,33.2,36.0,30.7,24.2,23.6,15.5,41.3,38.6,35.0,36.3,31.1,24.1,43.6,32.1,43.6,24.5,39.5,28.0,41.1,12.3,25.0,34.7,24.9,28.0,31.6,43.2,22.4,30.3,30.9,25.9,27.6,30.6,13.2,37.9,20.5,23.6,6.5,22.8,18.3,23.2,27.0,39.7,20.3,20.7,31.4,40.9,44.5,42.1,51.5,31.3,15.9,27.7,30.0,32.6,39.5,35.7,25.2,27.3,54.1,29.7,33.0,52.4,24.1,33.4,24.5,19.6,54.0,20.1,22.5,30.7,19.8,37.4,35.2,33.7,43.4,29.9,25.6,17.2,19.2,28.5,55.7,39.4,25.5,29.2,30.1,41.9,35.4,32.3,3.1,33.3,50.9,32.6,38.7,1,Surgical
MED-0471,37.5,53.2,43.3,58.5,35.8,43.3,57.8,56.0,48.1,51.0,57.5,48.9,36.1,62.7,34.0,53.9,57.8,70.2,60.7,30.7,35.9,47.3,62.0,35.2,40.8,43.9,43.3,59.0,60.6,52.4,80.4,39.9,50.0,30.3,61.3,30.0,39.1,52.3,38.4,44.7,58.7,46.2,52.9,48.2,33.9,35.0,61.3,39.4,46.9,52.9,38.5,49.4,65.4,52.5,53.6,57.7,40.7,48.8,29.9,37.2,43.2,55.3,57.6,40.7,56.0,35.9,68.1,64.8,49.4,35.3,61.6,53.8,55.5,53.5,35.4,56.5,46.3,19.2,49.0,51.4,44.1,28.8,57.4,61.5,54.7,53.5,40.2,38.2,53.2,43.2,48.2,64.0,56.1,55.6,54.9,66.3,1,Medical
SUR-0099,14.6,3.8,6.3,18.7,10.2,17.2,0.0,20.5,16.9,5.5,12.6,25.8,0.0,16.6,9.4,21.4,0.0,0.0,15.1,21.1,26.4,0.0,9.9,17.6,12.1,21.9,23.1,24.7,15.9,4.9,13.5,2.6,9.8,7.5,12.6,10.6,8.1,0.0,13.7,19.9,24.8,17.4,2.2,13.8,0.0,17.5,28.8,18.8,20.4,23.0,14.1,0.0,22.0,5.8,15.2,28.9,0.0,27.4,15.6,3.5,7.0,5.1,15.8,0.4,0.0,16.3,6.5,18.4,13.0,17.7,11.5,0.0,11.4,12.1,4.5,16.9,0.0,16.0,22.3,14.4,2.2,1.9,0.0,13.6,15.2,0.0,24.9,9.9,11.2,10.7,0.0,18.7,11.3,19.6,32.8,0.0,1,Surgical
MED-0469,17.3,20.7,30.9,42.1,31.9,25.3,25.5,31.5,18.0,28.2,18.8,18.1,23.1,16.2,37.5,31.2,27.7,22.2,37.2,12.7,19.3,20.4,17.5,38.3,30.0,6.1,21.0,15.5,27.0,17.9,30.1,12.7,26.4,18.7,27.6,5.2,27.5,22.7,43.6,35.6,30.1,11.5,20.7,11.0,10.7,17.9,5.6,5.4,0.0,27.6,17.9,22.9,14.8,4.5,25.6,32.0,31.7,38.3,9.8,6.3,34.3,4.7,43.3,18.2,22.4,19.0,14.1,27.5,9.4,42.2,25.3,13.9,19.0,26.4,0.0,20.8,22.3,35.4,20.5,11.6,29.2,16.3,32.3,13.1,23.7,20.2,19.2,17.4,22.2,22.7,34.1,11.6,0.2,33.0,13.1,30.6,1,Medical
SUR-0269,20.0,30.4,18.9,15.9,30.7,30.9,30.4,18.7,18.8,33.1,18.6,32.8,25.8,34.9,30.2,17.5,29.2,30.5,38.1,17.2,10.7,18.3,17.1,26.3,18.9,6.0,23.6,3.5,36.9,25.2,26.1,6.2,26.8,27.3,31.1,27.7,6.5,11.8,15.3,21.7,23.7,21.7,31.6,20.1,13.4,32.6,17.9,26.2,12.4,23.4,29.5,50.4,24.5,6.1,14.5,42.7,17.8,11.7,15.4,27.4,14.3,28.2,30.1,34.6,22.7,23.5,37.8,28.3,24.9,41.6,26.8,13.6,27.5,19.9,16.9,27.1,9.0,23.7,31.8,10.0,26.5,5.1,31.8,20.7,33.7,0.0,14.2,32.2,5.0,30.6,19.4,15.9,35.2,30.8,16.6,19.1,1,Surgical
MED-0191,34.0,14.2,19.2,20.0,35.1,34.8,20.9,39.6,36.1,32.9,19.8,28.5,22.3,23.1,11.6,9.0,36.7,15.4,24.4,15.2,34.3,14.9,23.4,21.2,8.4,8.8,18.0,18.3,18.4,13.8,39.1,13.6,9.3,14.2,7.2,34.7,23.1,20.8,25.8,23.0,19.9,31.4,14.8,17.0,39.4,25.7,27.2,3.6,12.3,16.9,7.1,22.0,18.2,17.7,22.8,34.2,31.5,29.1,28.7,15.4,5.8,22.0,32.4,18.5,11.7,13.7,26.0,37.4,20.4,28.2,11.4,10.6,17.7,16.1,15.7,29.3,20.5,17.8,16.6,31.7,34.1,18.3,28.0,5.5,12.4,27.2,35.4,26.2,36.9,18.3,11.3,23.7,28.5,21.0,35.5,33.0,1,Medical
MED-0116,0.0,18.3,0.0,29.9,24.7,1.5,9.4,25.1,2.9,6.0,0.0,27.3,14.6,14.7,18.0,16.1,18.5,5.5,11.3,12.5,15.2,28.2,18.2,10.7,18.6,23.0,5.1,20.1,28.0,6.8,7.0,23.1,0.0,0.0,15.3,6.4,20.3,25.8,4.4,15.1,19.2,9.0,22.8,10.4,2.6,37.5,21.2,7.2,19.2,3.8,30.3,16.3,15.7,18.8,15.7,14.3,23.0,10.5,17.2,20.9,19.5,10.3,28.6,5.2,19.3,4.8,24.6,19.3,1.5,25.9,12.0,10.2,0.0,4.9,8.6,12.1,10.7,1.4,12.0,17.3,15.7,20.6,23.8,11.4,11.0,23.9,0.0,23.8,14.8,30.6,0.6,27.6,15.4,0.0,13.6,23.9,1,Medical
SUR-0017,21.3,16.4,0.0,28.6,19.5,32.1,19.1,3.6,10.2,18.4,7.9,6.5,15.9,13.4,21.0,0.0,21.8,20.7,14.0,29.7,7.4,21.6,11.4,40.5,23.3,28.6,7.6,19.7,23.8,25.5,14.9,0.0,4.2,24.4,10.4,13.9,20.4,18.0,41.9,27.6,0.0,20.4,28.0,34.9,45.5,9.6,10.1,11.1,31.6,15.5,15.7,6.8,13.0,11.4,0.0,17.9,30.1,5.8,18.1,23.5,18.5,20.1,24.6,15.7,7.3,28.3,17.0,28.4,18.0,18.4,29.8,23.0,21.9,8.2,20.5,15.0,12.1,13.0,10.8,12.7,13.2,30.5,11.6,37.9,20.2,8.9,18.7,14.6,11.6,18.6,21.8,11.5,18.7,16.8,7.9,12.3,1,Surgical
SUR-0210,45.9,42.7,45.0,32.3,40.9,43.3,36.6,39.3,33.3,39.0,33.0,32.4,35.3,37.5,39.1,52.4,36.5,40.8,29.2,41.6,34.3,29.0,33.8,33.1,59.0,28.2,33.9,53.0,24.9,37.9,30.5,44.5,39.4,33.8,38.4,39.2,40.8,31.3,31.1,14.9,35.5,28.5,48.2,38.2,42.4,33.2,38.7,29.4,34.1,21.5,51.9,44.2,30.6,28.9,44.8,39.6,18.7,35.9,27.8,53.7,21.0,30.6,43.0,34.6,30.5,38.8,33.7,42.1,17.7,46.2,32.9,19.0,42.8,38.5,39.3,44.5,25.9,44.3,34.3,30.1,41.5,38.3,40.7,32.5,36.1,43.4,17.5,26.8,46.6,31.0,51.7,22.6,28.1,34.5,27.7,26.8,1,Surgical
SUR-0036,30.7,29.4,27.2,22.3,31.6,43.2,25.9,47.3,44.0,12.8,18.6,23.4,32.8,34.7,28.4,31.4,31.7,29.6,31.5,40.6,32.1,20.3,42.3,37.6,20.3,31.8,34.1,17.9,28.5,9.0,5.6,27.5,25.0,37.3,35.9,42.7,24.9,33.5,12.5,21.0,29.7,23.8,34.8,4.2,19.2,22.8,30.9,35.7,35.0,27.5,15.0,32.3,34.9,41.2,26.3,23.4,14.5,16.6,37.9,28.9,40.1,25.9,24.1,31.5,16.3,23.5,38.2,30.2,9.0,29.4,19.3,35.1,37.7,30.2,18.9,28.4,16.6,22.4,25.1,48.9,28.5,19.0,12.4,40.7,23.9,13.0,21.0,36.1,44.5,17.8,33.9,30.7,41.1,35.8,42.9,33.7,1,Surgical
MED-0095,15.3,17.7,40.4,31.5,28.7,17.7,30.4,29.4,16.5,28.9,29.4,21.7,37.7,14.9,34.7,10.5,17.1,41.5,30.3,14.6,3.0,30.4,24.5,31.6,14.0,28.3,12.5,16.1,24.0,33.7,30.1,18.0,41.8,29.4,29.4,7.7,32.9,26.0,22.4,10.6,26.3,21.9,21.1,17.4,32.1,0.0,35.3,12.6,26.3,22.3,17.0,16.1,32.3,27.3,23.9,25.1,22.2,15.3,34.3,35.1,31.3,29.8,25.2,33.1,12.1,34.5,29.5,41.6,26.4,21.6,28.5,15.5,28.5,31.1,27.0,39.3,41.7,21.5,27.9,32.6,14.4,27.7,7.4,16.9,26.9,16.6,22.2,21.6,15.7,30.7,1.0,29.8,35.0,20.7,16.9,23.6,1,Medical
MED-0181,32.1,33.8,35.6,26.6,16.4,2.8,22.8,20.3,20.1,15.5,24.7,31.8,9.2,49.2,4.7,16.1,20.4,12.7,10.9,24.8,22.3,32.6,24.8,12.6,10.0,17.4,22.3,13.0,30.8,28.4,29.6,31.0,34.5,20.8,27.6,21.9,36.6,16.2,47.2,17.5,36.5,21.9,17.0,15.6,41.9,20.0,54.5,9.7,7.6,16.6,3.0,31.7,23.9,13.4,17.9,17.2,25.0,25.3,8.7,31.6,4.6,38.4,22.3,17.5,35.2,29.2,16.8,8.0,11.9,29.6,18.1,15.9,14.6,23.3,33.1,26.0,32.0,15.8,15.9,10.7,16.5,3.5,21.6,16.3,36.5,13.6,29.4,21.5,26.3,11.4,40.6,20.6,24.7,7.7,9.7,0.0,1,Medical
MED-0302,27.5,24.6,26.8,16.5,14.5,19.0,19.0,15.5,29.2,14.9,22.1,24.7,16.8,23.5,42.6,29.6,7.2,22.1,12.0,27.5,30.2,17.6,24.8,10.5,21.8,21.9,10.9,28.3,26.7,46.6,10.7,12.9,16.6,7.1,25.0,12.8,31.8,31.8,36.4,8.2,12.9,34.2,17.9,11.0,19.4,26.8,11.6,23.1,28.1,17.7,25.1,9.0,20.8,20.2,26.0,11.8,35.9,19.1,11.0,11.0,18.0,7.6,22.0,15.5,24.4,10.9,31.7,7.4,24.0,36.9,32.8,11.4,22.4,29.1,26.6,23.6,8.0,15.5,22.0,25.2,33.8,17.5,11.9,23.7,18.6,16.4,1.0,11.6,14.1,22.1,23.3,18.9,5.1,16.7,12.0,14.7,1,Medical
SUR-0117,5.6,18.6,0.0,20.1,2.3,0.0,0.0,2.4,10.7,0.0,14.4,0.0,7.9,1.7,9.0,0.0,0.0,0.0,6.4,0.0,1.5,0.0,0.0,4.8,0.0,3.8,3.2,0.0,2.7,9.3,14.6,0.0,5.2,0.0,1.2,2.4,1.7,10.4,6.7,0.0,6.3,1.3,15.6,16.1,0.0,0.0,8.2,1.4,16.8,3.2,0.0,1.0,4.8,17.9,12.1,0.0,15.6,0.0,25.3,0.0,14.6,18.1,0.0,15.3,7.6,0.0,20.7,0.0,0.0,4.5,6.2,0.0,18.2,0.0,4.2,0.0,0.0,3.4,11.0,7.8,12.5,0.0,11.5,5.1,4.4,0.0,6.0,8.4,5.3,6.9,4.7,4.5,2.3,5.3,5.1,26.0,1,Surgical
SUR-0082,23.0,24.9,29.1,32.5,27.8,48.7,40.5,40.2,18.8,25.2,20.4,15.3,39.6,28.3,23.2,16.4,27.1,17.5,33.5,27.0,19.8,12.7,29.1,27.4,35.7,0.0,31.8,43.0,25.2,22.4,39.1,11.4,36.3,16.8,22.1,30.9,39.8,30.3,35.1,15.6,3.8,15.1,36.6,13.6,32.1,39.3,30.6,31.4,38.6,32.5,27.1,21.8,30.7,13.4,34.4,29.3,17.1,19.1,37.0,32.2,35.7,21.6,24.9,33.6,20.6,21.9,18.8,37.6,37.8,28.5,24.8,23.6,32.8,14.4,27.4,32.8,19.4,19.4,19.5,27.6,31.8,11.3,40.1,37.3,25.1,13.4,18.2,25.2,4.2,18.1,42.3,41.1,51.0,64.8,27.3,37.7,1,Surgical
SUR-0091,16.9,15.8,24.6,0.8,6.2,21.0,0.7,9.6,21.0,21.4,41.5,21.0,20.2,16.3,22.4,4.7,10.4,17.7,23.6,6.4,23.1,20.7,5.8,14.0,9.9,15.7,20.7,31.6,15.9,12.7,15.1,5.7,23.6,8.1,10.8,22.7,19.7,0.0,4.5,20.9,8.7,0.0,14.2,16.4,7.9,11.4,27.7,20.0,11.2,0.0,3.8,17.0,18.6,7.6,29.3,46.7,25.8,17.8,12.9,23.3,5.4,10.5,20.0,24.6,0.0,2.1,12.3,6.5,20.6,21.5,14.0,16.9,16.6,5.4,14.1,18.2,27.5,10.9,12.2,14.0,8.7,20.4,12.1,22.2,15.5,24.8,23.7,12.3,33.7,0.0,0.0,9.1,16.2,6.3,0.0,20.2,1,Surgical
SUR-0232,25.5,20.4,28.0,45.6,38.7,20.5,20.9,20.1,39.6,44.0,24.6,32.8,45.9,39.6,62.0,39.5,40.5,40.5,37.8,38.0,40.8,24.0,36.2,30.2,35.2,25.4,40.6,37.9,42.9,19.9,18.3,2.3,31.9,34.7,41.7,41.8,14.3,22.2,9.2,45.8,31.0,30.4,13.4,23.2,39.2,17.6,29.2,20.0,31.1,31.0,34.9,25.2,30.1,33.8,24.2,23.6,44.7,45.7,41.7,42.4,35.8,34.4,40.6,43.6,33.2,47.4,46.8,22.8,36.7,16.2,23.0,31.6,19.9,23.6,21.5,45.4,49.2,21.4,29.6,46.8,45.6,44.4,39.6,50.0,40.5,36.0,24.0,23.5,20.3,19.4,29.2,34.8,34.1,52.5,28.3,35.5,1,Surgical
SUR-0059,0.0,6.2,21.9,32.9,23.0,23.7,11.8,17.2,0.9,8.2,13.2,17.1,0.2,32.9,6.0,17.3,19.7,16.2,11.4,29.3,17.6,27.4,14.3,21.5,23.5,0.8,19.6,21.6,21.2,13.5,5.6,2.8,19.6,26.1,26.5,6.4,27.0,23.9,0.0,18.9,18.5,9.6,10.6,22.3,0.7,19.6,22.9,30.3,0.0,22.5,12.6,13.7,28.7,19.3,35.7,12.5,26.6,33.2,0.0,21.5,1.4,7.4,21.1,0.0,39.4,2.9,4.6,30.3,35.6,16.6,24.2,23.7,2.5,22.4,7.4,10.4,23.9,19.1,3.3,11.2,31.8,24.0,10.3,10.5,21.4,14.0,7.4,23.2,19.9,30.5,21.6,18.3,19.1,36.2,23.4,24.3,1,Surgical
SUR-0209,34.4,23.3,27.7,30.9,25.4,19.0,16.4,24.7,32.8,27.8,40.5,27.4,12.0,10.6,28.9,0.0,30.2,26.6,15.6,49.0,34.1,18.5,32.3,37.9,27.9,13.7,32.5,29.1,19.3,32.0,17.0,19.1,36.9,10.2,0.4,25.8,13.9,23.1,32.1,30.2,28.9,25.5,22.5,15.9,28.8,12.5,44.1,29.6,35.3,23.8,31.8,17.9,41.0,22.7,19.7,23.6,23.3,22.6,33.7,22.0,28.7,7.5,19.9,37.6,26.4,44.3,23.4,23.4,26.0,14.8,3.1,20.5,33.0,13.0,21.1,22.8,30.3,14.1,24.1,22.1,37.5,29.0,23.7,14.9,35.0,38.0,37.1,31.2,20.4,26.3,33.8,45.3,15.8,30.2,33.1,20.9,1,Surgical
SUR-0043,55.2,33.4,42.7,49.8,34.7,46.9,53.8,29.5,41.7,54.2,36.7,64.5,51.2,36.5,43.9,48.7,30.2,44.5,55.4,67.5,35.7,56.8,32.2,58.4,36.0,50.4,55.5,41.6,46.9,44.4,52.5,47.7,50.3,29.9,45.3,43.8,41.6,37.7,39.3,49.1,34.3,36.1,44.2,37.4,36.6,54.4,32.7,59.8,55.5,44.9,49.1,39.8,53.3,41.6,37.0,57.4,58.2,62.4,36.9,39.1,58.6,55.2,42.9,34.3,49.6,60.9,57.6,39.9,34.2,36.6,32.4,43.4,60.5,41.3,47.4,46.9,50.8,35.6,57.4,36.0,48.7,55.2,62.0,61.6,37.0,32.1,63.9,48.1,32.4,56.9,46.3,51.3,37.3,36.5,39.6,49.5,1,Surgical
MED-0006,46.1,49.2,23.5,36.4,46.9,43.9,64.7,41.8,34.4,29.3,30.7,37.5,31.0,29.0,50.4,51.7,31.6,49.0,40.3,52.4,27.9,46.6,40.5,23.6,47.3,21.7,25.4,34.0,34.0,49.3,52.5,35.9,27.0,49.8,49.0,42.4,46.9,50.3,36.1,24.3,38.1,36.5,42.4,37.3,25.8,23.4,27.6,45.5,51.6,41.5,45.2,51.9,34.6,53.9,49.9,49.9,21.8,33.0,47.9,46.5,39.4,16.2,38.8,42.3,58.7,48.2,53.9,57.3,36.0,30.6,32.6,47.4,34.2,41.0,44.5,32.8,32.7,38.9,51.7,51.5,28.5,42.7,42.1,30.4,35.1,39.4,52.7,44.2,53.3,50.5,32.7,34.8,38.5,37.3,32.4,64.2,0,Medical
SUR-0286,35.4,24.3,29.4,27.0,34.9,31.7,40.8,37.3,44.2,39.9,33.1,52.6,24.4,35.4,32.7,12.6,29.3,6.2,20.5,21.3,25.0,4.3,13.9,31.8,14.2,26.7,10.0,10.9,35.2,25.7,31.4,28.9,32.2,42.9,29.8,11.6,30.1,22.3,1.7,23.8,22.0,32.9,15.5,25.0,18.3,12.7,25.2,5.0,18.3,16.8,11.5,10.6,15.2,19.3,29.3,23.9,30.0,37.8,9.7,13.8,34.5,27.3,43.7,24.5,24.5,19.2,36.8,19.8,29.8,33.6,35.4,6.0,28.3,23.6,11.1,17.7,21.6,20.4,22.0,21.9,16.7,16.9,20.0,49.8,17.8,35.9,34.2,33.1,18.5,31.4,5.5,26.4,12.6,28.5,27.0,21.4,1,Surgical
MED-0046,0.1,16.8,16.6,0.0,0.0,4.5,0.0,12.1,15.5,0.0,0.0,0.0,0.0,0.4,0.7,4.9,0.0,5.7,0.0,0.0,0.0,0.0,20.0,4.2,0.0,0.0,0.0,0.0,4.0,0.0,0.0,0.0,0.0,0.0,25.4,9.9,7.0,0.0,0.0,0.0,0.0,0.0,8.3,0.2,17.0,1.0,18.4,9.1,0.0,0.1,0.0,2.9,0.3,0.0,0.4,24.5,0.0,0.0,4.5,0.0,12.4,1.2,0.0,0.0,0.0,0.0,7.0,0.0,9.0,6.9,0.0,0.0,0.0,3.3,8.3,7.6,18.8,0.0,0.0,1.9,8.8,1.6,0.0,0.0,14.1,21.5,0.0,4.5,0.0,0.0,0.0,0.0,15.8,9.4,0.0,0.0,1,Medical
SUR-0226,19.2,24.5,16.6,15.3,16.4,15.5,19.6,22.6,7.4,29.9,12.9,13.6,37.0,20.6,17.4,15.8,12.1,6.6,31.6,18.7,20.5,18.9,16.6,19.7,1.8,0.9,7.5,2.6,25.8,0.0,17.1,20.9,13.2,12.6,0.0,14.3,24.7,26.1,14.1,0.0,8.2,0.0,17.5,0.0,11.8,42.6,0.0,10.1,12.9,27.0,18.0,17.8,15.5,13.9,19.6,14.0,0.0,36.3,3.5,28.7,31.1,8.0,0.0,0.0,0.0,5.4,7.8,23.8,13.4,7.1,13.4,10.0,24.2,0.7,10.6,0.4,15.8,7.8,5.4,4.0,3.3,8.8,12.0,17.0,12.8,25.5,14.1,16.0,17.6,11.4,16.3,6.6,9.6,4.9,26.2,29.8,1,Surgical
MED-0158,5.7,17.8,14.4,16.9,28.9,20.0,16.8,17.6,19.3,27.3,19.1,9.1,20.2,33.4,21.0,0.0,7.2,24.3,18.2,13.8,12.9,20.8,24.3,28.0,37.3,10.5,15.4,17.3,19.7,16.8,17.7,11.2,15.2,19.6,8.2,6.7,0.0,11.4,13.4,21.2,35.8,17.3,11.9,23.0,21.9,9.8,40.8,15.6,16.0,25.8,13.3,19.5,7.1,24.4,27.3,6.4,20.5,26.5,6.6,31.5,20.8,36.3,7.9,11.9,11.1,0.0,0.0,12.0,19.2,11.5,0.1,15.1,18.9,22.6,2.6,26.8,17.9,15.5,16.6,34.0,27.2,18.8,32.0,0.0,26.8,29.0,37.2,21.3,27.5,20.4,7.5,18.2,23.5,9.6,36.1,13.2,1,Medical
SUR-0106,27.4,11.0,37.3,46.4,12.0,32.0,25.4,33.4,32.7,28.5,43.4,13.9,32.0,26.8,26.8,29.2,18.3,17.9,23.5,42.7,31.4,34.7,18.9,28.0,26.3,50.5,13.8,22.7,18.6,20.0,29.9,22.7,29.1,32.6,21.9,41.2,36.4,11.1,26.4,40.5,36.6,23.1,53.3,32.7,22.2,6.0,33.2,22.7,35.8,26.0,53.7,17.9,28.7,33.8,34.9,29.0,14.7,33.7,35.2,35.1,23.3,16.1,30.2,24.6,33.2,23.5,40.5,26.3,29.1,28.2,27.1,13.4,21.3,22.1,24.2,29.0,26.0,39.5,34.7,15.2,42.2,47.6,21.3,30.2,6.2,23.2,34.2,22.6,26.8,29.1,30.2,40.6,35.8,25.9,29.6,38.6,1,Surgical
MED-0172,27.0,14.6,14.1,34.7,0.0,14.9,13.1,24.7,22.3,42.9,9.8,0.0,14.6,24.0,18.6,35.2,20.9,28.6,14.9,8.6,45.2,6.8,31.6,7.6,6.2,14.9,30.1,26.0,19.8,4.4,11.2,16.4,10.9,16.9,28.6,13.6,10.6,18.5,27.8,14.2,16.2,8.8,14.7,26.9,0.0,22.6,0.0,14.6,22.5,26.5,16.4,0.2,17.7,25.0,28.1,21.8,0.0,24.7,30.6,0.0,19.3,9.9,0.0,23.8,24.7,26.1,17.3,24.3,12.6,9.3,8.3,5.0,3.8,21.6,16.6,14.4,27.9,12.5,13.5,24.3,13.4,19.3,19.6,19.2,18.7,10.2,4.9,0.0,26.2,34.4,7.5,22.6,26.4,16.1,32.7,21.4,1,Medical
MED-0017,68.3,63.3,57.8,48.8,64.6,67.6,59.7,70.6,73.4,61.3,63.1,55.0,61.2,74.8,56.9,96.2,60.9,49.6,61.1,79.3,69.7,79.6,46.9,79.6,62.1,77.1,78.3,52.3,82.3,61.2,66.7,58.7,62.9,36.6,43.0,39.3,45.3,69.1,78.5,69.6,39.5,69.3,74.8,60.2,42.9,58.9,59.0,67.5,72.2,58.5,54.6,56.0,59.7,53.6,73.3,49.8,57.2,43.8,65.8,82.0,69.2,59.9,61.2,63.3,66.5,61.4,76.9,73.6,50.5,79.6,78.1,70.0,69.1,45.3,71.7,63.7,68.7,72.6,77.2,68.0,60.8,57.8,55.6,60.0,42.1,58.5,54.6,58.8,90.9,80.0,61.5,72.2,74.2,63.1,64.5,64.5,0,Medical
SUR-0012,32.1,22.8,18.7,39.5,27.3,12.6,31.3,48.4,22.4,21.7,31.0,28.4,35.7,16.4,30.3,41.8,11.5,32.4,16.4,16.4,19.4,28.2,23.4,23.4,42.7,21.2,18.7,33.2,20.9,24.0,22.9,51.3,34.6,18.0,26.4,37.3,12.3,23.5,42.1,34.5,30.4,13.2,26.0,16.7,38.3,26.0,15.3,27.1,12.8,13.4,34.1,33.9,27.1,35.2,20.5,25.9,40.2,47.4,26.1,23.4,30.0,29.8,39.3,11.9,33.2,24.6,20.9,25.0,43.8,20.7,17.1,19.4,22.8,55.1,38.4,30.7,21.2,1.3,25.0,26.6,45.7,30.9,25.5,17.6,3.4,29.8,36.6,22.2,30.0,39.7,24.6,19.9,37.5,31.7,23.2,31.3,1,Surgical
MED-0049,14.6,25.2,21.1,17.2,36.2,28.2,15.5,34.3,33.0,15.4,34.7,14.0,24.0,25.4,32.5,7.1,11.2,20.6,22.6,21.0,11.3,30.5,10.6,35.5,21.9,11.2,29.0,17.4,16.6,41.6,28.7,15.2,23.0,24.2,29.5,14.8,37.2,28.4,19.5,38.7,23.4,13.3,0.0,14.2,28.8,34.2,24.2,15.5,21.6,32.3,25.2,21.0,2.3,14.4,21.3,24.6,16.0,20.3,35.4,12.5,13.5,29.1,15.4,2.6,12.5,15.5,32.4,31.1,31.5,17.3,28.3,15.2,3.7,12.1,20.6,12.0,13.6,17.6,21.4,0.0,32.0,21.9,46.3,11.3,30.8,11.8,23.6,41.5,4.6,11.4,26.4,40.0,25.7,19.2,36.2,30.4,1,Medical
SUR-0275,25.6,22.1,30.1,40.7,27.2,17.1,14.6,27.6,5.0,26.8,28.1,40.3,17.6,23.9,25.0,17.9,20.5,29.7,16.8,18.5,26.4,25.5,25.3,36.7,12.7,34.2,20.1,24.8,35.0,45.1,29.4,28.0,25.0,18.6,4.9,20.4,34.7,26.5,24.1,11.2,36.6,14.2,50.3,23.6,22.2,12.7,31.3,28.5,26.3,29.4,25.4,47.0,32.7,15.6,33.9,31.3,20.9,31.1,4.4,19.6,42.1,24.9,18.8,21.9,22.9,32.9,27.5,14.6,42.3,8.8,20.8,26.8,47.1,15.2,39.5,28.3,29.0,41.8,36.4,30.4,32.7,47.3,11.4,33.5,26.0,23.3,21.3,15.0,37.4,20.5,39.9,27.0,16.7,9.0,13.8,34.2,1,Surgical
SUR-0258,32.7,21.3,16.3,10.4,10.8,21.8,26.4,29.7,3.0,3.5,7.9,23.1,17.1,15.3,22.9,1.0,12.7,16.5,12.9,9.0,20.7,2.3,14.0,18.9,21.5,10.4,32.6,15.2,17.5,22.9,23.8,17.0,44.9,22.2,8.1,16.0,18.1,10.5,2.4,17.9,23.0,16.5,7.3,8.2,29.9,16.4,18.6,27.4,18.2,5.8,3.2,15.7,11.9,23.6,23.1,10.2,36.6,27.3,21.5,10.5,11.2,26.1,27.6,25.8,2.3,14.5,26.8,22.4,11.3,24.8,11.5,0.0,7.3,19.7,33.4,9.0,28.4,40.6,7.9,10.9,16.5,25.7,26.9,10.5,21.8,20.7,31.7,36.4,13.9,26.8,20.4,24.2,11.2,6.6,25.7,14.9,1,Surgical
MED-0481,27.1,25.9,17.2,16.0,28.1,28.4,22.6,35.6,41.2,33.5,25.0,30.5,30.0,18.8,30.4,34.0,20.1,25.3,25.8,41.5,37.4,14.6,34.1,27.0,37.4,15.6,33.6,38.6,11.5,31.0,26.7,27.9,34.8,28.9,29.4,17.6,33.6,36.3,17.5,21.7,27.9,43.9,42.3,25.1,31.4,30.4,34.4,23.4,45.3,37.3,43.4,4.7,33.2,14.5,15.6,37.5,28.1,27.9,30.5,11.6,27.3,31.0,28.6,35.4,35.9,25.9,38.4,22.8,41.0,19.1,25.8,28.5,31.8,25.3,16.6,35.3,27.6,26.5,33.2,18.9,22.9,20.3,25.5,40.8,18.8,23.7,24.3,21.9,31.0,39.7,32.8,20.6,18.1,36.5,56.1,46.0,1,Medical
MED-0284,38.4,54.4,50.8,26.7,34.7,34.8,34.8,36.8,50.2,34.9,63.5,24.4,17.9,34.0,40.3,27.6,54.4,35.7,37.0,52.3,43.7,35.0,27.7,21.9,37.3,41.7,24.6,46.3,36.8,39.8,27.0,45.7,25.8,40.7,41.8,36.5,52.5,38.8,44.9,36.9,24.2,43.1,34.0,28.1,45.1,26.2,38.9,57.1,38.6,40.2,38.8,42.3,29.2,34.0,31.2,27.7,49.4,34.5,43.1,24.0,56.5,43.8,39.2,30.8,42.2,57.0,35.2,28.2,30.9,48.2,28.4,27.0,37.9,30.5,48.1,35.2,29.7,27.0,49.4,20.6,37.9,36.8,54.1,33.7,42.8,49.4,33.5,38.1,33.1,59.3,23.9,55.1,34.7,45.5,42.2,33.6,1,Medical
SUR-0037,27.3,8.4,12.2,39.5,43.2,3.3,21.1,18.3,43.7,32.8,19.7,26.3,16.7,26.4,6.5,27.5,25.7,22.2,36.4,16.8,24.7,19.6,2.7,44.7,23.7,29.1,12.1,36.0,33.1,35.4,18.2,16.6,17.2,9.2,24.7,19.4,9.0,31.7,0.0,17.0,1.5,20.9,23.3,28.4,23.8,28.2,23.5,12.7,26.5,41.7,41.9,0.0,21.0,18.3,20.3,14.1,19.4,6.1,21.2,22.7,26.8,3.0,12.2,12.5,22.9,13.3,36.8,19.5,26.6,8.5,30.0,20.1,18.2,34.3,16.1,19.8,13.9,18.6,24.5,30.9,19.5,35.0,26.7,6.9,25.9,36.3,11.9,37.3,33.8,23.7,20.0,15.2,34.8,35.0,35.6,19.4,1,Surgical
MED-0226,25.7,1.0,8.0,27.9,23.0,26.5,23.3,4.3,22.0,31.2,39.3,25.2,16.0,13.8,6.0,24.1,20.1,18.1,17.3,23.5,7.8,27.4,34.8,22.8,18.2,31.3,30.3,20.8,10.1,29.1,9.4,33.4,8.8,22.3,11.8,10.8,30.6,19.8,15.5,15.7,9.8,19.1,23.9,24.4,28.8,22.2,0.0,10.6,26.2,63.0,13.2,10.6,18.1,11.0,28.8,13.8,19.1,15.2,19.1,26.6,24.1,29.8,19.1,20.3,31.5,25.2,11.6,28.3,16.6,8.2,11.6,28.9,7.7,27.8,7.7,24.3,14.6,25.1,12.9,23.1,21.1,27.7,37.8,26.5,26.6,10.5,37.3,19.6,30.5,34.4,21.7,21.8,20.9,20.1,32.3,34.7,1,Medical
MED-0027,67.6,84.7,57.9,52.2,46.8,47.3,32.3,58.8,54.0,50.3,53.4,45.3,56.6,36.2,47.3,42.6,74.8,53.4,52.2,55.0,26.1,56.8,48.0,34.2,50.5,69.5,72.0,44.8,39.1,60.1,44.5,55.6,48.2,38.9,52.8,45.4,49.6,57.0,56.9,47.0,49.2,41.9,66.0,49.9,39.5,69.6,75.9,61.2,60.6,66.8,55.0,34.6,58.7,49.0,62.3,55.1,59.5,42.1,40.3,56.2,29.2,32.5,32.4,56.7,46.3,58.3,43.3,65.4,59.1,53.6,65.6,49.9,39.8,60.8,57.4,61.0,47.0,45.8,45.4,48.4,75.0,47.2,47.6,73.3,64.3,58.5,56.7,52.3,72.4,50.7,33.4,69.1,48.3,58.8,58.2,53.3,0,Medical
SUR-0131,38.5,60.9,16.1,28.0,36.9,55.2,41.3,54.5,51.9,37.9,73.6,40.0,33.7,48.0,52.1,52.6,38.4,66.0,28.8,33.7,32.0,56.5,36.3,34.6,28.5,44.8,55.5,26.3,32.8,39.0,29.5,53.2,49.1,43.5,47.0,43.1,54.5,43.6,67.7,40.5,33.1,44.6,43.0,50.7,34.2,48.7,47.4,52.8,36.0,59.3,52.8,26.3,39.4,60.8,32.9,47.2,37.3,52.1,29.9,33.1,38.2,40.7,54.7,47.9,44.7,35.6,50.7,23.0,43.2,40.0,47.1,38.8,38.1,31.6,52.9,55.6,43.5,35.0,40.3,27.5,49.8,43.9,30.1,28.7,31.4,41.4,51.1,35.1,39.4,51.0,38.2,33.6,29.1,43.8,42.1,47.0,1,Surgical
MED-0438,34.7,19.5,25.3,20.9,37.5,23.8,28.6,32.6,28.0,25.3,28.9,43.7,14.1,29.2,22.0,59.8,12.2,43.5,16.6,40.6,49.8,21.9,29.9,16.3,18.9,27.4,34.1,26.4,39.4,36.5,17.1,23.1,22.4,29.0,18.0,32.1,28.1,26.6,26.9,17.1,53.8,30.8,23.5,20.6,20.6,37.8,11.0,31.8,33.1,49.1,22.7,20.1,40.1,17.8,40.1,36.1,20.8,14.2,31.2,25.3,28.7,24.4,31.7,44.3,33.0,32.7,38.1,26.5,22.1,35.7,22.1,32.2,19.1,28.7,30.7,29.8,13.6,38.7,36.4,1.2,42.7,36.7,31.1,35.5,27.9,20.6,40.6,35.1,9.6,48.8,43.0,33.5,41.4,11.6,33.8,32.7,1,Medical
MED-0365,11.8,13.3,23.6,19.7,13.5,10.2,21.1,19.5,31.3,36.5,12.2,13.9,15.5,21.7,18.3,12.7,24.4,8.3,22.6,26.2,32.2,22.2,27.4,20.5,34.0,29.6,30.1,30.9,9.4,17.9,30.3,10.3,21.0,16.7,24.2,26.3,21.3,15.8,14.3,21.1,36.1,36.6,14.0,25.5,16.5,30.2,38.3,30.4,31.9,25.8,19.9,26.8,22.5,34.5,31.8,17.0,18.8,41.3,23.5,21.8,24.5,25.8,34.7,12.3,23.5,29.0,39.3,20.7,27.0,39.9,17.8,17.9,30.7,13.7,18.3,36.6,27.8,23.2,18.4,16.7,37.6,14.4,47.0,33.7,43.0,19.1,21.5,18.3,41.1,25.0,36.0,32.5,28.3,25.2,32.0,31.9,1,Medical
MED-0230,33.4,44.0,38.0,25.7,35.7,49.6,41.6,37.1,36.3,28.6,21.3,38.5,29.1,28.4,58.3,35.5,48.6,27.1,37.6,47.0,16.1,26.1,25.2,44.3,53.9,34.1,49.7,39.5,24.6,57.1,47.0,43.5,48.3,50.8,41.2,40.1,43.9,43.4,25.2,43.4,54.8,35.5,29.9,33.8,27.7,43.3,25.2,34.4,36.0,49.1,36.1,54.6,34.1,47.9,35.2,54.8,44.4,43.8,38.5,31.3,27.3,41.1,23.1,35.2,46.6,43.0,46.3,57.8,36.5,37.0,40.5,37.9,20.2,38.5,48.5,57.9,38.0,43.2,43.9,27.1,36.8,43.3,45.2,31.3,35.3,39.5,23.5,46.4,35.7,29.6,38.5,31.2,52.3,37.6,43.7,36.8,1,Medical
MED-0038,44.1,43.7,46.4,43.0,48.3,53.3,43.3,58.6,43.6,57.6,49.9,49.3,52.5,44.5,38.6,44.5,35.3,37.0,51.5,46.4,39.7,40.2,47.0,69.4,44.3,38.1,56.2,54.4,47.6,47.2,44.7,50.0,32.9,53.1,57.0,33.6,32.3,47.4,47.6,67.8,41.3,33.0,63.7,59.1,31.6,60.8,42.8,62.5,46.6,30.7,65.2,49.5,34.7,67.8,57.0,60.7,59.7,40.4,56.1,43.5,58.2,50.5,45.2,35.6,67.4,50.7,53.6,55.2,39.5,45.8,31.3,61.3,39.1,49.2,51.0,48.4,55.9,45.1,35.0,49.0,57.2,48.2,36.6,55.7,36.3,62.4,49.7,44.2,63.5,52.3,28.2,42.9,54.1,67.2,52.9,54.7,0,Medical
SUR-0280,6.5,27.1,0.0,20.4,3.1,0.0,17.9,8.9,6.5,0.0,1.4,20.2,13.4,19.7,13.8,8.2,5.5,7.6,2.9,20.2,17.1,0.0,12.4,11.1,23.9,10.9,4.2,17.4,9.6,0.4,14.5,21.3,10.9,0.0,27.5,2.3,21.0,7.5,9.9,7.3,0.0,27.2,11.0,0.0,9.3,0.0,0.3,10.9,2.0,17.0,0.0,0.0,19.1,14.1,0.0,7.9,14.0,13.7,23.8,6.5,3.2,15.2,7.3,0.0,13.0,4.1,0.0,11.0,0.0,18.8,8.0,18.0,4.5,14.9,8.9,12.9,14.1,13.2,0.0,0.0,7.9,21.1,0.3,8.6,11.6,27.9,3.6,13.9,13.3,9.2,13.6,2.5,0.0,20.4,12.4,3.2,1,Surgical
MED-0375,11.7,7.6,21.0,0.9,26.3,0.0,5.8,1.2,0.0,12.5,11.5,21.3,0.4,18.0,19.8,0.0,0.0,3.5,8.8,1.6,0.0,3.6,18.8,7.2,0.0,21.4,0.0,9.8,13.4,5.1,2.5,25.8,20.3,15.0,0.0,9.9,19.3,0.0,14.9,3.9,1.7,0.0,0.0,9.8,13.3,11.0,4.3,0.0,5.0,0.0,4.2,1.3,0.0,9.7,5.7,8.8,22.6,10.4,0.0,12.7,7.8,3.4,24.3,4.7,5.8,10.4,11.4,15.9,12.8,12.1,30.5,8.0,6.3,0.0,15.8,10.3,5.3,20.8,26.8,14.9,9.0,18.7,16.5,17.2,2.3,16.7,14.8,0.0,15.5,0.0,0.0,27.5,4.6,1.0,20.4,19.1,1,Medical
MED-0470,0.0,24.0,21.7,22.4,11.3,24.8,2.7,4.1,8.2,5.6,21.4,12.6,23.1,15.2,33.2,31.5,21.8,15.6,12.9,13.9,7.2,5.5,9.8,10.5,27.6,22.1,14.3,11.6,35.7,0.8,1.3,24.7,17.3,8.9,27.9,22.7,0.0,0.0,23.0,25.8,24.2,13.3,0.0,9.0,15.1,25.2,1.6,2.1,12.6,22.6,18.2,14.0,23.6,18.3,2.2,6.2,32.7,24.5,1.1,34.4,25.3,24.3,16.2,6.7,3.6,8.4,17.0,12.2,0.0,2.2,25.8,0.6,16.8,8.6,9.9,18.2,2.9,23.5,22.8,11.8,9.1,16.4,15.3,0.0,11.4,0.0,0.0,10.4,25.7,15.7,7.5,0.0,27.4,16.6,13.9,8.2,1,Medical
SUR-0272,30.6,18.2,15.1,24.7,22.7,38.9,0.0,10.2,12.1,23.9,0.4,13.2,24.5,15.1,20.3,26.6,3.7,20.8,13.6,33.1,32.8,9.0,23.8,22.3,19.5,12.6,24.6,11.7,16.7,23.3,17.9,4.1,5.1,17.5,18.3,25.1,32.8,14.8,10.1,21.9,21.9,30.4,13.9,27.4,14.0,21.6,25.4,4.6,15.3,25.4,27.6,17.7,16.8,23.8,29.8,14.1,5.4,3.9,11.3,25.7,6.2,15.2,10.9,14.4,23.7,6.2,26.1,24.7,42.2,35.1,16.3,19.9,5.8,16.5,32.4,20.4,7.7,0.8,16.1,25.8,18.1,22.8,2.2,22.9,20.0,30.2,14.5,20.5,33.8,16.6,16.0,16.5,20.2,22.1,21.9,24.8,1,Surgical
SUR-0183,26.4,16.5,14.1,19.5,12.3,0.8,25.8,6.2,13.3,13.3,6.5,22.0,24.2,12.7,20.2,9.4,13.0,15.0,0.4,26.0,13.7,3.2,5.2,7.7,0.0,16.7,29.7,9.3,12.8,27.8,10.5,0.0,16.7,27.3,3.8,34.2,1.9,22.9,9.9,19.0,23.7,21.5,14.8,7.9,8.3,0.0,0.0,19.3,38.4,0.0,22.5,11.6,9.0,14.9,9.9,20.3,17.8,36.5,3.8,0.0,12.1,0.0,33.1,27.8,21.4,17.3,32.0,6.4,22.9,14.1,0.0,0.0,36.8,29.6,14.6,9.3,30.1,9.8,14.2,9.6,11.6,18.9,20.5,36.3,7.8,17.7,17.5,0.0,8.7,10.8,3.7,0.0,0.6,12.5,25.4,9.4,1,Surgical
SUR-0195,19.9,20.3,26.2,20.8,30.4,28.7,19.4,16.5,21.0,30.9,15.3,8.9,26.1,5.3,30.2,28.7,37.9,20.4,18.8,29.0,30.7,8.6,10.6,29.9,21.9,17.9,41.1,22.7,33.4,21.0,34.7,26.9,33.0,12.4,17.6,37.6,26.9,40.0,7.9,30.0,20.6,35.9,26.7,20.1,38.8,27.6,28.6,20.9,16.6,36.3,26.2,29.3,9.6,25.6,27.0,38.2,25.1,24.5,45.9,34.6,30.9,37.7,23.1,39.3,13.3,25.0,20.3,45.3,41.2,38.0,33.0,30.1,25.2,23.1,30.7,35.3,29.6,31.3,12.8,32.6,38.3,23.1,18.5,30.6,38.5,28.7,44.9,25.0,16.8,32.6,22.9,22.6,30.6,41.7,44.4,21.6,1,Surgical
MED-0195,17.8,34.0,34.6,55.2,16.0,18.4,44.1,19.7,33.6,46.6,24.1,29.7,30.9,48.7,21.2,23.1,50.8,16.0,35.7,36.4,36.1,37.6,24.8,42.5,30.2,47.1,39.9,22.9,31.9,33.0,38.0,53.3,41.5,27.9,27.7,36.7,16.3,37.3,30.3,38.8,28.7,28.3,41.3,26.7,36.8,29.2,21.6,44.3,48.0,35.1,47.2,32.6,15.6,35.3,32.0,32.1,32.6,21.8,29.5,40.6,12.3,14.4,51.7,31.2,32.1,39.7,38.7,38.8,25.5,17.9,32.0,13.0,36.5,32.6,18.9,33.5,37.8,31.2,44.6,41.9,39.5,22.9,22.5,16.3,23.0,33.9,22.7,35.2,32.2,50.3,46.4,29.8,32.3,11.3,19.3,36.5,1,Medical
SUR-0185,44.1,11.8,29.7,21.8,10.5,15.6,14.4,14.3,11.9,20.0,0.0,19.2,25.0,12.9,28.4,14.4,10.2,1.7,34.3,4.2,7.8,20.2,28.4,21.8,16.0,33.8,21.2,35.7,12.6,33.6,27.5,7.3,0.0,34.8,12.8,17.4,0.0,4.0,21.4,7.6,23.0,14.4,16.1,27.5,0.0,18.6,14.5,0.0,19.5,33.1,29.5,15.9,19.6,18.4,11.0,32.0,29.7,23.5,15.2,4.3,16.5,29.2,36.9,13.3,22.1,20.1,11.7,9.9,27.4,7.1,14.6,29.9,28.2,6.1,0.0,16.5,11.8,38.5,17.5,14.6,20.7,31.2,20.4,15.8,14.1,1.6,14.5,16.9,4.8,30.2,12.8,13.6,29.6,26.3,23.5,16.2,1,Surgical
SUR-0194,30.5,28.1,15.8,17.0,29.7,32.2,18.4,23.2,18.5,28.2,14.6,33.5,28.5,12.8,30.6,41.4,40.4,26.9,29.3,14.4,15.6,30.2,43.5,26.5,4.5,30.2,37.6,47.1,20.1,28.9,28.6,20.2,43.3,12.1,25.0,45.4,5.7,30.6,27.5,12.7,18.5,22.4,16.1,30.3,36.6,18.8,35.9,21.8,12.8,18.0,23.9,23.7,13.8,17.3,13.6,41.0,35.2,39.6,35.5,7.0,12.1,47.9,32.7,30.9,28.6,15.5,21.1,3.0,16.8,14.2,15.1,27.3,25.2,8.9,19.3,48.1,20.0,5.3,30.5,24.7,35.5,6.5,21.8,26.3,19.5,28.3,38.5,17.5,13.7,28.7,7.1,7.6,39.9,25.3,30.6,34.8,1,Surgical
SUR-0004,44.2,44.8,59.7,52.1,39.5,28.2,33.1,42.7,36.4,41.9,58.1,45.0,51.6,56.7,46.7,52.7,46.6,41.4,45.8,48.5,34.2,32.0,61.3,51.1,37.5,38.9,41.3,61.1,52.8,34.8,61.1,43.3,35.7,28.6,59.7,46.0,24.6,55.7,48.0,57.6,48.0,56.0,41.4,43.3,68.2,32.7,51.5,34.0,34.9,59.3,43.1,41.8,40.5,67.4,28.5,49.9,43.5,37.1,48.2,40.4,48.7,56.0,36.1,47.8,39.2,64.6,38.4,37.8,37.4,48.4,27.3,49.9,42.6,42.0,46.3,60.7,53.7,47.8,53.9,65.4,35.2,42.8,28.0,31.4,46.0,45.6,49.0,40.9,50.6,42.6,38.1,26.4,51.1,47.7,34.9,47.7,0,Surgical
SUR-0274,13.0,25.8,26.0,18.9,15.7,20.5,15.9,25.6,31.4,22.3,37.2,3.0,31.3,21.3,4.5,24.2,6.8,28.3,0.0,26.2,13.9,24.0,28.6,26.8,3.2,6.7,28.2,17.9,33.4,31.2,24.4,15.3,20.5,10.7,23.7,33.9,25.8,2.9,10.2,15.3,16.5,27.3,15.0,14.5,16.3,24.2,16.9,22.2,24.2,35.8,40.3,20.3,22.4,19.4,4.8,13.9,15.8,11.7,24.8,34.9,27.1,12.7,26.7,13.8,8.7,13.1,22.7,12.7,25.6,22.6,4.6,28.1,19.6,27.6,15.5,29.3,17.3,24.4,0.0,7.1,7.2,20.2,31.6,35.1,3.7,19.4,32.2,14.1,39.4,7.6,28.5,18.3,27.9,16.9,9.6,14.2,1,Surgical
SUR-0170,33.7,8.2,21.0,12.2,34.0,13.4,36.3,10.1,37.3,22.9,30.6,18.2,37.1,53.3,5.0,12.4,32.6,15.8,5.6,43.7,7.8,3.7,19.1,13.9,19.6,10.8,24.1,17.5,12.1,27.8,22.6,22.8,32.0,41.4,31.7,11.3,21.2,21.7,27.7,25.2,43.5,23.1,22.8,26.2,39.2,35.3,23.7,20.5,22.4,40.5,40.5,42.1,28.4,23.0,43.2,11.4,19.9,35.1,30.0,5.6,35.2,31.5,35.6,33.5,27.1,20.2,26.5,7.1,26.2,11.6,19.0,14.2,12.1,17.2,13.6,8.3,31.3,1.3,21.0,25.6,12.4,11.4,29.6,17.7,17.0,32.2,21.9,16.0,8.1,24.2,14.3,27.5,28.6,22.5,25.9,15.5,1,Surgical
SUR-0273,45.4,39.2,56.2,37.4,56.2,33.6,34.4,36.3,48.9,29.0,47.5,50.9,28.7,30.4,46.3,54.6,56.8,27.7,41.1,27.9,45.4,48.4,52.5,46.5,46.3,33.7,41.1,45.3,30.0,31.0,50.2,28.0,43.4,45.4,53.6,38.4,34.1,42.8,23.2,29.4,36.7,44.4,34.0,27.8,20.3,36.6,52.6,36.6,39.2,48.4,33.4,32.9,25.3,29.6,29.5,24.7,51.1,33.2,30.4,29.2,55.8,46.1,31.2,59.3,34.0,32.7,44.7,29.0,40.8,43.1,30.8,21.9,48.3,51.7,37.1,37.3,36.4,36.6,36.6,24.0,42.7,58.1,39.6,28.0,26.1,48.7,46.8,20.7,48.4,23.9,34.1,31.1,28.5,44.5,30.8,51.6,1,Surgical
MED-0163,12.8,6.4,17.0,3.5,8.3,32.1,7.7,0.0,2.4,10.1,22.3,0.0,17.0,12.0,16.4,22.7,0.0,12.1,22.0,12.0,10.7,13.7,6.6,21.7,18.5,10.3,3.5,26.2,14.6,13.6,5.6,6.8,5.4,18.6,3.7,10.0,0.0,8.6,5.8,23.7,5.4,8.8,4.3,13.5,0.4,18.2,9.4,12.3,18.8,0.6,25.7,10.3,10.4,13.3,22.6,23.6,10.7,5.9,32.0,1.1,21.1,14.1,19.2,15.8,0.0,36.7,4.8,21.3,5.0,10.4,0.0,3.8,0.0,18.9,18.4,20.2,8.2,34.4,0.0,15.3,24.2,9.5,7.9,19.4,5.0,0.0,0.0,0.0,30.1,28.3,0.0,7.6,7.1,0.0,13.6,12.4,1,Medical
SUR-0252,21.6,16.0,10.2,46.5,28.1,16.6,16.3,21.1,10.9,15.5,4.6,10.6,6.1,6.6,21.1,15.9,5.1,17.2,18.8,17.5,21.2,28.2,9.0,18.8,7.3,19.0,22.8,15.5,0.0,16.3,24.8,5.7,16.8,3.3,14.5,25.7,7.7,11.2,18.1,17.3,10.4,24.7,7.3,17.7,11.9,23.3,0.4,25.9,12.3,9.9,29.8,8.6,8.6,27.4,18.3,4.6,10.6,14.6,11.4,10.5,7.1,16.4,24.0,26.4,23.7,7.3,9.5,4.5,24.9,30.5,15.5,17.8,5.7,21.4,11.2,14.4,3.7,0.0,14.9,17.1,28.5,26.2,8.3,15.0,17.1,16.1,15.8,20.7,19.8,5.6,12.3,7.9,19.5,20.4,0.0,10.1,1,Surgical
MED-0153,19.3,17.6,4.7,13.8,8.7,9.9,0.0,15.2,2.7,9.2,3.3,17.4,15.9,14.2,32.0,33.3,25.9,1.5,17.1,22.8,0.0,3.5,14.5,14.0,18.8,8.2,24.6,20.5,25.5,6.2,7.1,7.8,27.2,12.2,30.4,0.0,10.5,12.6,12.6,15.2,18.9,21.8,0.0,7.0,14.6,17.1,8.9,1.3,8.9,26.2,24.9,27.0,9.2,13.2,24.6,8.4,32.5,5.6,11.4,8.5,12.6,24.5,35.4,13.2,23.7,34.3,19.7,20.2,24.9,18.7,26.4,19.7,17.1,26.9,26.8,17.0,14.8,24.3,19.7,14.3,24.3,21.0,19.8,34.6,6.3,3.8,15.4,20.0,12.1,25.1,10.2,19.5,16.8,0.0,18.3,18.7,1,Medical
SUR-0058,2.5,16.3,0.0,2.7,1.3,17.5,0.0,12.4,0.0,2.1,0.0,6.8,9.0,7.5,13.3,10.9,0.0,0.6,18.7,17.0,0.0,5.1,29.0,11.9,2.0,17.8,21.7,17.7,0.0,9.9,11.7,4.0,2.9,13.8,0.0,18.8,9.5,0.0,12.1,20.5,22.3,13.1,19.9,0.0,23.8,0.2,11.1,0.0,8.0,4.8,23.4,10.9,0.0,4.5,3.2,5.2,0.0,0.0,0.0,5.1,13.6,0.0,12.2,0.0,6.0,19.3,20.6,0.0,2.4,6.7,0.0,3.4,0.0,6.2,34.4,35.2,0.0,0.0,7.2,12.5,13.5,2.7,11.6,0.0,20.1,0.0,3.4,0.0,13.6,21.7,15.3,20.4,11.9,0.0,0.0,13.3,1,Surgical
SUR-0073,26.7,39.8,22.3,48.8,21.4,32.9,27.7,30.0,30.5,16.1,27.7,18.7,25.7,32.0,39.0,28.9,14.5,26.5,16.4,38.4,11.7,38.5,23.2,26.0,23.3,14.8,13.2,42.1,24.5,28.0,22.0,18.1,35.8,32.9,21.6,35.9,40.1,32.5,27.3,17.9,42.3,34.8,31.0,25.9,22.9,18.0,22.7,34.6,33.9,24.3,24.1,38.9,18.4,30.4,21.1,22.2,14.2,40.0,31.1,26.0,23.7,32.2,27.8,26.3,45.4,26.7,24.2,21.2,32.9,42.1,10.4,22.5,36.2,17.2,17.0,20.6,28.0,23.1,40.7,33.8,34.6,28.2,25.9,36.4,20.2,25.5,33.5,14.3,28.6,31.4,30.2,32.1,35.6,5.4,20.4,36.8,1,Surgical
SUR-0176,36.7,31.9,32.1,34.0,33.0,35.4,27.0,34.8,15.6,43.5,28.0,14.6,26.2,19.5,36.1,18.7,46.5,37.5,36.6,50.1,45.2,30.3,21.7,23.4,38.1,34.5,39.7,21.5,28.5,28.2,16.3,42.8,44.5,20.3,35.6,23.9,15.3,6.7,28.8,27.3,9.2,20.5,38.6,17.0,19.8,20.3,16.6,44.5,36.1,30.9,24.8,30.2,43.4,43.0,29.1,17.9,31.3,26.1,26.4,41.4,45.2,40.3,10.9,29.6,30.8,23.1,34.9,42.7,12.4,28.5,52.7,33.3,34.6,24.4,25.5,29.4,13.2,54.5,23.4,40.2,14.2,29.1,35.7,17.7,22.8,24.9,32.3,28.1,29.7,26.8,31.9,15.4,27.1,13.0,26.9,25.2,1,Surgical
MED-0112,21.6,15.2,26.5,23.0,9.3,0.0,0.0,12.2,27.3,24.2,15.5,19.4,1.5,18.0,12.6,17.5,17.9,6.1,12.2,18.2,11.3,0.0,11.8,12.9,31.5,14.4,7.2,12.7,21.3,12.2,11.5,28.4,11.3,23.2,21.9,21.3,25.2,7.4,15.8,17.9,9.0,20.5,2.4,0.0,23.6,0.0,15.7,23.2,29.2,12.4,12.0,22.6,14.4,20.3,22.8,0.0,15.3,14.7,7.5,34.8,0.0,6.0,38.1,11.8,24.3,3.8,1.7,0.0,5.3,16.7,19.7,25.8,4.3,31.0,16.4,19.9,15.5,1.0,12.2,30.9,20.0,11.4,13.0,30.9,28.9,36.6,22.4,19.6,18.7,22.7,15.1,21.0,16.5,15.9,4.7,3.7,1,Medical
MED-0227,7.6,28.2,31.9,24.1,9.8,4.2,2.8,37.0,3.6,39.9,12.8,15.1,15.5,19.4,21.3,42.4,9.3,14.0,28.4,32.3,21.6,29.2,10.2,14.7,29.8,21.1,21.8,35.9,1.8,26.3,19.2,26.6,17.0,11.5,23.1,23.5,14.3,37.0,13.5,30.6,6.8,19.0,16.9,32.2,33.2,6.0,29.3,27.0,5.0,7.5,8.7,9.1,25.2,25.2,44.7,25.1,32.5,17.8,18.2,9.4,16.9,0.0,25.2,41.5,1.2,16.5,35.1,30.8,20.8,45.8,21.6,12.4,9.2,23.8,4.9,35.9,24.4,9.6,0.0,8.6,11.8,25.6,16.1,15.8,23.0,15.3,11.2,15.9,8.0,36.2,15.3,17.5,29.3,12.3,16.8,16.7,1,Medical
SUR-0293,27.5,26.7,38.3,30.4,33.6,32.2,30.3,10.8,27.2,29.2,17.9,31.3,25.5,21.3,20.1,15.7,30.7,33.9,28.3,24.4,22.1,36.1,18.0,22.9,21.9,10.1,18.9,15.5,36.2,21.0,19.3,46.1,14.9,34.1,29.4,19.1,39.6,17.1,27.1,14.3,37.4,2.0,46.8,16.4,35.8,12.3,27.9,13.7,34.3,19.6,13.0,7.6,36.8,25.7,18.5,10.3,20.3,29.3,0.0,23.2,17.3,33.7,27.4,38.6,13.1,8.0,27.7,17.1,18.7,24.9,49.8,30.8,17.1,42.9,30.6,21.0,22.1,18.4,24.2,21.6,17.8,39.7,21.4,19.2,21.1,33.8,8.8,24.7,46.4,18.1,34.9,42.5,28.9,2.0,16.8,8.0,1,Surgical
MED-0104,25.9,51.0,46.1,38.2,32.2,28.4,48.4,25.8,35.2,24.0,33.2,40.8,43.0,36.4,52.7,59.6,62.6,26.7,31.8,42.7,41.8,51.9,43.2,33.5,49.1,43.3,39.4,24.7,37.9,63.1,47.2,31.7,36.6,28.1,39.2,37.8,19.0,23.6,36.2,38.2,15.3,51.5,27.6,46.7,38.6,47.3,22.5,40.0,31.1,37.3,21.5,55.7,28.1,49.3,29.7,25.8,27.9,44.5,41.2,24.6,29.3,26.0,35.3,38.4,36.7,25.8,49.9,46.7,24.1,27.3,42.0,40.4,15.5,15.9,36.5,46.3,26.1,37.9,27.4,29.8,29.3,49.4,27.8,36.0,34.1,46.6,19.3,43.5,46.9,42.1,32.4,51.5,48.9,37.6,47.4,54.6,1,Medical
MED-0422,26.3,18.4,19.6,34.6,20.6,15.5,39.0,23.7,17.0,14.4,16.9,7.6,28.1,27.2,17.9,34.1,28.7,38.6,18.4,34.3,40.1,26.3,29.5,24.3,25.1,26.0,39.9,32.1,31.2,17.2,11.6,14.2,27.3,18.5,24.7,18.3,20.9,0.0,0.5,16.4,12.8,35.1,29.1,34.1,17.2,35.3,28.9,30.6,33.7,23.4,17.0,33.1,28.5,32.1,29.5,27.2,13.8,21.7,37.0,27.0,23.3,3.4,23.0,27.5,25.4,27.4,9.2,25.6,6.9,15.3,24.8,33.6,16.1,29.0,36.0,34.0,28.0,19.0,18.9,29.7,20.4,13.3,25.9,21.9,13.1,47.3,16.7,10.4,34.9,18.7,50.5,32.1,10.3,34.1,28.6,30.5,1,Medical
MED-0420,57.9,42.1,32.2,24.9,52.7,31.6,32.9,46.4,36.7,31.1,33.5,42.3,51.8,18.7,22.3,67.1,51.1,35.6,51.2,48.8,61.4,54.6,21.2,47.4,30.1,49.8,35.5,60.3,33.0,40.4,45.1,31.4,55.5,37.7,43.7,47.8,18.0,46.9,28.3,45.3,38.2,49.2,37.2,57.2,24.5,35.0,32.0,50.4,33.3,47.5,36.8,20.0,32.5,56.2,46.2,56.3,50.3,38.4,41.9,43.8,46.7,39.1,34.9,44.4,47.1,37.6,27.3,38.9,62.9,55.5,40.4,51.0,41.5,48.2,52.7,41.9,29.4,42.7,42.0,55.2,40.4,51.3,44.5,45.6,32.6,64.9,22.1,42.3,51.5,29.4,28.5,30.4,41.4,36.0,57.6,27.7,1,Medical
MED-0120,16.3,44.3,17.9,46.7,18.5,36.1,23.6,39.7,37.9,32.2,37.6,26.8,9.2,32.3,27.9,32.1,26.4,14.8,23.5,26.1,27.3,20.2,35.1,51.0,27.1,31.0,38.6,29.2,19.5,25.0,15.0,40.6,29.9,35.3,48.1,23.4,43.6,27.0,22.7,5.5,29.1,18.4,39.9,18.0,27.3,28.4,44.3,18.8,24.3,26.6,40.5,19.6,31.6,19.1,21.1,20.7,39.0,22.9,14.9,33.1,28.0,34.7,43.6,31.4,44.4,36.6,41.8,22.4,27.4,14.5,21.0,21.4,14.2,19.9,20.7,20.8,11.3,34.3,22.1,21.9,30.7,26.4,7.1,28.7,28.8,14.5,38.6,26.9,20.6,37.3,18.3,23.7,36.8,47.6,22.9,40.4,1,Medical
MED-0054,1.4,0.0,13.8,0.0,30.8,3.1,0.0,0.0,5.3,0.0,16.9,0.0,10.8,0.0,10.8,0.0,0.0,0.0,0.2,0.0,7.4,0.0,7.7,0.0,7.1,0.0,0.0,0.0,4.8,0.0,11.8,5.2,4.2,0.0,0.0,0.0,8.7,2.0,0.0,0.0,2.5,0.0,6.9,0.0,0.0,0.0,0.0,0.0,0.0,0.0,11.1,1.5,0.0,17.6,11.9,0.0,8.1,5.1,0.0,0.0,13.3,0.0,0.0,2.2,0.0,0.0,0.0,0.0,0.2,0.0,14.4,0.0,4.3,6.7,0.0,13.5,0.2,19.0,11.0,12.0,1.9,20.0,0.0,10.5,0.0,0.0,0.0,0.0,0.0,0.0,23.5,0.0,19.1,0.0,0.0,15.7,1,Medical
MED-0152,0.0,8.0,0.0,0.0,0.0,0.0,2.5,0.0,19.9,0.0,0.0,14.8,2.3,13.6,6.6,0.0,11.0,4.5,0.0,25.2,7.7,0.0,0.0,0.0,5.1,0.1,8.4,6.8,3.8,12.4,0.0,0.0,13.8,0.0,0.0,0.0,0.8,6.0,20.4,5.0,9.9,8.9,4.8,0.0,8.0,15.5,0.0,15.2,10.5,0.0,15.0,0.0,0.0,0.0,12.0,0.0,4.9,3.6,11.6,0.0,0.0,0.0,12.3,0.0,1.7,2.9,0.0,5.4,1.0,3.2,1.9,0.0,0.0,0.0,0.0,0.0,0.0,0.0,3.6,9.8,8.1,0.0,11.0,23.2,0.0,0.0,1.8,3.6,8.9,11.9,10.9,13.0,11.8,0.0,0.0,2.0,1,Medical
MED-0404,35.9,44.9,38.2,37.5,43.1,33.1,30.0,40.5,38.9,19.7,23.7,36.1,32.2,42.2,18.2,46.4,33.3,35.1,30.4,30.2,35.8,24.7,39.2,42.6,40.5,22.4,23.9,20.0,31.8,35.7,41.2,46.4,35.8,48.4,12.8,39.8,31.0,22.6,39.7,37.6,11.9,35.4,24.1,20.4,47.4,16.8,22.5,22.2,52.5,21.4,29.4,36.5,29.8,43.1,21.8,18.9,49.9,38.3,40.0,24.8,44.6,28.6,43.8,43.0,37.1,30.8,25.5,23.8,40.3,19.9,62.7,34.4,22.7,36.0,29.4,47.6,41.0,29.5,51.3,30.1,45.0,19.8,33.0,29.8,49.5,41.1,41.3,17.0,19.2,35.8,28.3,21.3,25.0,20.8,20.8,50.6,1,Medical
SUR-0254,35.8,40.2,32.6,23.9,14.2,37.3,34.9,38.8,27.5,32.0,31.8,36.3,37.7,28.2,38.8,40.3,44.6,27.8,31.8,30.8,24.8,40.5,23.7,24.8,12.7,24.1,26.9,35.5,18.5,39.3,40.6,32.2,44.5,38.4,28.0,49.1,33.5,8.0,24.1,45.5,48.6,39.4,35.5,17.5,33.7,30.0,42.5,31.0,15.6,32.0,32.1,25.0,16.3,39.5,29.2,11.9,18.4,18.4,45.0,49.5,22.0,49.2,0.0,36.3,33.1,42.0,26.4,34.6,17.7,18.2,34.6,16.5,30.8,31.0,9.2,15.7,17.2,37.0,32.2,43.4,32.9,28.6,18.3,38.4,36.1,37.7,41.6,48.6,27.5,55.7,50.0,23.9,37.3,25.0,43.4,47.9,1,Surgical
MED-0208,29.9,23.4,46.5,29.3,32.1,27.4,42.6,20.1,15.5,13.3,55.4,12.6,33.9,15.2,32.8,31.6,24.1,28.9,32.7,33.2,27.8,28.4,29.2,43.6,23.9,21.6,26.2,26.7,35.2,28.1,35.5,21.2,21.3,46.5,31.0,41.5,29.1,31.6,35.0,20.8,23.0,35.4,36.3,7.7,29.0,42.0,37.8,48.1,41.1,37.9,22.5,26.6,17.3,19.6,14.7,31.4,39.2,26.3,11.8,20.4,32.9,39.1,42.3,33.3,35.5,14.0,35.8,18.7,7.8,26.5,14.5,20.8,34.1,39.2,23.7,17.5,20.1,15.7,24.3,20.2,40.9,25.1,9.2,15.2,24.5,38.4,31.5,25.4,31.3,48.7,25.7,18.1,32.7,23.2,23.9,31.6,1,Medical
SUR-0178,34.7,29.4,14.1,22.2,35.3,1.5,13.9,9.2,39.5,32.5,15.3,32.3,25.2,22.6,20.4,12.2,7.9,33.1,14.6,20.1,20.1,18.8,25.3,21.8,27.9,13.2,29.0,19.4,27.6,36.2,15.3,11.3,23.4,25.1,29.4,26.2,11.5,0.3,18.8,20.6,25.2,21.9,17.6,39.4,19.8,8.2,6.2,17.7,14.9,18.1,24.8,20.4,19.1,29.1,28.7,23.2,37.4,36.2,25.6,27.5,27.9,3.9,24.5,18.4,29.7,31.6,28.4,18.1,38.5,18.9,28.5,19.2,23.6,19.2,31.0,38.9,8.6,21.1,10.8,17.1,25.7,21.9,19.3,23.2,12.3,22.1,19.3,38.1,25.8,26.7,4.0,26.4,29.5,9.1,17.7,32.3,1,Surgical
SUR-0119,21.5,0.0,0.0,12.7,10.9,28.6,5.4,0.0,32.1,18.6,35.2,15.1,10.2,22.0,4.8,16.1,8.7,8.1,0.0,6.0,0.0,12.3,14.2,3.5,22.1,7.0,8.5,8.7,21.8,0.0,15.5,13.7,18.8,8.7,9.4,2.8,11.1,18.1,0.0,0.0,17.0,5.2,12.1,13.2,21.1,15.5,9.6,0.0,0.0,7.7,0.0,25.6,25.3,7.9,0.2,30.6,13.9,0.0,3.4,9.7,13.9,16.2,20.3,4.8,7.9,7.2,13.7,0.0,13.6,0.0,0.0,31.7,24.3,15.4,8.4,8.6,9.5,7.0,2.9,8.9,17.1,0.0,7.7,22.0,3.0,0.0,0.0,0.8,16.1,6.4,5.9,4.6,7.7,20.7,5.1,8.6,1,Surgical
MED-0009,50.7,49.0,39.5,62.8,47.7,75.5,48.7,49.7,39.6,60.5,51.4,37.2,49.1,47.5,52.5,40.4,53.9,55.3,73.7,61.4,64.5,49.3,44.5,43.2,52.9,43.9,59.7,55.9,66.8,41.6,56.6,29.0,36.4,49.6,53.2,39.9,49.4,56.2,50.9,50.8,58.9,60.1,50.0,58.9,47.4,55.9,56.1,54.3,54.5,51.3,48.5,52.2,41.3,47.5,60.2,54.7,57.6,46.8,36.9,52.0,61.5,32.2,30.6,54.4,38.3,76.4,51.9,53.8,62.7,66.9,50.3,42.5,43.5,72.7,58.7,42.9,50.5,51.0,41.5,56.1,45.0,55.6,37.4,44.7,44.1,48.8,38.5,45.0,67.3,67.3,42.7,62.9,72.2,43.0,35.0,50.5,0,Medical
SUR-0152,29.4,29.0,35.7,46.6,52.5,36.6,36.6,22.1,10.9,33.3,33.8,43.6,31.4,3.6,32.2,7.8,9.4,23.7,51.3,35.0,37.5,29.7,41.6,43.3,33.5,52.9,26.3,31.7,32.0,41.5,41.9,21.8,40.7,11.6,37.4,15.7,17.7,37.8,46.7,44.6,23.0,31.2,47.4,32.6,22.3,48.3,29.4,34.7,10.3,31.7,49.6,31.7,53.1,43.2,33.9,37.1,42.8,47.8,26.7,35.2,43.5,59.6,29.3,56.4,26.6,33.1,44.3,38.7,35.9,39.8,33.0,21.5,59.7,41.8,40.1,18.0,44.5,29.9,20.9,37.2,17.3,25.5,39.4,33.3,31.7,26.9,40.1,19.3,33.4,35.6,42.8,10.4,34.8,22.0,21.4,23.1,1,Surgical
MED-0037,56.3,71.3,69.7,75.2,41.2,71.2,56.7,71.2,53.8,66.6,80.8,62.7,56.4,84.8,74.6,60.7,53.2,66.3,72.6,77.2,84.8,49.9,74.5,92.4,54.6,67.7,45.0,65.8,73.0,71.1,56.1,69.6,69.2,66.0,88.2,59.1,58.3,48.1,70.7,61.1,62.5,82.9,68.7,47.3,62.3,57.8,82.1,49.5,73.5,64.0,66.5,75.9,57.1,71.6,66.8,71.0,33.3,74.2,56.7,76.3,59.2,75.2,55.7,58.5,65.4,51.1,68.5,57.6,57.9,62.6,66.3,67.9,55.3,57.1,58.2,68.3,92.4,64.2,77.8,63.9,62.3,85.9,78.4,86.3,63.9,52.1,62.4,68.9,73.2,62.9,82.7,68.9,72.9,61.0,59.4,79.2,0,Medical
MED-0453,18.1,42.8,33.4,35.3,35.6,14.9,18.3,27.1,17.5,23.6,28.4,20.2,45.1,37.5,41.3,32.1,30.3,32.5,20.2,25.5,22.6,23.9,31.2,36.8,35.4,43.4,40.8,20.4,19.1,28.9,28.7,46.1,21.9,36.9,20.7,17.5,23.8,32.6,42.8,39.4,38.7,17.8,49.7,18.0,31.1,34.1,31.3,32.8,10.1,17.0,38.9,32.9,21.2,40.0,29.3,9.0,30.5,37.8,38.4,25.6,38.0,16.6,35.0,11.9,29.0,46.1,25.4,27.7,31.1,42.4,34.2,26.7,28.8,29.5,53.5,38.0,19.7,37.5,33.5,34.1,46.8,18.7,40.0,15.9,42.2,22.0,14.8,27.1,30.3,31.8,34.6,24.5,40.7,6.4,8.7,24.2,1,Medical
MED-0254,7.7,10.9,0.0,10.8,5.6,0.0,0.0,12.4,31.7,18.6,11.3,15.1,26.1,37.9,36.1,18.4,14.8,39.8,16.0,22.6,27.4,12.5,17.1,16.5,27.0,21.0,0.0,21.8,12.4,6.6,20.9,34.1,23.8,5.3,18.4,15.8,16.7,23.7,10.6,19.5,25.0,12.6,11.7,6.5,16.8,22.9,25.5,9.1,26.4,25.1,15.7,0.0,23.4,0.2,29.0,14.6,21.5,7.1,13.0,7.6,18.7,19.2,7.8,25.0,10.7,0.0,10.4,15.5,15.4,13.3,28.2,17.4,30.0,13.5,25.4,14.8,32.6,9.4,9.1,8.7,16.2,24.9,23.3,5.5,27.8,8.0,0.0,18.3,18.1,10.8,8.4,21.9,6.4,11.1,25.5,13.1,1,Medical
MED-0304,45.5,46.3,45.8,36.1,33.6,43.2,48.9,43.9,49.0,44.3,42.8,42.5,49.2,45.2,37.1,37.5,42.8,47.6,32.6,34.6,56.9,59.2,46.5,53.5,43.1,30.8,28.9,48.3,43.8,29.9,39.2,65.5,31.2,49.9,39.5,58.6,34.7,46.5,39.5,40.1,48.8,54.3,55.1,32.0,39.1,23.9,18.9,46.8,40.3,42.9,44.2,68.5,34.3,58.4,42.9,43.1,47.8,50.7,54.2,37.8,34.0,40.9,40.7,32.0,31.2,32.2,44.6,30.1,47.1,47.0,40.1,59.7,40.5,60.8,57.3,43.5,23.1,42.8,38.1,45.2,43.4,14.3,59.5,31.6,41.9,28.6,41.7,26.7,31.9,33.6,44.6,31.0,45.1,38.6,63.0,39.4,1,Medical
SUR-0107,15.0,35.9,21.9,53.7,40.2,47.2,52.3,33.0,19.4,21.7,35.2,36.8,18.5,44.1,24.9,32.6,35.5,26.1,35.6,22.7,25.0,44.2,45.6,25.3,45.2,41.5,41.4,34.3,31.1,48.4,29.7,24.0,39.9,33.4,34.2,26.2,45.8,42.1,38.6,28.9,39.4,25.4,35.6,49.1,19.6,34.6,36.9,42.0,41.9,33.2,23.4,31.4,25.3,40.3,24.0,36.6,28.1,33.7,50.1,34.5,25.9,48.4,48.9,37.4,42.7,48.0,31.0,41.3,38.4,46.6,40.5,29.2,39.7,31.1,35.4,38.9,37.6,29.7,35.4,20.0,27.3,29.5,23.4,30.6,10.3,28.1,25.7,20.6,38.2,48.4,37.1,30.9,22.6,27.9,20.4,32.4,1,Surgical
SUR-0080,0.0,22.3,23.8,0.0,21.8,19.5,26.8,15.1,15.5,1.8,18.3,10.0,25.0,0.0,1.0,1.2,0.0,0.0,19.3,0.0,0.0,3.5,10.7,3.1,15.8,16.2,5.1,13.9,0.0,9.8,4.2,0.0,17.4,20.1,7.0,9.2,23.9,21.0,0.0,4.4,0.1,11.7,0.8,22.6,14.9,14.6,19.2,20.0,0.0,13.2,13.6,3.7,1.0,15.6,11.0,24.3,15.8,10.5,0.0,4.9,11.8,4.7,8.2,1.6,20.8,12.0,0.0,8.8,0.4,0.0,24.4,0.3,6.0,23.7,17.6,0.0,0.0,0.0,14.4,18.3,13.7,4.8,0.0,20.2,14.8,2.8,16.6,10.3,19.3,11.1,7.6,9.7,0.0,3.2,5.0,9.9,1,Surgical
SUR-0088,44.2,16.1,39.0,30.1,37.4,46.6,32.8,51.2,20.9,34.7,47.2,44.0,46.2,62.0,32.0,31.4,38.5,54.6,35.9,46.8,32.8,47.1,37.4,32.3,55.7,38.9,41.8,53.3,43.0,37.9,33.9,33.4,28.7,35.7,38.2,41.3,54.6,46.3,39.9,33.8,59.5,31.6,20.3,40.0,37.6,29.2,25.3,38.1,32.6,30.5,48.4,35.6,34.3,42.3,22.4,33.9,40.0,40.1,54.6,25.8,32.4,40.4,43.9,56.7,37.6,25.5,27.9,49.3,56.7,36.9,42.5,38.3,35.1,36.1,29.0,34.8,36.4,40.5,28.1,48.0,28.3,32.9,39.3,29.0,45.6,18.8,46.7,46.4,39.1,33.6,29.4,24.9,39.3,33.7,48.5,24.1,1,Surgical
MED-0263,31.9,21.8,19.9,15.9,16.1,38.5,14.0,33.9,47.7,22.8,42.2,37.4,14.2,33.7,38.1,44.0,34.2,25.8,24.7,11.9,29.8,42.0,45.9,21.6,30.2,27.8,34.7,10.6,23.9,11.5,31.7,29.8,24.9,24.5,38.0,22.8,0.0,36.8,41.4,38.8,23.6,26.4,20.2,23.5,3.9,3.2,34.8,14.2,46.6,0.0,31.5,26.2,41.9,34.6,23.8,18.7,26.6,10.3,34.6,17.4,33.8,30.9,30.2,33.2,25.2,39.5,15.8,24.7,16.3,38.1,27.4,36.9,25.4,25.3,32.6,22.6,21.7,8.1,25.5,33.6,31.5,13.9,32.6,18.4,32.3,23.5,21.8,8.1,14.7,26.7,28.3,30.0,24.7,24.9,27.5,18.7,1,Medical
MED-0298,12.5,41.9,23.3,17.8,22.1,7.2,34.1,34.8,8.3,27.4,20.7,15.7,30.4,34.1,20.5,12.2,29.6,16.4,32.1,22.8,32.1,14.6,0.0,55.3,20.4,31.2,30.7,16.2,15.8,39.8,29.5,18.1,25.2,11.5,29.4,15.8,46.7,15.9,30.2,23.2,38.7,7.9,28.7,23.5,12.9,34.9,30.8,26.9,20.2,7.4,31.8,36.2,21.8,31.9,18.7,22.0,41.4,26.7,18.6,19.8,47.6,22.1,26.3,22.3,11.0,24.1,11.9,33.4,13.6,37.0,20.7,19.6,17.0,20.7,33.3,37.3,27.6,35.7,14.0,32.9,27.9,19.7,16.6,34.2,21.6,40.2,19.8,35.7,20.7,32.3,18.9,25.8,24.0,16.1,10.0,22.1,1,Medical
MED-0415,17.6,15.1,24.6,37.5,12.4,19.8,20.3,21.5,34.5,37.1,21.0,12.7,23.6,23.6,15.7,18.1,14.7,32.6,34.4,1.6,8.1,30.8,20.0,22.9,5.7,24.7,12.0,17.7,24.9,27.4,49.8,18.2,25.3,10.9,35.4,21.2,30.7,25.9,20.9,44.3,50.0,34.5,23.6,29.1,25.8,26.4,20.3,0.0,33.9,0.7,21.8,24.3,33.5,28.1,32.2,48.3,29.4,1.7,16.0,19.7,19.4,37.4,13.7,2.7,18.9,34.1,24.5,27.3,16.9,22.5,31.3,18.8,24.5,31.1,25.2,11.4,23.7,50.4,26.3,10.6,19.7,18.5,24.7,26.5,23.2,19.4,21.1,10.4,34.0,16.5,15.0,17.8,26.1,20.8,18.1,0.0,1,Medical
MED-0151,59.7,56.3,69.3,58.8,58.1,46.2,66.7,48.4,62.2,60.6,55.0,44.8,55.1,63.0,61.6,48.2,61.7,46.0,60.6,60.6,41.1,57.8,70.3,48.0,42.2,53.0,53.0,44.6,40.9,63.9,57.3,29.0,55.6,40.3,64.6,41.8,50.5,51.7,51.3,39.8,46.1,44.0,45.5,53.8,50.4,50.7,51.9,57.3,44.8,69.8,54.4,46.5,48.5,43.9,63.2,43.8,41.8,55.6,62.8,41.3,60.2,47.7,54.0,32.3,48.2,40.7,51.8,54.8,63.1,52.5,62.5,61.1,50.9,46.3,35.6,49.3,52.8,55.8,54.0,35.3,41.4,35.7,70.5,56.4,51.5,49.0,57.5,42.5,42.6,70.2,37.5,38.6,49.4,53.1,50.4,43.9,1,Medical
SUR-0137,23.5,38.1,15.5,45.3,33.0,39.8,40.7,42.2,32.8,27.5,17.9,31.5,39.7,25.8,33.9,46.8,19.4,32.4,39.5,15.4,19.4,28.3,13.9,47.4,28.6,34.1,20.1,33.2,9.5,27.0,16.9,30.6,26.7,30.1,22.3,17.5,15.9,29.0,35.1,25.8,30.5,22.2,32.6,33.3,25.1,27.1,49.6,22.3,18.1,37.1,27.7,32.2,7.4,20.8,31.9,27.9,18.6,40.1,23.6,32.0,28.8,22.1,26.3,47.2,36.0,17.0,22.3,33.8,42.9,18.9,23.7,19.3,29.7,35.5,39.0,29.4,21.1,5.9,20.5,28.0,28.2,40.1,31.6,10.0,16.9,35.6,40.3,28.9,30.2,23.6,11.0,20.7,38.9,39.2,30.4,32.7,1,Surgical
SUR-0213,24.8,28.8,29.1,36.4,25.3,15.2,18.4,25.8,12.5,30.0,14.1,24.0,39.4,18.1,16.6,20.0,41.9,13.8,26.2,24.5,26.9,43.7,25.1,32.4,23.2,38.3,37.6,24.2,29.7,39.0,29.0,28.3,19.7,27.5,29.4,30.5,36.0,33.2,30.5,22.4,24.2,30.3,21.1,35.4,26.9,53.1,27.5,14.7,29.4,0.0,18.5,25.1,36.8,34.7,17.8,27.0,17.2,51.4,30.5,24.2,52.2,14.1,42.0,25.1,24.6,41.5,23.9,32.9,27.8,19.6,22.0,45.1,26.0,24.4,24.2,39.3,39.2,29.5,23.7,21.4,25.5,32.5,4.5,28.9,27.9,26.5,33.9,28.3,33.0,36.2,5.6,11.1,30.0,29.7,37.1,23.0,1,Surgical
SUR-0051,17.5,4.9,9.5,20.8,20.7,13.9,14.1,8.1,29.4,26.3,3.3,18.6,14.5,17.4,14.2,14.0,5.9,22.9,32.3,15.6,7.2,8.9,20.6,16.5,26.2,14.4,7.6,35.6,14.2,17.4,20.5,19.2,13.6,22.5,8.9,22.1,21.7,6.1,11.6,13.4,0.0,21.2,0.4,11.3,11.2,24.4,27.5,6.8,21.3,0.0,0.2,18.8,34.1,17.9,11.7,13.3,0.0,8.1,21.4,11.1,23.6,23.1,21.7,28.5,8.3,13.7,34.0,9.8,20.5,0.0,21.2,2.8,1.0,13.9,17.9,11.8,27.3,7.1,14.4,19.7,20.7,5.6,3.9,4.4,28.4,14.3,0.0,24.6,0.0,19.4,10.3,6.1,21.4,17.8,8.4,21.0,1,Surgical
MED-0489,16.9,27.6,21.3,34.8,0.0,19.3,28.2,21.8,14.7,44.3,49.7,27.5,24.5,14.2,25.4,12.7,20.7,20.0,25.9,19.7,30.3,26.3,31.5,33.1,40.0,45.5,20.1,25.4,6.7,15.4,22.9,19.4,30.0,27.2,21.3,21.6,12.5,41.2,0.2,8.0,29.2,26.4,15.3,15.4,20.3,16.1,10.9,13.9,32.5,25.0,29.2,22.5,13.3,31.8,18.1,22.7,16.9,33.8,20.5,0.6,10.3,22.6,32.9,37.7,16.1,19.2,10.5,11.0,13.2,29.4,30.9,10.6,26.5,26.2,20.2,36.0,22.9,12.8,25.3,11.6,34.2,28.0,10.4,23.4,12.3,21.5,19.9,12.7,45.4,6.9,2.2,16.4,11.4,24.0,22.6,21.8,1,Medical
MED-0148,29.2,25.5,39.0,31.6,33.4,36.0,28.9,42.1,39.4,29.0,26.9,32.4,16.9,35.7,35.6,28.4,25.2,29.4,29.3,24.4,24.8,36.4,34.5,24.6,31.3,30.8,10.3,23.1,27.8,35.6,36.5,23.2,7.9,23.9,19.9,52.8,35.3,26.0,31.5,31.6,13.3,28.1,25.4,39.0,19.3,35.2,25.1,29.8,28.1,29.7,22.3,24.4,27.5,37.3,14.0,10.2,32.2,36.7,35.9,36.7,32.2,14.4,29.7,26.8,10.6,27.8,21.3,27.7,28.7,26.5,27.6,26.8,14.8,40.4,33.4,21.8,27.1,33.1,36.3,36.4,30.9,28.6,21.9,35.1,38.7,33.5,15.3,15.0,23.4,26.1,33.8,24.0,22.8,35.6,26.5,47.5,1,Medical
MED-0147,14.1,19.0,19.0,21.0,11.4,18.4,27.8,12.4,3.6,6.9,5.7,8.4,2.6,35.8,20.8,20.9,17.9,25.4,16.9,23.5,1.4,31.5,10.9,10.1,19.2,21.9,34.1,25.4,15.3,20.2,15.9,4.0,13.0,7.5,19.7,1.2,12.0,15.0,0.0,25.4,24.8,17.3,14.9,12.7,22.0,21.9,20.1,11.3,21.2,18.0,32.8,12.8,20.5,9.7,28.2,17.1,0.0,20.5,19.9,11.4,24.5,24.1,0.0,2.6,13.5,4.1,4.4,35.6,12.1,20.0,4.6,23.8,29.0,10.2,19.9,27.4,20.5,27.2,26.7,11.7,18.6,26.6,22.1,15.1,6.1,10.6,12.7,0.0,7.4,12.6,19.7,0.0,9.0,13.2,7.6,0.4,1,Medical
SUR-0089,40.4,22.7,22.8,16.6,19.7,44.9,28.4,23.5,29.5,21.3,29.4,42.5,32.9,23.9,0.8,14.3,36.8,37.3,33.5,18.0,42.3,27.5,15.7,32.9,40.6,54.0,39.0,14.9,20.2,30.9,31.8,39.2,33.9,33.8,35.7,23.1,42.8,7.7,22.4,30.5,21.5,36.5,25.9,37.0,12.8,33.9,34.4,24.5,30.9,19.3,27.1,33.2,28.5,18.8,36.0,34.5,39.5,30.9,32.2,37.1,42.5,30.2,26.5,11.6,24.4,16.5,22.1,30.9,35.8,23.8,28.6,13.1,31.8,48.0,30.3,29.2,36.0,21.6,15.3,5.0,38.4,33.4,19.3,37.5,37.0,17.5,32.7,20.0,24.1,25.2,30.5,33.3,39.3,40.5,28.0,31.2,1,Surgical
SUR-0243,21.8,46.4,43.4,44.8,25.3,43.4,27.4,36.3,20.9,10.3,36.5,40.7,21.5,43.1,24.3,27.8,28.2,36.4,29.6,31.9,17.1,33.0,46.4,30.9,43.9,22.1,31.3,34.6,23.1,16.2,38.6,32.6,21.4,45.2,33.1,39.1,25.1,22.4,17.8,45.3,18.1,40.1,21.5,29.2,35.1,38.0,32.7,17.0,28.1,7.1,40.9,46.5,22.2,33.7,21.1,52.3,32.8,39.9,46.9,25.7,47.3,21.3,17.8,42.8,27.4,48.0,14.2,33.2,15.8,36.3,30.1,25.7,26.0,41.7,21.1,45.3,29.6,26.5,36.2,31.8,37.8,37.5,26.6,31.9,29.8,17.9,24.3,44.7,35.5,27.4,14.2,24.4,13.2,33.2,36.2,26.5,1,Surgical
SUR-0102,36.5,18.9,31.0,22.4,26.1,31.8,19.6,20.6,32.4,42.2,27.8,37.3,29.6,28.8,25.9,37.6,26.8,33.1,32.6,22.5,20.2,24.6,29.9,45.4,24.7,31.5,30.8,16.8,40.0,19.5,30.6,16.4,44.4,35.1,58.3,33.5,13.0,24.7,32.9,51.3,30.2,20.1,31.0,37.7,28.7,19.1,33.6,26.6,30.6,51.5,36.6,23.3,24.5,39.5,46.0,53.4,35.0,51.6,22.3,22.9,30.7,35.9,30.4,44.9,37.9,32.0,26.5,29.3,25.5,39.1,16.5,16.7,16.9,43.6,18.9,34.6,37.6,24.5,22.9,39.5,25.5,52.9,31.3,36.3,49.2,29.7,23.5,46.7,40.3,53.3,39.0,47.7,13.3,50.3,33.8,17.4,1,Surgical
MED-0349,41.9,34.5,31.6,39.7,44.2,42.7,34.2,55.3,23.8,33.7,54.9,31.0,46.6,39.4,43.9,36.5,54.1,37.6,26.2,51.0,19.4,31.9,30.0,51.0,34.4,21.8,47.5,54.7,45.8,39.9,51.7,37.7,30.3,37.8,28.7,36.5,46.0,49.3,50.1,17.7,40.7,33.5,44.8,41.0,41.8,43.7,52.7,43.3,39.4,34.3,34.1,39.9,28.3,30.4,44.7,40.1,52.6,18.6,38.5,47.5,35.7,47.5,36.4,44.3,36.5,40.3,50.5,28.8,30.7,29.7,24.1,38.7,46.2,13.3,52.8,28.5,26.9,34.1,49.1,31.5,34.7,42.8,34.4,42.9,47.3,21.1,42.1,40.4,26.5,30.8,36.9,26.5,4.2,34.6,24.2,23.4,1,Medical
MED-0464,53.5,50.2,39.3,54.5,57.5,29.2,55.3,50.4,34.8,48.7,48.1,25.3,18.7,32.0,47.1,38.4,44.8,44.0,48.2,51.6,39.2,59.3,40.9,32.4,36.3,18.8,54.6,25.8,30.1,33.8,48.5,44.6,32.4,51.4,27.4,39.9,33.3,53.8,40.1,40.5,33.1,48.6,38.7,32.1,46.2,40.1,13.6,48.5,42.8,42.5,61.6,32.4,40.2,45.5,37.5,65.1,46.2,48.0,41.0,48.1,42.7,47.4,39.9,51.9,37.4,43.3,30.1,39.2,46.3,25.5,55.7,44.5,42.4,32.4,26.0,38.3,28.6,50.4,39.3,33.5,51.0,33.6,41.6,31.0,51.7,27.7,44.2,27.4,41.6,71.6,41.8,59.8,47.6,35.3,45.1,51.0,1,Medical
MED-0326,23.1,48.8,23.8,12.9,30.6,41.2,33.6,22.5,37.2,38.6,27.2,47.2,32.8,38.6,30.1,51.4,31.5,31.1,35.1,40.7,26.4,40.4,17.0,31.8,25.3,39.6,46.5,39.5,27.5,29.6,15.4,30.0,36.0,19.9,28.1,38.2,21.4,24.3,25.6,10.5,36.2,23.1,48.8,27.7,24.5,16.3,39.1,18.8,8.6,40.2,36.8,33.2,50.0,42.1,41.9,18.9,44.8,38.2,31.1,35.4,29.3,37.1,43.4,22.7,18.7,41.2,14.4,18.2,44.6,25.9,39.2,41.9,33.7,21.2,26.3,30.8,18.2,32.3,45.8,16.1,43.7,40.1,16.3,23.4,14.8,23.8,14.1,45.1,37.6,37.6,41.1,37.6,34.5,36.1,52.0,41.7,1,Medical
MED-0187,32.6,13.6,3.0,18.3,18.4,25.1,0.8,24.6,38.9,25.7,14.8,15.2,25.0,13.3,15.7,26.5,27.5,0.0,9.7,7.5,8.4,14.6,17.6,25.1,9.2,18.7,20.2,21.4,2.6,23.4,13.1,5.1,30.8,25.7,10.0,51.9,21.5,18.5,42.4,8.9,18.4,20.2,20.6,15.3,23.4,22.6,18.4,33.7,28.5,23.4,14.8,18.3,26.2,9.7,27.2,24.9,11.2,26.1,12.8,27.4,6.3,5.3,31.0,5.4,23.9,0.0,22.5,20.2,8.0,23.0,27.8,26.4,23.7,28.8,26.4,12.0,18.3,22.5,8.6,22.2,5.4,24.2,20.3,31.7,15.1,16.4,3.4,17.4,8.2,17.2,18.8,27.9,34.1,34.6,22.8,25.6,1,Medical
MED-0124,19.8,26.8,25.7,25.2,19.4,25.8,30.9,35.0,32.6,32.8,55.8,45.0,17.8,30.6,28.0,33.5,46.9,29.3,13.0,37.0,46.4,33.5,27.7,25.1,22.8,31.9,20.6,21.4,44.0,33.7,26.0,28.4,36.5,37.9,29.3,21.5,32.4,23.2,45.2,29.0,36.8,24.2,26.6,35.3,42.3,30.3,42.0,16.9,27.4,42.3,36.6,38.7,51.9,35.9,44.9,12.2,46.8,31.5,24.5,40.6,32.5,38.8,25.5,21.8,35.4,20.0,21.7,36.4,36.1,31.0,13.1,25.8,28.5,28.4,38.1,47.5,37.4,37.6,41.4,59.7,25.9,26.9,49.5,23.5,23.5,42.6,18.8,42.1,24.6,29.1,35.7,13.5,23.2,33.9,30.2,43.4,1,Medical
SUR-0184,7.3,0.0,8.3,3.3,19.1,25.6,22.3,19.4,0.0,2.7,2.0,19.0,2.4,33.4,7.1,28.3,24.3,8.1,11.2,8.3,4.3,11.3,22.2,10.2,4.3,16.5,12.8,13.5,33.8,22.4,6.5,4.4,7.1,8.7,2.8,24.6,10.1,7.9,15.3,3.8,6.5,16.1,13.4,20.9,2.4,0.0,0.0,7.5,8.7,0.0,0.0,22.1,0.0,17.6,23.1,0.0,2.3,9.9,28.6,14.4,13.4,13.1,1.4,25.5,0.4,11.1,32.2,22.6,30.6,3.1,13.9,13.8,12.6,5.6,13.6,0.0,12.1,34.2,11.0,17.1,6.7,3.5,6.9,5.0,19.2,13.2,14.6,2.6,18.1,0.2,20.5,24.5,8.9,21.6,18.4,10.4,1,Surgical
MED-0144,34.1,32.4,42.0,16.4,27.1,20.3,15.3,34.3,28.8,28.9,39.0,38.4,19.2,5.8,25.8,19.3,18.3,15.0,22.7,24.0,24.6,16.3,29.6,7.2,26.6,25.1,20.3,36.9,23.9,25.4,40.0,30.1,28.1,3.7,27.0,26.4,37.2,27.8,18.8,30.6,6.6,18.5,28.9,23.9,13.7,11.9,30.0,18.6,26.0,14.1,17.4,42.6,36.8,36.9,23.9,10.7,34.9,25.5,33.6,0.0,34.8,31.5,14.9,48.0,30.2,12.1,27.3,20.4,19.4,36.1,24.3,17.4,13.9,16.9,34.9,34.1,22.8,32.5,32.0,7.8,23.0,20.6,17.1,28.0,23.6,24.4,19.7,32.9,26.8,35.4,12.6,20.5,27.8,35.2,24.5,22.2,1,Medical
SUR-0264,40.9,39.0,52.9,29.2,27.0,40.5,21.6,35.3,36.9,45.2,42.5,34.8,38.5,19.6,34.9,32.0,18.7,23.2,45.7,56.8,27.6,30.0,51.0,22.0,32.5,30.7,26.1,41.4,32.1,47.1,29.6,49.1,51.4,53.5,35.7,44.7,49.0,38.9,35.7,19.1,27.6,37.9,17.9,27.9,37.6,43.4,40.7,30.3,34.8,30.4,46.4,42.8,33.1,46.8,36.4,26.8,24.8,34.7,23.4,31.2,29.5,45.6,30.1,29.4,26.9,31.4,32.1,39.4,42.3,29.1,40.4,33.3,13.0,36.6,37.1,37.0,4.5,31.0,24.6,30.1,36.1,29.8,64.0,35.2,50.1,40.1,43.0,45.4,35.0,21.5,11.0,43.9,26.3,52.3,26.3,46.9,1,Surgical
MED-0198,7.9,6.9,30.8,11.4,6.5,22.5,14.9,18.4,7.7,9.2,16.6,14.5,0.0,18.9,14.4,15.3,0.0,23.8,22.5,20.8,3.1,28.1,20.5,12.9,20.0,7.8,22.7,17.3,33.5,11.7,15.0,2.9,16.4,11.1,15.6,13.6,16.8,18.4,21.0,35.1,7.3,17.8,23.3,12.5,35.9,15.4,21.0,30.1,23.7,6.3,21.8,20.7,24.4,11.0,14.2,23.2,0.4,8.5,10.6,18.5,12.3,3.3,29.9,24.9,22.6,25.5,16.6,8.5,11.6,30.9,13.9,15.5,5.8,10.7,0.0,6.1,0.0,25.4,17.1,21.1,4.2,32.7,30.6,19.9,3.0,2.6,15.2,7.8,27.5,13.5,29.7,10.8,11.1,10.7,16.0,15.4,1,Medical
MED-0280,12.7,4.8,0.0,0.0,8.9,7.3,21.5,7.7,0.2,0.0,1.0,8.4,0.6,19.7,8.4,2.5,8.1,8.0,0.0,3.0,5.6,12.6,9.5,5.5,17.6,0.0,1.8,0.0,13.7,0.0,23.3,10.1,23.8,8.2,0.0,11.9,1.8,0.1,14.6,0.0,15.4,2.0,29.7,6.9,0.0,0.0,1.1,4.9,8.2,6.8,21.6,33.1,15.1,17.4,34.4,5.5,7.1,11.7,9.9,0.0,0.0,0.5,8.1,8.4,0.3,0.0,20.6,4.0,0.0,0.0,16.6,17.9,10.1,16.0,3.8,13.2,13.6,11.5,5.5,6.1,0.0,4.9,25.9,20.3,11.7,0.0,19.0,0.0,0.0,0.0,1.4,11.1,4.9,3.4,0.0,0.0,1,Medical
MED-0294,8.9,29.0,30.7,18.2,32.1,0.0,26.3,24.9,14.7,29.2,13.0,25.6,4.0,5.2,16.2,15.0,9.3,11.2,17.6,22.5,10.7,18.5,0.0,6.4,9.3,10.1,28.3,35.8,27.2,13.5,15.8,0.0,5.6,1.4,16.9,7.4,0.0,9.5,16.4,22.6,0.0,19.8,13.2,23.1,35.9,18.1,22.5,21.2,21.2,23.5,30.4,12.7,10.9,14.7,19.3,22.4,13.9,13.9,20.7,10.9,0.0,21.6,18.8,29.9,7.9,42.4,21.4,10.1,0.0,17.9,9.5,5.9,0.0,2.9,23.8,17.0,24.3,12.0,9.3,13.3,12.9,19.0,3.6,1.9,19.3,0.0,29.7,12.3,15.9,21.5,18.2,10.2,30.0,5.5,25.7,22.9,1,Medical
MED-0401,37.6,66.0,32.4,34.0,31.1,47.5,39.3,57.4,50.4,34.0,43.8,61.6,61.5,48.4,43.1,46.6,40.8,46.3,45.5,49.5,34.0,36.9,44.0,39.1,52.8,39.2,43.4,45.3,47.8,34.3,44.7,38.1,41.3,44.2,45.4,35.1,22.5,49.8,20.3,25.8,68.8,46.3,45.9,68.1,40.9,48.0,44.2,37.2,42.9,43.6,52.9,37.5,29.4,44.9,40.1,40.6,51.8,60.2,52.5,42.4,42.1,47.2,27.6,37.4,50.8,51.3,40.3,61.3,36.2,51.4,50.0,37.2,59.9,49.0,52.6,48.7,57.3,48.7,33.6,43.5,58.7,31.3,61.9,39.0,45.0,46.2,49.3,46.1,38.1,27.0,39.4,45.2,35.0,43.5,63.7,39.5,1,Medical
MED-0123,38.8,33.6,38.8,24.1,17.2,21.0,33.7,23.2,3.0,30.4,34.7,30.6,42.3,10.6,22.2,30.4,15.6,38.8,24.7,31.0,43.4,30.7,19.4,29.0,24.8,29.3,14.8,21.8,33.5,35.0,45.9,40.4,39.7,21.2,30.4,32.0,24.9,53.2,32.6,28.7,43.6,33.7,29.7,25.9,21.2,12.7,26.4,35.1,27.0,26.7,42.0,26.0,19.4,58.6,15.0,34.5,10.7,28.5,32.3,23.8,29.4,27.1,33.9,20.0,29.2,19.3,37.7,3.8,29.4,31.0,18.8,25.5,31.2,33.6,38.5,38.4,30.6,25.5,23.3,25.5,44.4,27.8,30.9,46.8,43.1,36.7,31.7,34.9,24.8,26.5,45.6,20.2,28.7,25.4,15.8,18.4,1,Medical
MED-0184,15.8,17.3,12.4,27.2,28.0,19.5,15.4,12.0,8.4,3.5,3.5,27.8,18.0,21.5,0.0,10.4,19.5,21.1,13.0,1.4,7.7,6.8,14.2,3.9,19.5,12.2,11.5,4.6,6.4,9.7,2.6,5.2,6.8,33.3,1.9,9.4,17.5,0.0,6.4,19.7,19.6,23.4,14.7,22.6,1.9,1.3,5.4,14.2,12.4,9.2,15.5,29.9,9.5,0.0,15.1,12.4,5.0,11.3,18.3,19.2,7.4,10.8,23.7,4.9,0.0,26.3,9.5,21.6,0.6,20.5,31.6,11.6,4.6,0.0,23.1,16.8,3.6,16.5,6.8,8.4,13.2,12.8,0.0,9.2,27.5,12.3,17.4,18.7,24.6,1.2,16.9,9.2,3.2,0.0,14.2,14.0,1,Medical
MED-0203,43.6,37.8,18.8,29.0,30.8,43.5,27.3,23.4,30.0,11.4,32.7,28.7,25.8,24.2,26.1,30.2,28.0,16.7,23.8,40.9,32.0,8.0,37.0,30.2,31.0,10.9,42.5,3.1,16.8,29.6,8.1,14.5,30.7,18.9,29.0,15.3,12.3,40.2,24.7,21.8,20.5,40.1,30.0,35.1,21.9,19.1,30.3,29.8,23.0,12.4,10.5,22.6,39.4,37.4,19.9,41.6,19.6,37.0,16.1,51.8,28.9,20.8,20.6,14.8,17.1,10.7,28.2,44.6,28.4,29.6,44.9,22.0,10.0,29.6,31.6,15.6,35.6,28.4,44.5,27.2,25.3,47.7,40.2,5.4,35.5,27.2,32.5,16.1,12.8,34.2,20.9,27.1,29.3,28.7,32.9,30.7,1,Medical
MED-0439,33.6,51.2,33.6,33.2,56.6,29.0,15.0,38.1,37.8,34.0,17.8,26.8,22.6,48.7,22.6,22.0,25.6,39.5,18.5,22.8,36.7,23.9,38.1,20.5,37.8,30.8,49.9,22.0,22.0,32.3,43.8,30.1,23.5,39.0,21.1,34.2,4.9,30.8,24.5,10.3,17.8,35.4,15.1,36.0,27.5,27.9,37.3,28.4,30.0,23.2,15.5,48.6,38.1,23.6,19.2,26.4,34.1,19.7,21.3,18.0,42.9,28.7,12.5,17.6,39.1,12.9,31.3,30.0,20.2,28.6,47.1,14.7,26.5,29.3,31.3,45.4,36.6,35.2,35.4,23.6,17.1,29.2,41.5,16.6,20.8,11.1,38.9,26.7,20.0,6.9,42.9,27.2,34.1,29.7,24.4,35.4,1,Medical
MED-0247,8.4,0.0,8.9,0.0,5.6,2.1,0.0,5.6,0.0,0.0,0.0,6.3,3.8,21.5,0.0,0.0,21.6,0.0,13.6,0.0,9.1,9.9,26.1,0.0,6.0,0.0,0.0,6.6,4.3,14.5,11.4,0.0,4.8,2.3,2.8,10.3,8.4,9.3,8.1,5.9,12.5,6.3,26.1,12.6,0.0,3.2,0.0,1.4,2.9,18.4,16.9,0.0,0.0,8.2,0.0,4.3,4.0,0.0,0.0,10.1,12.9,3.3,0.0,17.5,0.0,8.8,9.2,6.2,0.0,12.3,0.0,0.0,3.0,0.0,0.0,4.5,18.7,27.4,0.0,5.2,16.2,0.0,6.9,3.6,0.0,0.2,5.7,9.3,0.0,5.5,0.0,7.7,0.0,0.0,7.5,0.0,1,Medical
MED-0416,46.0,51.4,29.0,31.0,38.9,43.5,35.1,56.6,37.5,31.0,54.4,38.8,44.8,40.2,29.1,47.0,39.9,31.5,23.0,19.8,21.6,38.3,46.0,40.6,37.4,49.0,34.3,36.3,15.5,32.7,47.3,34.2,39.7,44.7,47.7,27.6,25.3,50.2,45.9,36.1,29.0,29.1,21.6,44.8,23.0,34.0,37.1,47.2,22.4,40.4,50.9,25.5,29.7,28.4,20.9,39.9,40.7,54.7,51.8,40.7,34.6,47.3,54.9,32.7,37.7,37.5,34.8,32.3,55.2,44.4,30.8,22.1,35.0,32.8,40.5,37.1,34.4,35.4,40.8,45.2,29.9,43.9,24.1,29.9,44.1,35.7,38.1,27.2,59.0,48.5,41.4,43.2,38.8,36.3,27.3,30.3,1,Medical
SUR-0212,30.1,11.4,19.2,23.0,10.0,0.0,2.8,15.5,15.4,8.0,15.1,18.1,23.2,17.3,16.8,19.9,13.6,13.2,1.2,13.3,22.0,8.5,0.0,18.8,17.8,4.5,21.8,19.4,10.2,17.3,16.7,30.9,23.0,4.0,16.4,13.6,32.7,11.9,18.1,11.5,18.7,16.6,25.8,20.2,8.5,22.9,18.4,18.7,8.0,22.0,20.3,15.8,26.4,17.3,24.9,20.4,9.3,6.6,7.6,0.0,32.0,21.2,14.4,31.7,15.7,16.7,30.0,10.4,18.2,7.5,13.2,28.2,9.4,17.3,35.6,25.2,22.9,27.5,21.9,17.4,21.8,23.7,18.3,40.0,31.7,14.0,9.6,8.2,12.7,26.3,15.7,20.8,17.7,8.3,3.5,15.3,1,Surgical
MED-0130,24.7,30.7,16.9,24.0,10.3,32.2,13.7,24.1,17.7,18.6,30.8,17.6,36.8,22.7,28.3,31.2,28.4,4.6,12.6,9.6,17.7,21.2,14.5,32.3,12.0,0.0,21.4,17.7,18.8,14.5,22.2,20.1,18.7,8.2,13.3,19.9,21.5,28.3,8.1,23.8,14.3,3.6,34.5,22.7,20.9,16.9,21.9,17.8,21.0,33.5,19.5,27.7,19.5,17.4,22.4,14.4,8.8,28.7,26.1,5.3,28.5,27.8,11.2,10.7,26.1,14.6,7.9,0.0,7.4,21.2,27.7,29.2,6.7,16.7,19.7,4.7,24.9,23.3,23.8,16.1,25.1,8.1,21.4,19.6,24.7,22.8,22.8,20.9,9.9,26.1,30.4,10.2,27.8,14.9,28.4,8.3,1,Medical
MED-0403,21.7,16.5,36.9,0.0,10.3,22.1,43.5,43.0,24.9,28.0,50.6,21.1,27.1,21.6,13.8,8.1,24.8,12.6,13.3,29.6,45.5,20.3,9.5,25.0,41.0,31.1,22.4,21.6,15.9,29.2,17.1,1.6,25.0,17.8,24.7,18.3,19.6,2.9,28.3,13.8,33.5,27.2,26.6,7.9,29.4,12.4,9.6,8.2,17.1,21.7,14.8,25.0,22.0,20.3,46.6,15.8,22.3,20.6,7.9,16.4,27.1,30.5,29.6,20.5,16.8,6.3,38.2,8.3,23.7,11.7,25.7,16.9,15.1,20.5,2.5,27.6,0.0,29.3,34.3,21.0,0.0,14.1,8.9,30.4,42.2,46.5,23.0,16.7,20.6,31.2,25.3,27.2,8.3,19.9,15.1,3.1,1,Medical
SUR-0133,9.5,20.4,32.0,0.0,7.5,10.9,43.9,25.6,19.4,40.7,15.4,15.2,9.3,29.1,21.1,4.9,29.1,15.0,25.4,41.8,19.2,33.6,25.8,24.5,27.8,30.7,40.2,17.1,28.3,22.9,18.2,0.0,5.2,17.0,15.7,25.8,38.7,18.3,37.6,14.5,28.6,12.6,34.0,21.2,19.1,19.4,21.9,10.7,32.4,18.8,22.9,40.2,14.1,15.3,24.0,16.9,25.3,34.1,15.1,3.3,42.7,18.7,26.4,16.1,20.8,36.1,30.7,32.9,35.4,12.1,15.7,21.0,8.5,17.3,38.7,36.7,14.8,21.3,14.3,17.0,25.2,48.8,42.4,35.1,19.6,25.5,21.3,18.4,25.0,31.6,25.6,34.6,15.6,45.1,24.8,22.7,1,Surgical
SUR-0124,2.3,11.1,26.1,5.5,11.5,14.0,6.7,0.0,5.4,1.8,11.2,10.1,14.5,0.3,0.0,15.3,0.0,0.0,8.0,4.4,5.2,15.2,20.1,17.4,14.2,0.0,13.7,17.4,7.2,15.2,25.0,23.1,10.8,8.6,24.9,24.7,16.1,14.9,22.9,9.7,27.1,13.2,0.0,16.0,23.0,15.6,5.9,10.8,0.0,2.8,5.1,4.2,16.0,8.8,6.4,8.7,8.9,20.8,8.0,2.4,3.7,8.1,12.8,20.2,0.0,0.0,9.0,11.2,21.2,7.9,23.0,12.9,15.5,1.3,31.8,7.5,0.0,15.1,21.9,11.6,6.0,14.4,11.3,11.0,0.3,24.7,15.8,0.0,14.7,46.1,5.6,12.8,0.0,28.2,16.3,23.3,1,Surgical
SUR-0228,54.2,51.4,51.6,38.0,27.6,41.0,35.1,56.8,42.8,65.5,46.8,51.1,59.8,65.0,43.0,59.1,70.4,44.9,56.0,45.6,59.0,57.2,75.4,53.2,38.8,42.9,68.1,51.2,66.3,53.1,53.7,49.7,51.9,43.9,40.5,38.7,53.7,42.9,45.9,47.5,44.3,45.4,52.3,47.7,51.5,73.7,18.6,58.8,44.5,64.2,65.8,47.3,48.4,39.2,44.0,52.9,55.9,51.6,51.3,44.8,53.9,56.8,52.4,61.2,45.2,34.9,63.5,44.6,52.9,46.0,65.7,44.4,61.0,69.3,48.2,38.2,73.4,51.0,41.6,49.7,56.8,54.8,32.1,67.4,52.7,58.7,49.0,58.1,42.0,22.8,49.6,52.3,59.9,60.8,44.6,47.6,1,Surgical
MED-0220,0.8,0.0,0.0,4.0,12.1,19.1,0.9,0.0,5.0,14.2,7.9,4.3,7.7,10.1,0.0,23.6,0.0,11.6,9.3,8.2,10.1,2.2,2.4,39.4,0.0,17.6,0.0,25.8,7.4,14.9,0.0,7.8,0.0,0.0,0.0,0.0,0.0,0.0,0.0,22.5,0.0,0.0,2.0,4.7,0.0,5.9,2.5,10.8,1.4,5.7,0.0,8.3,17.3,4.0,0.0,1.4,0.0,18.5,0.0,0.0,0.0,6.1,12.4,0.0,0.0,0.0,6.5,0.0,1.6,13.9,0.0,0.0,9.8,4.8,0.0,0.0,0.0,13.7,0.0,6.5,16.5,22.4,9.1,0.0,0.0,5.4,13.3,0.0,7.8,0.0,0.0,6.3,0.0,1.6,3.1,1.1,1,Medical
SUR-0230,29.6,19.5,33.0,20.6,24.5,12.9,17.2,9.2,26.8,21.4,21.2,34.3,28.9,42.2,35.0,20.2,18.7,0.8,13.5,14.6,31.3,24.9,28.3,20.5,37.8,12.6,0.0,27.9,5.5,30.9,16.2,22.2,14.1,23.6,13.3,24.5,20.6,34.3,19.4,34.0,18.0,27.7,18.0,37.3,37.6,24.3,26.4,8.2,24.5,17.5,32.7,14.6,32.1,25.5,21.7,42.5,40.4,29.5,17.3,13.7,24.7,13.5,36.6,12.3,26.7,27.1,35.7,24.0,17.0,38.1,20.0,24.4,35.8,24.6,20.2,13.7,16.3,29.0,20.3,18.6,25.1,3.9,34.7,17.5,47.6,27.9,21.0,26.4,19.9,20.9,23.0,21.5,23.3,27.2,31.1,28.2,1,Surgical
SUR-0110,35.8,51.4,39.4,48.1,53.7,40.7,46.0,38.2,43.7,33.3,36.4,46.4,35.5,42.0,46.8,33.4,30.6,30.3,25.1,52.6,29.7,39.2,30.1,45.3,17.9,34.7,44.1,37.7,31.2,25.4,41.8,62.9,44.4,51.6,20.0,32.7,26.8,42.3,32.1,26.2,15.9,40.6,26.6,44.3,57.0,38.8,39.2,46.2,28.0,34.1,42.4,44.9,23.9,42.7,38.1,64.5,29.4,39.2,42.3,49.7,48.2,37.6,31.5,34.0,31.5,54.4,60.0,44.0,33.1,23.2,47.0,37.8,46.4,37.1,40.6,20.8,44.6,30.8,31.9,35.1,57.1,29.3,52.8,42.4,49.1,47.4,12.0,52.1,54.5,47.4,30.1,42.8,34.5,51.6,40.7,41.4,1,Surgical
SUR-0233,10.8,17.3,28.7,7.9,0.0,13.5,4.9,4.8,7.0,10.6,0.0,20.4,13.4,18.8,17.3,7.1,9.2,25.8,6.0,1.5,23.5,16.8,4.0,7.7,12.4,19.7,13.7,10.0,16.7,11.3,0.4,25.5,6.9,7.0,25.7,12.8,19.6,7.6,0.0,33.0,16.2,28.6,17.8,6.4,6.6,23.6,35.1,3.6,13.0,20.0,15.3,1.2,9.4,6.7,0.0,3.6,24.5,14.3,12.0,30.7,16.4,12.7,20.3,16.9,7.2,20.6,28.2,22.1,26.4,9.9,5.4,11.1,29.4,11.8,10.2,30.7,12.7,0.0,7.7,13.5,17.9,15.4,9.8,0.0,37.2,24.0,2.1,6.6,12.1,23.9,20.3,10.7,10.9,10.5,17.4,4.4,1,Surgical
SUR-0118,24.9,38.7,13.8,39.4,51.8,47.0,38.2,11.3,41.6,33.8,28.3,38.4,20.9,13.1,35.8,24.9,42.2,19.0,8.6,25.6,32.2,34.0,27.5,28.1,32.4,44.9,27.1,27.3,36.8,24.4,27.0,20.8,29.2,32.5,11.2,14.3,49.3,7.7,18.0,46.8,36.9,29.4,30.1,43.7,51.0,23.4,32.3,18.2,25.9,29.4,33.0,26.7,38.7,22.3,37.1,20.5,20.1,28.7,16.4,18.6,35.9,29.1,12.6,23.9,10.3,21.8,43.4,28.6,54.9,31.6,38.0,42.0,32.9,35.5,32.6,45.3,22.0,23.7,41.1,19.5,27.2,41.9,28.5,46.2,31.5,24.4,36.5,26.3,45.6,41.7,34.9,37.6,10.3,30.7,22.2,13.8,1,Surgical
MED-0387,27.8,20.8,13.9,25.6,17.7,40.5,21.9,24.6,37.2,21.5,26.2,36.2,33.1,15.5,26.2,31.8,38.9,27.0,16.4,24.0,39.0,29.1,47.5,27.8,24.6,31.5,20.3,29.9,28.5,18.0,29.2,39.7,24.5,20.3,17.1,19.4,40.1,56.9,21.3,11.9,28.2,30.7,27.8,30.4,34.5,18.8,12.0,32.6,22.9,41.7,19.0,40.8,32.3,23.5,16.8,22.7,31.4,18.3,36.2,52.6,25.6,1.5,22.5,28.6,8.0,42.6,6.4,20.9,14.1,37.3,23.3,41.2,28.3,21.9,29.9,16.7,28.2,35.7,21.8,12.8,17.6,12.8,45.7,28.9,29.1,3.4,37.3,27.4,23.7,18.7,24.6,11.3,14.8,39.8,29.8,19.9,1,Medical
SUR-0276,31.2,20.8,15.2,20.3,12.4,12.7,20.8,4.1,12.6,0.0,7.0,15.5,20.3,0.0,17.5,15.0,33.7,14.0,1.0,3.3,15.1,27.1,20.1,1.8,0.0,11.9,3.7,0.0,13.7,3.7,6.4,11.4,23.0,17.4,0.0,23.9,0.0,17.5,6.1,8.2,6.5,13.4,0.0,9.3,9.4,0.0,21.4,13.9,18.1,4.2,14.5,23.3,4.7,4.4,2.3,5.5,31.4,8.9,7.6,17.4,11.6,0.0,7.4,6.9,25.7,20.2,13.4,0.0,18.5,0.0,18.7,13.7,10.7,17.0,12.6,22.8,3.0,23.0,4.7,17.5,14.9,17.7,19.3,15.3,0.0,23.8,0.0,5.1,3.0,3.4,15.8,15.0,13.2,0.0,15.3,5.3,1,Surgical
SUR-0010,36.5,24.5,34.2,33.2,17.4,36.2,32.1,33.9,32.8,35.8,20.8,31.6,27.1,40.1,38.9,52.8,36.3,46.3,41.8,17.5,30.8,36.0,30.7,21.5,16.6,56.2,21.0,12.1,19.9,27.1,42.5,36.5,47.0,35.9,36.7,19.9,28.0,38.1,32.4,39.4,30.6,45.3,48.9,15.4,30.5,10.9,25.9,41.0,42.8,36.0,27.2,42.5,36.9,18.4,36.1,30.1,32.4,43.0,14.2,45.1,43.8,52.8,29.4,50.3,30.7,46.3,39.3,37.0,37.0,20.4,33.2,33.5,31.7,23.2,14.5,39.6,20.1,48.2,32.9,26.9,44.1,41.7,32.1,25.7,46.3,37.1,32.1,30.4,37.5,25.0,30.9,43.5,40.9,25.5,21.7,20.5,1,Surgical
MED-0268,1.8,6.2,3.0,6.7,0.0,1.7,16.3,0.0,0.0,19.2,0.0,7.5,11.8,0.0,8.9,0.0,0.0,11.9,5.9,7.6,1.0,0.0,7.0,0.0,0.0,11.7,12.0,3.4,10.3,0.0,22.6,6.7,7.3,10.0,0.0,0.0,0.0,6.5,23.2,0.0,0.0,16.2,26.0,0.0,31.5,7.4,2.6,3.0,15.6,1.1,2.9,10.4,0.0,16.5,10.1,10.2,0.0,3.9,6.5,22.7,10.2,2.0,10.4,7.6,8.5,19.0,12.4,0.0,5.6,2.9,0.0,0.0,7.1,17.2,0.2,6.2,5.3,1.3,0.0,0.0,0.0,0.0,0.0,8.2,0.0,22.4,0.8,0.0,7.8,0.0,9.4,15.9,0.0,21.0,23.3,21.8,1,Medical
SUR-0282,47.9,46.4,34.9,24.4,37.6,24.0,35.8,31.1,13.8,33.8,49.3,28.1,34.7,28.8,50.3,23.3,23.0,31.5,35.5,44.5,35.9,56.1,37.1,48.3,22.0,40.8,16.8,36.9,51.2,29.9,40.6,41.1,36.7,40.1,46.1,24.6,21.8,33.1,40.9,41.3,52.6,45.1,48.9,30.4,28.8,49.2,36.3,46.8,26.2,39.7,49.7,28.6,46.7,36.8,50.7,53.1,31.6,24.3,37.8,36.3,55.3,42.6,29.2,49.6,29.4,21.2,37.0,29.5,35.5,41.5,33.5,60.1,39.7,54.0,32.4,39.6,40.3,43.1,43.4,37.3,22.8,45.0,44.3,32.5,30.0,35.6,33.3,15.3,44.4,29.8,12.9,31.9,37.3,39.7,44.7,34.8,1,Surgical
MED-0442,38.5,47.8,26.5,43.0,24.4,26.0,43.1,44.8,50.3,28.5,14.8,40.0,50.9,40.3,49.3,44.2,38.5,51.0,32.8,33.8,52.0,44.0,43.3,41.7,31.5,42.1,32.5,25.5,55.6,44.0,51.0,48.0,43.5,33.6,38.5,39.1,41.9,57.3,38.4,44.5,13.3,41.0,46.3,39.1,48.2,40.6,48.8,36.7,32.8,58.5,47.0,34.0,32.9,27.0,46.2,39.4,49.1,32.9,27.6,37.4,44.6,44.0,56.3,51.7,34.9,46.2,43.3,49.2,45.4,30.9,41.4,42.0,31.8,24.3,24.7,31.7,46.2,39.4,31.6,43.1,47.5,30.1,34.1,36.6,33.8,57.2,44.1,31.0,36.7,22.2,40.0,40.4,44.7,37.8,45.0,48.4,1,Medical
MED-0497,42.3,46.0,36.4,49.8,40.9,17.2,26.3,11.1,25.6,30.6,17.3,27.1,30.2,36.7,25.2,23.9,23.1,14.0,34.0,46.9,25.1,18.6,34.9,32.7,37.6,36.6,23.7,32.6,20.2,40.4,36.2,43.9,37.5,31.1,38.5,30.1,30.7,47.2,31.3,34.6,32.9,57.5,22.6,42.4,53.4,40.2,22.9,25.8,21.6,44.5,29.4,32.2,37.4,23.7,39.1,24.6,36.5,19.9,43.9,43.3,30.2,26.0,27.9,25.5,36.3,41.8,44.2,28.7,34.2,24.1,33.9,40.3,32.3,13.6,28.9,23.5,25.3,19.0,26.5,19.7,49.8,26.0,37.9,40.3,38.0,19.6,35.3,27.7,37.8,41.5,25.5,31.9,27.6,46.2,38.5,32.5,1,Medical
MED-0113,13.4,9.9,14.7,0.0,0.7,12.0,11.0,15.2,8.9,19.2,13.4,0.0,2.8,15.6,25.9,22.0,21.7,0.0,4.1,0.0,7.1,17.9,15.4,0.3,18.6,23.7,19.1,18.5,2.9,28.6,23.9,15.9,0.0,16.8,18.2,4.0,13.1,26.2,8.0,0.0,0.0,6.3,0.0,9.1,11.2,0.0,15.6,7.1,4.3,0.0,15.9,9.5,14.1,13.5,31.7,21.9,0.0,18.0,12.7,13.0,16.1,27.5,15.5,11.9,1.7,12.6,4.4,11.6,21.5,31.8,2.9,14.1,0.0,12.5,5.6,11.2,7.4,15.4,16.7,11.0,20.2,12.3,13.4,23.7,13.5,0.0,0.0,2.0,21.3,3.4,32.1,8.0,0.0,3.5,0.0,2.7,1,Medical
MED-0233,54.3,27.0,35.2,24.3,36.7,20.1,37.8,42.4,30.4,17.0,22.7,22.0,28.7,21.0,30.0,29.9,27.5,28.2,24.6,30.6,22.8,33.5,20.9,51.8,26.6,26.6,34.0,15.5,30.2,22.4,27.4,27.7,21.8,27.9,19.0,39.4,26.7,12.3,23.3,28.7,36.3,19.2,23.9,4.5,31.5,35.0,28.1,28.4,25.4,37.8,41.9,29.3,31.5,37.3,31.1,24.7,18.7,42.9,30.3,12.6,18.2,23.6,24.2,24.8,21.0,36.5,38.1,27.9,31.2,20.2,26.7,30.7,24.6,26.7,34.0,36.8,36.6,40.2,33.4,24.8,15.4,20.6,11.4,21.3,28.7,5.4,32.8,27.8,13.2,23.6,41.9,37.4,37.0,29.7,33.7,15.5,1,Medical
SUR-0199,35.6,11.4,36.4,8.3,32.9,31.4,21.6,31.8,16.5,17.6,23.0,13.7,15.7,28.3,13.3,4.1,25.8,18.7,5.5,34.4,19.7,17.0,31.6,19.1,15.6,21.7,0.6,31.1,31.3,22.1,11.4,31.4,3.6,23.4,21.6,24.7,17.5,34.7,26.1,16.9,14.1,18.9,0.0,48.0,12.6,15.4,38.2,20.6,23.3,21.2,17.7,25.1,22.0,18.3,42.3,18.9,23.4,26.0,25.1,31.6,8.2,16.2,5.2,26.9,24.3,24.0,28.8,37.4,21.1,23.6,33.2,23.0,23.7,0.0,25.4,37.1,17.0,10.6,10.1,20.3,23.1,19.3,0.8,11.7,28.1,28.4,18.9,30.6,6.9,23.8,42.6,23.3,24.2,12.0,17.7,32.4,1,Surgical
SUR-0108,47.5,31.4,30.9,29.7,19.3,37.6,28.0,24.1,43.5,30.3,34.4,29.3,27.6,38.8,40.9,25.0,39.4,34.9,49.4,31.5,22.8,27.2,29.2,27.7,36.9,28.8,22.1,34.3,18.9,22.0,30.7,31.1,13.2,31.5,28.8,43.0,34.0,25.0,23.6,23.5,14.7,21.9,33.4,19.5,40.8,38.2,51.8,20.7,25.4,33.0,41.3,29.6,24.5,23.1,30.7,19.2,20.9,45.6,13.5,36.1,38.1,25.7,32.3,52.5,24.3,43.6,40.3,8.6,26.7,29.5,22.0,28.5,39.2,25.7,31.4,41.2,30.6,14.1,42.0,37.8,33.1,38.2,11.5,38.1,25.3,27.7,28.5,25.9,22.5,57.5,29.0,0.0,23.7,41.9,24.8,34.7,1,Surgical
MED-0374,22.3,16.2,13.0,24.6,17.5,30.6,5.1,17.6,24.9,16.5,20.0,9.1,8.5,7.7,29.6,25.4,30.3,15.1,22.6,21.7,20.6,9.4,18.9,37.3,25.4,1.8,20.9,17.2,25.6,18.4,15.3,16.0,13.5,20.0,35.7,18.3,17.0,18.5,10.0,0.3,33.4,22.3,6.3,13.7,3.8,29.3,9.1,18.1,16.5,44.2,21.9,26.0,11.9,15.7,19.7,19.1,11.1,4.6,21.4,18.4,11.8,50.4,21.2,22.8,16.7,8.4,24.7,13.0,11.6,24.2,41.5,14.1,12.6,0.0,10.0,27.4,21.1,14.7,4.7,34.3,9.5,19.8,33.4,32.5,14.7,26.3,13.1,16.1,12.3,29.3,25.6,6.3,0.0,15.1,21.4,12.2,1,Medical
MED-0234,44.7,40.2,41.9,34.1,13.6,22.1,35.6,25.5,14.2,31.3,23.8,37.5,14.3,19.9,39.5,33.2,41.5,31.2,35.7,28.3,25.9,28.7,32.9,34.4,41.3,28.5,30.6,25.9,26.0,24.0,27.3,16.5,21.1,42.5,25.7,24.6,13.4,34.7,35.0,27.1,15.3,23.6,21.0,39.4,19.4,22.6,20.3,36.8,43.7,35.8,38.4,25.5,44.4,37.2,19.8,48.7,26.7,28.7,41.8,17.9,28.1,33.1,49.3,42.0,63.3,44.5,44.5,20.9,23.6,32.0,34.1,31.4,25.5,28.6,10.5,42.9,17.8,31.7,46.0,20.0,19.4,17.3,40.2,42.5,28.5,30.5,27.0,30.7,17.3,41.7,25.8,27.2,22.5,26.4,25.4,21.9,1,Medical
SUR-0134,30.7,32.4,40.0,29.2,27.3,46.6,25.7,47.3,34.5,33.4,32.8,35.3,37.9,34.4,25.9,32.4,29.1,53.7,41.0,28.6,57.9,31.1,44.4,35.7,32.1,30.0,46.8,35.2,34.8,30.5,30.7,40.2,16.2,24.6,33.1,43.1,50.1,31.1,42.9,29.6,39.6,62.0,31.7,42.5,37.2,25.7,17.5,21.5,40.7,20.1,29.0,21.3,40.5,19.2,31.4,43.2,36.9,31.2,18.0,29.0,37.2,28.5,36.7,21.6,41.0,33.5,44.8,43.3,28.8,41.5,52.6,27.9,48.3,38.0,47.6,48.2,54.4,52.6,34.6,36.9,30.6,30.3,28.6,24.1,48.7,24.5,40.3,49.5,35.2,47.0,38.3,26.6,36.5,59.8,35.6,40.1,1,Surgical
MED-0318,46.4,21.3,20.9,49.6,53.5,27.9,20.2,46.1,41.0,59.6,41.9,23.5,32.3,45.3,29.6,45.4,31.9,41.7,35.3,36.8,47.1,42.6,53.0,12.3,31.2,53.4,23.4,48.2,38.6,37.0,33.3,28.4,61.4,28.4,14.8,44.1,26.5,44.3,42.3,38.9,20.9,36.0,21.4,26.7,45.6,46.3,42.9,35.8,21.9,26.3,45.7,28.6,28.9,47.6,33.6,30.1,28.2,44.4,34.4,36.8,60.3,42.0,17.1,33.9,24.8,31.9,43.5,46.3,21.9,20.4,24.6,23.6,43.1,25.5,29.8,28.7,30.3,41.1,26.1,37.2,28.5,40.2,29.9,51.8,21.9,34.0,26.3,20.9,37.2,60.4,48.3,45.4,43.7,35.5,13.4,38.0,1,Medical
MED-0411,19.1,28.0,23.6,12.4,0.0,32.7,17.4,18.7,20.5,0.0,7.3,27.8,23.2,21.7,11.8,22.5,2.2,17.8,25.3,0.1,12.8,11.0,0.0,2.3,19.5,0.0,26.0,8.4,25.7,15.1,31.3,15.6,8.8,10.3,24.5,19.4,15.6,10.1,21.8,25.4,24.8,22.1,20.7,1.1,37.8,14.7,19.9,13.8,4.8,24.1,11.7,2.7,21.7,12.9,21.5,5.8,16.1,11.4,17.3,7.1,10.4,25.2,26.7,23.1,37.5,23.6,25.7,17.2,21.0,26.1,5.9,23.8,23.5,16.0,1.9,14.5,15.9,15.6,15.9,16.9,22.9,20.9,19.1,23.8,24.2,26.9,15.1,8.1,21.0,9.1,4.4,37.1,24.9,6.2,19.2,7.1,1,Medical
SUR-0218,29.6,30.6,23.9,23.9,24.3,15.9,15.8,26.1,13.8,15.7,21.8,27.6,15.4,13.9,21.8,0.7,30.3,27.4,22.6,17.4,26.9,23.9,27.3,14.2,8.7,26.6,12.0,36.7,18.9,15.3,38.2,22.1,11.9,36.6,21.8,24.8,23.9,11.2,3.9,17.5,18.4,24.4,30.7,23.6,21.4,39.2,37.1,10.6,15.3,0.0,13.7,26.0,15.9,21.9,10.3,31.2,11.8,5.2,17.4,17.9,11.6,20.5,36.2,18.6,21.8,11.8,25.2,30.9,26.8,11.3,28.4,21.7,52.2,41.4,30.8,7.8,10.2,10.0,20.9,19.0,0.8,17.5,36.0,27.5,4.4,16.7,18.6,23.9,17.8,25.2,17.6,33.9,4.2,5.7,32.6,36.2,1,Surgical
MED-0359,7.1,20.8,0.0,11.3,14.3,4.0,16.5,22.4,21.5,6.6,16.7,7.7,19.4,26.9,0.0,7.0,12.5,11.1,27.7,23.7,21.2,18.8,23.4,27.8,22.8,20.6,14.0,6.9,4.7,15.7,0.0,26.8,8.7,16.5,28.7,10.8,16.4,26.9,12.1,20.4,12.4,25.3,18.0,4.8,14.9,19.9,24.0,13.8,15.8,19.9,15.9,10.3,1.4,0.0,27.3,14.4,4.5,15.0,10.2,20.7,24.6,2.0,28.3,8.5,30.1,19.4,12.1,14.2,11.0,8.6,0.9,7.9,12.4,23.3,0.0,5.9,0.0,15.9,11.7,39.4,0.2,21.6,13.0,6.5,21.1,11.4,18.9,18.2,22.5,6.9,14.6,24.9,13.2,14.0,15.4,12.4,1,Medical
MED-0259,7.7,14.6,22.8,34.3,26.5,22.3,31.5,41.5,30.5,30.1,13.2,25.6,30.7,45.2,28.6,52.7,20.6,35.0,44.4,9.1,26.8,36.0,32.0,46.2,32.8,47.6,28.4,25.8,26.9,22.4,12.9,25.9,23.2,51.0,18.8,43.1,41.0,37.1,12.6,45.4,48.3,18.3,28.7,32.9,20.4,34.4,26.0,31.9,21.4,23.8,26.0,26.3,30.6,28.5,25.7,38.2,39.6,23.0,38.1,19.7,29.4,3.8,23.4,32.7,32.6,23.7,14.2,37.2,18.3,41.5,45.5,32.3,31.2,22.9,54.9,17.2,31.7,23.1,34.4,29.0,20.7,30.0,18.4,11.6,46.1,34.6,28.7,13.2,26.1,31.1,25.4,36.6,7.6,34.8,55.6,39.0,1,Medical
SUR-0128,27.3,22.2,12.5,21.3,34.0,29.5,18.8,28.3,20.9,38.4,29.3,23.5,27.2,40.4,15.7,35.3,18.4,24.9,30.3,36.9,40.2,27.0,27.9,16.5,28.4,20.4,36.7,1.1,7.0,17.7,26.1,35.4,35.4,45.0,20.1,22.3,35.7,25.5,37.2,37.5,25.7,32.0,31.5,37.8,33.5,29.1,30.3,48.0,14.1,25.5,35.3,13.3,35.5,23.6,28.1,34.9,24.0,35.8,43.7,39.6,26.3,17.9,37.0,24.7,35.5,49.9,29.8,22.8,28.1,27.0,14.8,39.6,22.8,39.0,27.3,27.4,29.9,34.3,0.0,26.7,40.1,28.9,28.7,40.7,30.5,45.7,13.6,20.1,30.0,39.4,26.7,21.5,20.4,27.4,17.7,24.8,1,Surgical
MED-0283,27.2,19.2,13.6,23.2,21.4,28.3,13.1,10.2,19.6,26.6,1.3,45.5,35.1,30.8,25.2,21.0,25.9,23.9,38.2,25.9,32.2,36.9,32.1,47.9,35.2,12.2,32.0,15.0,23.8,18.2,22.5,35.6,35.0,31.1,11.3,20.4,47.7,37.3,33.5,15.0,29.1,30.8,37.9,45.6,24.0,25.7,11.9,34.9,29.8,38.5,23.6,30.6,14.0,33.7,21.0,7.8,31.6,24.2,31.7,6.9,29.2,26.1,29.7,22.1,36.6,37.9,22.2,29.7,23.5,25.1,25.1,20.0,30.5,19.6,22.6,31.9,15.2,31.3,6.5,5.7,16.7,29.6,27.0,16.3,25.6,28.5,33.6,14.7,29.3,50.4,38.2,28.2,32.6,34.2,37.9,25.8,1,Medical
MED-0377,15.6,27.9,29.8,29.3,23.7,26.1,23.2,22.6,26.4,31.7,35.7,28.7,43.7,37.0,14.2,39.8,18.7,0.0,24.2,16.7,20.8,28.8,21.5,33.6,28.4,33.0,34.0,26.4,20.5,45.2,25.8,41.4,16.3,22.0,31.0,35.2,21.6,19.9,24.8,13.2,0.0,30.7,32.2,10.2,23.3,31.4,23.8,34.3,42.0,38.5,27.4,33.8,23.3,28.1,35.4,23.6,30.2,32.8,38.3,33.5,21.6,42.5,23.2,35.4,14.7,46.8,39.7,25.3,14.0,11.0,26.1,32.0,19.7,35.8,27.5,10.1,29.2,11.7,31.1,44.0,39.7,0.0,24.1,28.6,6.7,21.7,45.1,41.8,26.4,27.2,35.7,21.5,28.8,34.2,16.5,23.0,1,Medical
MED-0385,21.6,23.2,28.3,14.8,3.6,30.2,6.1,35.0,30.2,41.0,40.1,30.8,19.4,40.4,29.5,26.4,35.5,33.3,12.7,25.1,24.3,32.9,21.4,26.3,24.4,24.7,25.5,34.9,18.9,20.1,32.1,29.6,18.6,31.3,30.9,40.9,32.7,27.1,18.6,14.7,33.5,32.4,15.5,26.2,16.7,32.1,37.6,32.6,32.3,27.9,24.7,27.5,20.8,16.6,13.4,33.6,37.2,29.8,23.9,5.9,35.4,31.4,12.1,33.4,25.5,17.2,51.1,21.4,36.4,7.5,0.0,21.9,17.4,20.6,40.0,30.9,35.1,10.0,35.6,33.4,20.9,9.7,31.1,28.5,24.6,23.5,22.4,31.4,45.9,15.3,31.9,18.0,39.1,29.7,42.0,28.0,1,Medical
MED-0225,18.2,37.9,10.5,25.4,32.2,20.4,23.9,11.7,21.3,6.4,19.6,20.0,31.3,26.3,11.4,22.4,18.8,1.0,6.9,28.8,28.0,21.2,17.1,11.0,16.5,31.4,22.1,18.1,11.7,9.9,24.1,13.6,17.6,38.5,18.3,21.7,23.5,24.0,14.1,18.3,13.3,16.1,26.4,19.5,27.0,33.1,23.8,12.4,27.2,8.3,10.9,16.2,28.2,30.4,22.0,29.6,17.7,25.9,23.9,15.9,15.3,14.4,8.3,19.9,0.0,24.0,21.3,22.8,10.2,19.4,7.1,9.0,19.3,11.1,30.5,6.1,32.7,25.1,21.7,10.0,36.7,10.9,9.6,12.5,10.6,3.4,14.0,3.8,30.4,7.4,0.0,17.7,10.8,16.1,32.8,10.6,1,Medical
SUR-0260,25.8,18.9,20.5,30.3,19.3,51.9,36.6,56.2,40.0,50.7,50.1,34.9,63.0,44.8,37.4,25.8,22.0,31.5,45.4,40.4,41.4,23.5,52.9,40.2,54.3,37.8,59.7,30.0,23.1,39.3,16.1,37.6,31.5,61.8,39.8,28.9,29.4,40.3,45.6,29.6,41.8,29.6,35.2,37.9,44.2,33.1,32.9,33.7,30.7,30.6,33.7,52.5,23.2,52.1,30.3,42.7,48.4,47.3,27.3,30.7,25.1,31.1,33.3,43.4,47.3,44.1,42.3,48.1,54.5,38.1,26.8,29.5,25.2,29.2,43.4,51.4,42.6,29.0,44.1,31.9,35.4,45.1,38.7,35.1,62.5,45.1,34.0,47.8,48.5,37.5,34.9,30.0,34.9,32.6,9.9,31.4,1,Surgical
SUR-0158,29.9,34.0,25.0,32.6,37.5,31.3,57.3,33.8,35.8,34.1,61.5,49.6,39.6,28.5,51.1,15.4,33.0,25.5,30.1,31.7,16.9,39.8,48.3,40.5,20.3,22.3,50.3,44.5,29.9,51.8,34.6,21.2,25.5,22.5,42.1,26.7,33.1,31.6,43.5,37.2,31.0,37.6,34.3,37.8,51.0,42.7,49.7,24.6,47.0,15.2,30.5,36.8,35.8,36.0,41.8,30.1,29.3,47.2,31.9,53.7,28.6,26.5,30.5,28.6,34.4,21.1,24.4,39.9,49.2,21.2,46.1,30.0,12.5,32.8,18.6,49.1,18.1,34.5,24.6,42.3,22.5,33.2,26.3,51.2,30.5,23.4,37.8,43.0,38.2,42.4,48.5,29.3,31.9,38.5,30.5,34.2,1,Surgical
MED-0473,25.2,19.5,32.2,38.5,32.3,36.0,52.0,11.3,34.6,35.5,24.3,24.4,40.6,38.4,33.1,38.9,18.3,34.1,43.5,29.5,37.4,31.1,19.9,38.9,21.1,38.0,35.4,36.9,40.7,13.9,23.7,39.3,25.9,43.7,18.1,28.8,27.7,8.9,23.5,26.8,24.0,47.8,18.1,47.7,24.7,34.7,24.6,39.5,34.9,25.6,39.4,28.6,36.6,19.5,41.0,24.3,49.7,21.9,22.7,34.0,24.5,35.4,10.5,35.5,49.0,47.7,37.7,36.5,36.2,56.9,25.3,35.5,41.5,34.7,31.9,23.4,55.5,29.5,25.0,16.2,50.3,35.9,33.2,22.4,40.6,49.6,10.6,26.6,18.7,25.7,31.2,26.3,27.7,17.7,33.9,21.7,1,Medical
MED-0348,0.0,5.1,31.2,16.6,14.5,23.9,16.5,27.7,27.1,27.0,7.2,15.0,20.5,19.8,20.5,19.0,19.3,19.7,0.0,2.2,27.1,12.6,0.7,9.8,23.7,25.2,0.0,9.8,13.2,11.8,5.0,0.0,6.5,30.4,9.4,17.0,15.8,21.2,11.9,19.4,3.5,14.0,16.2,11.2,33.8,26.1,21.1,15.2,22.8,27.2,30.9,33.2,1.0,3.2,12.3,1.4,10.7,15.7,20.3,11.3,5.2,27.1,7.8,13.7,2.8,7.2,20.8,8.3,18.2,14.7,10.1,3.7,9.7,32.1,4.9,19.9,12.3,15.9,35.4,21.6,3.3,25.2,12.1,18.3,5.7,10.8,13.3,1.8,8.3,0.0,1.8,6.6,12.7,10.6,23.6,0.0,1,Medical
SUR-0006,9.8,8.5,31.5,22.8,13.7,2.7,35.0,26.4,19.9,28.3,39.3,38.2,8.0,30.9,18.9,25.9,36.8,29.2,28.7,39.1,18.3,15.5,42.6,20.5,38.2,32.5,31.8,13.6,41.7,26.6,49.2,50.7,31.9,28.0,23.8,23.7,38.3,38.6,24.4,26.9,11.3,45.3,45.9,37.2,25.2,32.8,42.0,37.2,27.2,30.6,28.4,10.3,18.3,21.7,37.6,24.3,40.1,9.5,40.2,40.2,48.2,47.1,27.1,36.8,15.2,22.8,29.5,0.0,27.8,19.7,36.2,26.0,24.7,22.9,28.6,15.9,44.2,41.7,33.7,34.5,33.4,29.3,22.3,32.2,32.5,32.1,14.2,28.6,31.4,29.3,36.8,29.8,36.4,28.4,35.7,39.6,0,Surgical
SUR-0140,21.5,31.4,6.1,18.9,40.1,25.4,23.0,20.8,33.0,31.5,29.0,32.2,25.0,35.7,27.5,10.5,13.2,22.2,10.1,21.0,26.1,33.5,23.2,50.7,26.4,15.6,39.3,30.9,19.5,15.4,20.9,5.1,13.2,25.8,22.4,21.6,5.7,23.7,24.7,28.8,9.1,28.6,29.8,10.2,15.8,33.5,15.2,42.3,16.6,7.4,34.4,25.3,8.2,18.0,40.4,16.0,23.2,46.0,21.3,38.9,6.2,14.7,17.3,36.6,19.0,23.3,3.7,22.6,20.7,26.1,9.4,8.2,22.8,22.5,34.3,18.1,26.2,17.4,20.9,29.6,17.5,24.8,24.5,24.4,14.1,33.1,19.5,38.0,17.5,19.0,19.0,32.2,28.9,34.7,15.0,11.0,1,Surgical
SUR-0289,22.3,18.3,35.6,9.6,13.5,8.4,2.1,25.7,6.1,24.2,5.3,34.3,27.9,17.4,30.1,27.1,28.8,24.2,23.3,6.7,24.6,21.0,0.0,36.1,12.3,27.4,7.2,15.4,10.4,7.0,30.1,21.6,17.3,19.3,20.4,16.9,18.4,26.7,15.4,13.0,22.2,18.9,1.2,3.6,33.9,4.1,10.7,20.0,16.0,4.0,27.0,39.1,25.7,19.9,23.3,27.4,20.7,17.6,20.4,28.9,34.4,33.9,10.2,10.4,15.9,12.4,13.3,27.1,24.5,0.8,11.3,20.8,17.4,10.7,39.4,20.7,26.5,23.3,13.1,30.7,8.5,7.2,21.7,36.3,19.0,22.8,14.3,13.9,31.8,25.4,26.3,25.5,27.3,13.7,16.9,34.2,1,Surgical
SUR-0241,37.3,35.0,23.4,10.3,15.4,39.5,39.7,40.0,27.1,27.2,43.8,36.8,38.7,30.6,8.2,34.8,37.5,39.9,19.5,29.5,37.7,39.1,44.8,50.2,12.5,23.5,36.4,33.0,16.0,36.2,27.6,32.7,41.4,30.6,27.9,45.0,15.4,49.3,35.9,30.4,45.2,27.6,20.1,25.4,38.5,40.7,43.7,30.8,49.4,32.8,49.2,29.7,50.8,14.6,35.1,46.8,43.3,26.9,42.2,19.5,35.0,31.7,45.7,37.8,52.8,34.0,23.6,35.3,41.1,18.9,27.3,47.0,43.9,19.2,24.8,44.6,34.5,23.8,38.6,35.2,31.7,53.9,31.1,32.2,29.8,34.1,44.6,39.8,32.2,28.7,7.7,21.2,49.1,15.2,28.0,31.7,1,Surgical
SUR-0223,14.7,24.8,34.5,36.7,34.3,18.2,20.6,16.4,23.7,26.8,14.8,19.3,25.2,10.0,23.2,29.2,2.6,39.9,19.7,24.9,30.0,26.2,31.2,18.8,21.8,32.4,26.5,6.5,19.4,14.6,43.9,23.0,37.1,35.8,10.3,3.7,28.4,18.8,15.9,24.8,23.5,26.8,16.2,19.9,15.4,31.0,37.1,13.3,14.6,22.2,26.5,23.9,24.0,11.8,8.5,30.8,24.2,29.9,16.8,27.8,13.7,24.6,43.3,14.2,19.9,18.6,28.4,29.5,15.2,31.3,33.0,21.3,21.0,37.1,31.6,16.8,46.6,28.2,31.7,13.9,13.0,26.8,30.7,26.0,14.8,0.0,36.3,27.7,22.6,23.7,12.9,34.5,17.6,33.4,19.0,30.1,1,Surgical
SUR-0120,13.7,10.0,4.2,0.0,12.9,23.6,9.7,8.6,8.5,6.2,4.2,13.4,0.0,1.5,11.5,12.5,15.8,15.0,20.2,0.0,7.1,1.6,0.0,31.9,20.9,38.0,19.9,0.9,14.6,6.4,24.3,18.0,12.4,19.3,3.1,21.7,22.0,0.0,0.0,18.5,11.1,12.1,6.5,20.6,10.4,4.3,0.0,16.7,18.8,35.0,11.7,8.7,3.8,0.0,16.8,5.0,13.9,7.9,14.2,21.9,15.1,9.8,0.0,7.4,15.4,22.9,13.4,1.6,3.0,22.8,8.2,4.5,15.0,17.4,0.0,4.9,43.4,0.0,22.9,11.2,0.0,0.0,0.0,26.8,14.5,5.2,19.0,15.6,20.4,20.9,11.5,20.7,5.7,4.6,15.9,13.9,1,Surgical
SUR-0186,28.5,46.3,51.1,38.7,41.1,36.6,27.8,38.0,37.9,55.4,33.0,30.7,40.9,41.4,45.2,41.6,46.9,43.1,38.5,28.7,41.0,34.4,36.3,32.1,40.4,35.0,35.1,44.8,26.8,47.0,54.5,39.2,57.8,33.0,33.4,29.5,35.6,34.8,38.6,48.3,45.6,39.3,52.8,35.2,48.3,46.4,42.1,45.3,47.7,21.9,33.7,20.5,27.2,44.3,55.3,39.8,35.8,37.7,32.8,18.0,27.5,37.7,24.2,47.5,51.2,38.6,39.8,43.2,43.2,46.8,23.3,50.6,41.7,47.5,35.8,35.1,27.6,11.0,57.3,41.0,42.2,32.2,43.4,45.3,39.0,32.0,38.0,44.8,46.2,38.0,45.8,39.2,33.3,45.5,56.9,37.6,1,Surgical
SUR-0146,28.0,35.6,30.0,31.3,47.8,32.3,53.7,28.7,28.2,30.5,45.8,59.2,42.2,49.6,25.0,37.4,24.4,22.5,45.4,19.2,19.1,40.0,36.2,26.3,38.8,26.8,40.4,34.5,43.8,21.2,30.1,40.8,31.6,25.3,31.4,21.4,31.4,36.8,8.7,42.9,42.6,21.8,32.9,40.4,31.3,32.9,37.2,35.9,45.0,40.6,24.8,30.5,21.9,42.4,30.7,20.0,48.5,31.4,16.1,38.5,35.8,43.7,49.9,8.5,22.0,20.4,38.0,39.7,36.4,24.7,37.0,27.8,23.3,13.7,28.0,29.3,24.3,24.1,36.5,24.2,31.1,46.6,40.5,37.0,55.7,21.8,41.2,25.9,35.6,26.8,37.3,33.1,36.8,37.8,36.8,48.7,1,Surgical
SUR-0179,16.7,37.0,41.6,23.7,27.4,34.8,40.8,17.6,27.2,46.3,19.4,27.0,33.2,36.2,17.6,31.2,30.4,44.4,29.9,40.1,57.8,29.7,23.5,18.6,18.4,34.0,7.8,20.0,38.1,33.2,33.7,16.4,28.8,31.5,32.1,39.1,25.3,23.7,23.6,39.8,19.5,38.9,32.1,35.7,35.8,25.3,43.3,53.8,13.8,43.9,32.1,46.0,31.4,19.5,25.5,34.4,32.2,15.1,39.3,24.9,46.9,40.8,30.9,24.5,29.7,48.5,28.0,7.1,23.7,22.7,26.4,24.2,9.9,45.6,31.9,28.9,38.0,22.4,27.5,30.9,33.1,45.9,29.1,39.8,36.1,31.0,29.0,31.9,28.5,11.9,38.7,25.4,45.0,38.8,34.0,46.4,1,Surgical
SUR-0057,31.1,23.0,35.7,33.7,36.7,24.9,19.6,31.1,41.7,44.4,44.2,46.5,41.1,15.9,9.5,46.2,40.0,35.6,15.5,37.6,41.5,28.0,39.7,29.6,22.7,43.0,29.9,8.4,27.8,25.7,34.3,23.0,44.6,32.9,29.6,42.5,14.9,18.2,45.8,48.1,39.6,21.8,15.7,61.4,44.7,54.1,47.0,25.1,63.4,45.7,36.1,35.2,39.0,46.6,40.6,26.3,36.4,22.6,30.6,38.3,19.1,49.6,33.1,40.3,20.8,47.9,45.9,39.5,35.7,39.4,33.9,34.9,42.0,16.2,38.2,36.7,28.6,20.9,37.2,12.3,39.4,28.7,34.0,32.4,11.8,29.1,17.2,28.6,47.0,45.2,51.6,52.8,48.8,32.3,28.5,34.1,1,Surgical
SUR-0078,22.5,15.4,22.9,15.2,28.3,25.4,9.6,26.0,26.8,27.6,50.3,18.8,23.9,12.0,34.8,16.3,23.5,12.7,39.3,23.4,29.9,20.3,10.7,13.2,26.0,32.2,27.3,35.9,42.9,46.8,27.5,20.9,5.8,35.4,37.0,20.4,17.8,26.5,27.2,39.1,39.0,25.9,27.1,47.3,34.9,14.9,43.5,8.4,21.1,21.6,27.8,4.3,24.9,12.8,4.5,32.2,36.1,29.9,14.6,17.3,16.1,23.6,16.1,15.6,4.2,26.8,27.2,7.9,19.8,21.1,21.3,30.6,27.5,39.6,29.3,20.8,18.2,20.5,18.8,33.2,35.8,24.8,27.9,18.1,29.9,2.3,24.1,18.9,40.8,34.4,10.9,36.3,17.4,22.7,33.2,13.5,1,Surgical
MED-0086,45.5,21.0,32.4,26.6,40.8,23.1,34.8,33.7,11.9,31.2,27.6,29.7,24.5,34.3,22.3,39.7,36.6,17.2,36.2,20.9,15.2,27.8,27.4,17.2,14.4,26.9,40.5,25.1,40.6,23.6,10.2,29.8,31.1,38.2,18.9,19.5,45.8,30.4,35.9,17.0,37.1,31.7,30.0,7.8,38.5,48.4,19.9,33.9,13.0,14.4,46.6,49.8,23.7,30.0,29.9,37.4,26.9,28.5,15.4,11.8,22.9,29.5,24.8,32.1,24.1,21.1,35.5,18.4,17.2,17.1,46.0,21.4,17.2,32.0,37.5,14.5,12.6,36.8,30.3,34.0,23.7,16.1,28.4,46.3,39.4,35.2,23.3,28.5,27.2,18.8,31.6,18.8,31.5,35.6,28.7,35.9,1,Medical
MED-0243,33.8,51.4,40.0,34.3,60.9,65.7,28.1,38.7,33.9,47.1,33.5,31.6,33.6,46.5,38.7,27.3,32.9,45.0,18.9,54.0,31.7,58.4,42.9,31.3,50.3,31.3,44.0,60.0,21.8,47.6,24.8,38.0,27.3,40.8,29.7,51.0,53.4,52.2,35.6,28.9,42.5,31.1,36.9,38.5,27.3,31.8,31.4,37.4,34.7,45.7,43.3,25.0,31.7,37.8,13.8,41.7,35.0,31.9,40.5,32.1,37.9,42.5,23.9,41.1,33.9,40.2,33.2,35.0,20.2,33.2,37.1,49.5,18.0,26.4,54.8,40.3,23.9,35.6,54.8,53.0,45.7,46.0,39.9,42.8,53.2,37.7,32.1,40.9,46.7,35.5,30.0,21.0,53.7,53.9,44.3,45.4,1,Medical
MED-0160,29.5,22.6,13.1,13.8,7.4,9.2,21.9,15.4,14.5,9.6,17.4,40.5,26.4,20.6,6.1,28.7,20.1,11.1,18.0,26.6,32.1,26.7,19.4,17.1,12.3,22.6,14.2,16.0,21.3,28.7,17.9,11.1,34.2,26.8,37.8,12.0,53.6,22.4,32.2,14.0,26.6,19.4,46.4,22.6,36.3,11.6,14.1,14.2,21.3,11.7,19.2,31.4,40.6,19.8,49.9,18.1,7.9,19.5,2.7,12.6,39.9,33.0,36.2,30.4,21.8,28.1,27.7,22.9,22.5,32.9,13.5,23.7,34.1,24.3,0.0,23.8,22.4,13.7,22.4,30.5,13.2,9.9,11.9,32.8,17.0,16.4,28.5,15.9,19.6,15.4,26.3,34.2,10.6,33.3,23.1,22.7,1,Medical
SUR-0025,39.1,30.1,50.0,45.9,21.6,37.9,39.1,17.7,34.3,19.6,21.4,44.6,20.5,31.6,41.0,24.6,20.0,28.0,21.1,39.5,50.6,25.5,34.0,37.7,40.6,34.7,36.4,38.7,41.2,20.7,18.9,56.1,34.1,29.7,16.1,38.3,37.5,23.7,21.8,33.1,48.8,43.1,30.8,31.1,55.6,39.8,40.3,37.9,34.4,40.2,33.4,24.9,52.6,39.7,30.1,21.3,17.4,15.2,43.0,34.9,19.6,34.4,32.1,40.0,24.1,32.7,33.0,48.2,16.3,35.9,29.8,40.3,37.5,42.6,21.4,44.0,48.7,16.0,38.0,32.2,41.4,27.0,42.4,29.2,37.5,35.8,13.1,30.0,27.0,36.6,30.1,46.7,56.8,48.9,25.5,32.6,1,Surgical
MED-0036,42.6,27.8,29.3,27.3,34.5,52.9,34.5,35.1,31.9,32.1,39.8,19.0,33.8,31.0,37.0,29.0,22.1,17.1,41.3,34.5,41.8,39.6,49.4,32.2,35.0,43.1,15.0,33.6,34.3,44.8,20.7,36.6,47.9,22.0,49.0,52.9,25.1,34.9,52.8,47.3,38.2,28.5,28.0,24.6,45.6,31.7,29.0,50.3,44.6,39.2,34.0,48.7,26.5,50.7,30.5,39.2,35.4,31.4,43.7,47.9,24.9,53.2,39.3,19.6,41.6,46.2,31.9,50.7,37.7,22.1,29.5,20.0,35.2,25.8,44.0,46.0,42.5,34.3,43.2,38.7,41.2,37.8,33.9,31.7,30.6,24.4,38.9,29.3,37.4,39.0,37.9,40.8,27.9,35.8,34.3,53.8,0,Medical
SUR-0041,11.1,21.2,0.0,19.1,0.0,15.5,0.0,2.9,0.0,0.0,33.9,21.1,10.3,5.4,1.1,8.4,1.2,10.9,6.8,1.0,22.9,4.5,14.8,2.3,0.7,7.9,23.2,0.0,2.7,2.6,15.4,0.0,0.0,2.8,4.3,11.3,25.5,1.6,7.6,1.9,29.7,13.3,4.5,24.5,7.4,33.3,0.0,8.1,13.9,10.8,2.8,11.9,10.2,0.0,10.9,18.3,10.4,4.6,0.0,20.7,0.0,0.0,23.8,16.0,4.0,5.6,9.1,7.7,14.6,0.0,0.0,10.8,9.0,19.4,12.3,32.1,27.9,0.0,0.0,16.3,3.2,16.8,9.9,0.0,10.9,9.2,9.1,11.2,14.2,2.3,0.7,14.3,26.1,21.7,8.0,9.3,1,Surgical
MED-0171,11.6,24.0,17.6,12.6,38.3,9.1,32.3,35.1,25.6,18.9,27.6,40.4,19.3,33.9,27.0,16.6,37.1,29.6,32.1,33.1,24.3,27.6,13.8,30.3,28.0,22.4,19.1,45.6,26.8,27.8,15.6,12.0,19.6,21.2,0.0,32.9,10.4,18.7,29.5,23.2,12.1,17.6,26.2,20.7,28.1,31.7,31.3,32.1,27.6,32.2,11.9,31.2,35.5,26.0,31.4,22.9,15.5,25.9,21.0,17.5,30.8,21.6,30.2,36.8,40.4,34.0,12.9,27.1,18.8,20.9,27.3,39.5,32.7,2.3,19.0,29.1,28.9,20.3,41.7,14.6,32.9,5.7,8.9,18.1,15.2,24.4,3.8,12.6,8.4,24.6,16.6,23.4,27.1,11.7,33.6,30.5,1,Medical
SUR-0155,28.7,40.8,30.4,33.6,20.6,26.8,20.7,31.6,13.4,36.4,31.1,17.0,45.5,25.7,6.7,30.6,26.2,38.6,28.4,31.7,39.1,35.2,29.7,30.9,43.9,22.7,54.3,30.0,20.9,28.1,15.8,24.6,25.8,23.7,35.6,34.6,26.2,26.3,23.8,42.0,42.3,23.6,23.4,18.9,43.1,28.0,30.5,31.8,18.9,29.3,17.1,8.2,22.4,17.5,25.3,18.5,44.2,18.0,39.0,22.4,29.5,23.8,21.7,19.2,27.7,43.3,16.3,17.3,26.3,29.8,29.3,41.1,37.5,25.8,28.1,41.2,23.3,39.9,27.4,28.0,13.4,29.0,5.7,2.4,40.5,31.7,19.2,21.7,20.9,29.8,26.2,25.7,28.3,22.4,34.1,41.7,1,Surgical
SUR-0188,15.9,0.0,12.1,2.2,0.7,0.0,3.5,0.0,0.0,8.7,12.8,12.9,24.4,4.2,7.1,26.9,0.0,9.9,14.4,4.9,12.3,6.9,0.0,17.6,0.0,0.0,4.8,11.8,0.0,17.9,1.2,0.0,9.5,2.6,3.6,0.0,13.0,0.0,0.0,13.2,0.0,1.6,12.7,0.0,4.7,0.0,0.0,3.0,3.0,10.1,0.0,0.0,9.9,6.4,14.2,0.0,12.6,2.9,0.0,0.0,7.6,7.5,7.1,11.5,22.7,0.0,0.0,0.0,0.0,0.0,8.5,6.7,0.0,16.0,38.8,0.0,3.8,0.0,0.0,0.0,9.7,0.7,0.0,0.0,18.5,0.0,0.0,15.9,0.0,0.0,3.3,2.1,0.0,0.0,0.0,0.0,1,Surgical
SUR-0180,21.6,24.0,40.4,29.1,37.9,9.4,29.4,36.6,23.4,38.9,3.8,16.9,17.9,24.8,16.1,22.2,27.1,26.7,32.8,19.1,25.4,15.1,34.2,28.2,35.4,20.6,26.2,31.6,20.3,23.6,8.0,31.1,26.1,19.6,24.9,17.2,29.1,25.9,28.5,10.0,42.0,14.1,29.2,31.7,12.0,18.4,25.0,16.0,26.6,45.4,28.5,25.6,22.1,21.4,9.0,28.1,21.3,24.1,32.8,25.0,8.9,25.4,12.2,13.9,11.2,14.1,23.9,32.6,37.9,35.7,6.7,22.5,49.6,26.8,29.9,26.7,7.1,21.3,38.8,41.2,39.4,27.9,34.8,18.1,24.1,22.9,21.8,25.5,20.7,33.0,37.2,14.1,23.9,9.5,35.1,31.9,1,Surgical
SUR-0253,24.9,39.0,33.9,41.8,43.2,29.2,25.7,3.0,32.5,28.9,36.1,18.2,40.4,17.8,31.5,16.5,35.6,19.2,38.3,38.0,22.9,47.3,25.8,36.5,36.6,23.8,39.2,22.7,22.3,26.7,34.7,30.6,39.2,30.5,41.6,26.1,41.5,13.4,30.6,33.2,34.6,24.3,52.1,29.1,47.0,23.2,33.1,35.8,7.2,31.8,16.6,33.8,43.5,23.0,29.3,33.3,33.4,33.7,31.0,19.2,54.3,28.7,25.5,43.9,23.0,34.9,25.1,36.5,18.3,14.7,37.4,19.8,35.8,28.9,27.2,28.3,34.9,54.6,19.8,40.7,33.8,45.3,36.3,30.7,34.6,35.2,35.0,29.9,26.0,33.0,47.1,34.2,22.3,52.1,20.9,35.2,1,Surgical
MED-0096,31.6,22.1,21.9,24.6,6.8,24.4,0.0,32.6,17.0,32.2,41.0,20.6,19.0,24.1,25.5,7.1,13.9,18.0,18.7,6.3,42.8,26.5,19.5,29.0,13.5,21.9,29.8,26.2,23.3,16.5,30.4,35.2,10.7,28.1,22.2,27.1,15.7,32.9,27.6,18.4,42.8,22.7,23.9,17.2,14.0,10.3,28.9,29.8,25.3,18.4,37.1,4.3,21.2,28.1,18.3,11.4,35.4,36.8,21.2,33.2,38.6,22.6,17.9,36.2,17.2,42.4,24.9,13.3,38.3,24.3,25.8,23.6,20.0,43.9,39.9,35.8,27.8,37.6,38.3,21.3,30.2,42.6,30.8,27.4,31.3,28.3,10.4,23.9,48.5,31.5,13.3,28.7,16.4,25.2,24.3,31.4,1,Medical
SUR-0064,24.8,11.4,9.5,0.0,13.4,16.9,14.5,11.1,23.1,26.7,20.9,35.1,23.7,32.4,5.1,18.2,18.3,6.2,13.8,26.7,15.5,42.3,0.0,17.6,21.2,15.4,27.8,0.0,7.7,18.5,0.0,35.8,12.1,0.0,16.4,0.0,26.4,10.4,17.7,15.3,30.4,24.4,0.1,18.7,0.0,18.3,37.4,15.0,12.9,31.6,16.3,26.3,6.7,15.6,32.5,20.3,12.0,25.1,19.6,22.6,21.4,31.3,24.7,12.7,13.2,17.1,18.2,16.1,25.4,18.3,11.3,26.2,21.6,10.5,7.2,14.6,19.9,0.0,22.6,9.6,25.9,20.7,10.4,23.4,0.0,25.1,0.0,33.3,24.1,7.2,4.6,26.7,16.3,13.8,1.5,26.2,1,Surgical
MED-0241,38.7,33.4,36.1,32.2,32.2,26.6,22.5,43.1,23.4,50.6,35.7,6.7,31.2,42.7,36.2,31.3,31.3,21.9,30.1,18.3,27.6,22.2,26.5,30.6,13.6,28.1,3.6,8.9,20.0,40.2,30.1,40.1,23.8,37.5,11.7,17.8,16.0,32.5,39.8,9.4,30.4,22.1,40.0,32.0,19.4,33.5,15.2,34.0,29.8,43.7,35.4,21.1,28.6,33.4,20.0,25.6,43.7,46.2,16.0,27.6,28.4,13.9,15.3,31.1,12.1,24.0,32.9,33.5,25.4,8.3,24.7,25.9,16.9,13.3,18.1,27.5,11.4,24.0,8.0,53.2,32.6,34.3,18.9,34.5,20.5,23.6,20.4,30.2,19.2,33.6,28.8,53.5,18.6,36.6,21.8,29.2,1,Medical
SUR-0075,33.4,39.5,30.8,33.3,29.6,42.0,43.6,25.2,41.6,21.5,30.7,34.1,37.5,26.7,38.4,44.7,49.0,44.9,57.8,38.3,24.3,31.5,20.5,26.8,21.1,24.5,18.0,20.0,21.8,46.8,42.8,36.7,30.2,28.5,45.9,32.9,31.7,31.1,28.0,38.6,40.8,44.7,32.2,24.2,32.2,34.1,48.0,35.9,35.4,35.7,31.7,33.7,31.3,36.6,45.6,33.8,29.6,35.7,43.3,20.3,36.2,47.2,19.7,35.0,52.4,46.3,29.6,13.2,35.5,37.2,41.0,48.2,55.0,36.3,30.4,31.7,32.5,14.4,27.0,35.2,45.0,28.4,34.5,42.0,48.6,21.4,30.2,49.3,43.8,22.5,41.2,40.1,38.9,37.0,22.7,27.6,1,Surgical
MED-0461,25.8,29.3,16.5,23.4,31.2,14.7,13.4,13.7,24.1,32.6,26.4,24.0,19.6,22.8,39.5,18.7,3.0,9.3,22.3,19.3,19.2,33.9,0.0,11.5,6.9,40.2,18.5,31.0,16.4,32.7,16.6,10.6,15.2,20.4,13.1,25.6,28.0,17.4,20.1,24.6,8.9,17.0,34.3,40.2,24.3,11.6,4.9,3.0,1.1,23.5,23.5,3.8,31.6,7.0,23.1,20.4,15.0,36.3,14.4,36.2,11.1,41.2,30.9,2.2,21.1,28.8,37.8,21.5,29.2,21.1,11.6,29.4,19.6,37.0,0.0,30.1,10.5,35.5,32.1,7.7,8.2,21.4,8.5,14.6,29.6,12.8,16.1,16.4,24.8,8.0,27.3,20.1,25.9,32.5,18.0,16.9,1,Medical
SUR-0054,31.5,34.9,21.6,20.5,35.0,19.9,18.8,30.4,30.3,34.5,32.0,20.2,31.8,27.2,26.8,37.0,33.1,34.0,5.8,30.9,9.5,23.5,21.2,26.5,29.7,17.6,17.5,20.1,27.4,18.1,5.0,32.3,23.9,14.5,25.3,22.7,27.8,28.1,26.1,21.2,26.2,14.5,15.5,26.7,32.7,21.5,22.9,20.1,33.7,29.6,16.6,27.9,20.1,6.8,23.8,28.6,12.1,22.7,29.1,47.0,12.0,22.4,21.3,27.8,19.8,13.7,28.1,21.4,39.2,23.1,38.7,27.1,20.5,28.8,11.0,30.7,19.4,25.7,36.4,21.0,35.8,34.0,25.0,18.6,25.2,22.7,41.5,38.8,8.2,27.8,38.2,35.0,25.0,21.5,9.5,27.1,1,Surgical
SUR-0205,28.6,26.4,33.4,45.1,21.1,37.1,40.6,21.3,33.0,23.1,27.4,49.3,14.6,38.2,31.6,24.3,38.3,36.1,34.3,41.8,25.6,31.6,29.0,31.3,31.5,18.0,21.8,33.2,28.8,6.1,24.4,43.1,42.9,18.5,35.7,29.9,27.4,42.9,19.2,26.6,35.0,19.3,52.7,33.1,43.6,22.1,33.8,50.1,26.3,22.5,41.8,29.7,28.5,49.4,29.6,29.5,30.8,37.4,20.3,34.8,21.7,39.5,21.6,42.8,36.7,51.1,14.6,27.4,20.8,26.8,30.0,33.9,39.6,16.5,34.8,48.8,17.4,46.4,49.2,35.9,30.1,32.7,21.9,30.8,36.1,32.3,38.9,26.8,50.6,37.9,27.7,49.9,32.3,12.7,40.3,41.4,1,Surgical
MED-0207,0.9,16.7,20.9,19.1,1.0,4.9,0.0,3.0,0.0,0.0,0.0,0.0,6.6,5.3,5.2,7.4,0.5,9.0,24.0,0.0,14.1,5.2,8.6,4.1,11.7,0.0,14.1,0.0,19.3,0.0,0.0,2.3,0.0,0.0,0.0,3.1,22.9,4.4,0.0,0.0,10.5,11.4,2.3,0.0,10.0,0.0,0.8,0.0,0.0,0.0,2.9,18.6,0.0,10.7,8.7,0.0,0.0,15.8,0.0,3.9,18.3,17.4,0.0,0.0,0.0,5.4,0.0,0.0,0.0,0.0,0.0,0.0,4.7,7.6,6.7,8.8,0.0,0.0,0.0,0.8,0.0,0.0,1.0,0.0,10.1,0.0,0.0,10.6,14.4,13.1,0.0,1.4,6.4,0.0,5.5,6.3,1,Medical
MED-0393,12.9,0.0,4.9,11.7,8.7,18.0,24.0,14.0,1.9,0.0,16.1,19.2,13.6,9.8,0.0,18.1,31.2,0.0,9.9,0.8,0.0,21.5,6.0,5.7,2.5,3.1,16.1,13.8,19.6,19.9,20.3,13.5,0.0,23.8,2.4,26.1,0.0,15.7,35.1,6.3,26.5,12.7,17.4,15.3,4.5,2.3,24.8,13.6,9.5,21.4,12.2,19.0,0.8,9.6,0.0,19.3,29.3,18.1,8.8,15.4,3.5,17.0,10.9,28.4,30.7,27.4,16.0,16.7,6.6,10.3,9.0,9.3,11.2,7.5,12.0,35.6,10.6,22.1,14.1,2.5,9.7,18.8,20.6,0.0,20.3,5.7,12.2,25.5,11.6,21.8,21.9,4.5,3.8,12.4,8.2,22.6,1,Medical
MED-0398,31.0,13.3,6.2,29.8,28.5,13.1,27.7,29.3,12.0,20.7,13.3,9.2,33.7,14.8,18.1,16.5,19.8,5.4,15.1,21.9,12.2,7.7,12.0,31.9,17.6,4.8,0.0,26.0,30.6,20.0,5.5,16.5,14.6,19.1,32.2,21.5,33.5,32.7,14.4,23.0,24.5,22.6,24.2,13.7,17.2,14.3,16.8,18.5,29.5,5.5,24.2,8.6,17.3,21.5,7.1,22.8,17.8,18.8,34.7,33.9,23.4,20.0,20.9,39.2,16.1,16.1,8.9,18.8,11.6,28.5,7.6,21.7,20.8,7.0,18.7,31.7,25.0,21.6,33.1,13.9,19.6,7.5,34.6,22.6,17.2,17.5,7.9,47.9,15.0,18.8,19.8,15.2,16.5,7.1,7.6,28.2,1,Medical
SUR-0181,39.2,19.5,26.4,23.5,33.6,24.5,55.1,32.7,30.7,20.1,10.9,30.8,40.2,31.3,37.8,42.8,21.0,33.3,17.5,45.7,5.4,39.3,28.8,35.7,37.5,33.9,41.4,56.1,15.1,30.7,12.0,16.9,33.3,33.5,25.0,13.9,25.6,38.5,29.7,15.0,32.0,12.8,38.3,42.5,26.0,23.3,0.0,24.7,20.5,5.0,31.4,19.6,27.8,21.9,27.0,30.3,15.7,16.9,43.4,38.2,23.1,47.7,22.2,38.9,11.2,18.4,15.5,45.9,31.9,26.5,27.8,41.9,24.4,18.9,52.0,19.7,10.3,37.4,17.0,47.9,27.9,22.7,19.6,39.1,8.2,18.1,27.7,24.3,21.6,33.0,31.7,53.3,44.4,38.5,13.8,20.4,1,Surgical
MED-0218,30.0,24.0,20.7,0.9,11.7,14.1,4.3,33.5,26.8,16.5,8.8,8.2,1.8,20.9,22.6,23.9,28.3,4.5,36.2,3.7,23.5,27.4,4.6,21.7,33.7,19.8,25.8,5.3,43.2,27.5,11.0,24.3,12.1,10.0,28.8,14.8,23.1,29.2,22.5,30.3,9.5,25.0,9.5,23.7,30.4,24.0,6.0,27.3,7.2,23.0,23.4,5.1,18.6,13.0,21.1,8.8,7.8,0.0,26.5,5.9,26.8,22.6,0.0,10.6,12.1,19.5,21.9,10.3,0.0,24.8,21.1,5.9,22.7,31.0,27.3,34.7,22.6,7.5,24.4,17.9,19.6,26.1,38.2,38.5,25.5,21.7,23.8,15.6,14.2,23.4,11.8,14.3,0.8,10.5,28.8,0.0,1,Medical
MED-0005,69.9,74.8,65.0,81.1,79.3,68.5,64.8,58.5,75.3,60.6,62.4,66.4,60.4,72.2,78.8,69.4,77.0,93.1,61.2,72.9,79.3,49.8,54.0,62.2,63.3,55.7,49.6,71.8,59.1,48.6,62.2,68.6,60.4,50.2,61.5,76.0,66.9,87.7,70.3,57.9,67.5,69.4,83.3,51.8,71.9,76.4,58.9,76.0,56.1,37.3,54.6,65.4,62.6,54.6,60.9,93.1,59.4,49.3,51.0,73.9,75.4,61.1,50.3,58.0,58.2,72.9,77.7,78.3,76.2,54.5,46.0,59.5,63.1,48.1,69.6,66.6,57.9,66.2,75.5,61.9,66.8,66.9,49.9,48.9,51.5,74.7,57.2,76.5,74.6,67.8,63.3,65.9,82.3,62.6,69.9,70.4,0,Medical
SUR-0143,15.0,13.1,12.6,5.4,0.0,10.9,0.0,0.0,0.0,0.0,0.1,5.1,13.2,13.0,0.1,6.8,22.8,23.5,13.8,16.5,10.9,18.1,18.9,0.0,0.0,13.2,5.6,7.2,14.4,11.2,6.4,24.7,0.0,10.7,5.6,17.5,9.9,0.0,7.6,7.6,26.8,6.6,5.5,8.8,10.8,3.9,4.6,11.3,31.7,0.0,0.0,0.0,16.8,24.4,3.1,24.2,0.0,22.1,23.9,19.8,17.7,5.8,22.3,14.7,14.0,28.5,6.6,21.2,3.7,7.9,6.6,24.8,18.1,0.0,12.0,1.3,21.2,0.0,23.5,14.0,4.0,9.4,14.6,14.4,9.2,0.0,26.9,8.7,28.6,13.3,1.6,8.3,20.1,21.3,4.0,5.4,1,Surgical
SUR-0217,27.8,32.0,31.1,19.3,25.9,10.6,25.9,30.9,20.3,31.5,23.9,0.1,12.9,43.9,22.6,0.0,28.3,38.8,9.4,30.9,14.0,18.3,39.3,40.0,13.7,13.2,27.5,19.7,21.2,12.8,24.5,14.7,27.1,3.4,20.5,36.9,22.1,19.9,21.3,6.5,28.6,1.8,22.9,28.6,33.5,6.6,16.0,39.3,6.4,33.6,16.3,7.8,25.4,17.5,21.6,37.5,22.9,34.6,24.6,40.5,25.4,9.6,24.0,30.1,30.5,19.2,20.7,36.4,16.2,15.0,15.6,34.1,13.4,48.0,28.6,9.8,2.1,15.9,18.5,19.8,11.9,30.4,22.1,16.5,23.2,40.1,19.3,14.4,18.5,30.2,8.6,29.8,0.0,9.3,32.0,6.6,1,Surgical
SUR-0113,4.0,19.8,37.8,32.0,33.6,29.5,27.4,19.7,26.7,26.0,25.9,21.5,32.6,11.6,28.9,27.2,39.3,3.0,33.4,19.6,0.0,20.6,26.2,25.4,25.8,28.8,38.6,35.3,17.1,15.1,34.5,33.8,44.6,6.9,25.9,18.6,31.1,18.9,24.4,17.9,36.9,38.1,27.6,13.0,33.6,22.2,13.8,11.5,29.7,26.3,10.6,28.6,18.7,18.8,31.1,34.6,26.0,27.0,37.9,43.9,22.1,35.2,18.3,18.7,24.3,0.0,26.1,25.1,26.5,25.6,14.4,30.0,46.2,33.5,14.0,26.9,15.6,10.1,27.0,32.5,28.8,31.7,25.3,29.3,2.7,23.3,23.1,21.8,21.9,19.1,36.3,19.8,37.6,20.7,29.5,24.0,1,Surgical
SUR-0047,30.5,27.6,22.5,31.1,36.3,26.7,43.7,38.6,24.7,33.6,29.9,29.3,31.0,19.1,16.3,25.9,9.5,37.9,31.0,22.5,46.8,19.0,24.9,34.6,25.2,15.4,30.5,34.6,4.7,24.2,22.0,16.7,40.7,29.1,29.3,37.9,37.9,33.8,12.4,27.3,13.1,16.6,35.5,25.5,17.1,19.3,17.0,23.8,22.4,48.3,32.3,11.5,11.9,46.3,5.7,33.9,13.6,25.5,16.1,26.7,34.5,32.5,23.9,39.6,27.2,34.4,21.7,36.3,8.8,24.5,40.8,13.6,37.0,21.6,30.0,26.5,13.8,14.0,28.4,22.3,35.7,17.4,23.8,27.2,13.0,15.4,26.6,19.7,26.8,24.5,23.9,29.3,12.9,38.6,35.5,15.9,1,Surgical
MED-0099,40.5,31.7,31.3,21.7,29.2,20.6,33.6,33.2,46.8,12.0,22.8,36.9,26.9,44.9,29.0,30.2,28.7,16.5,17.9,39.0,27.3,20.3,34.3,22.9,24.9,3.6,19.3,27.7,25.4,44.6,38.5,36.9,31.4,26.5,37.5,20.3,35.8,35.2,8.3,18.9,27.2,32.1,27.9,31.3,37.9,29.3,16.6,22.0,9.5,33.2,39.5,18.5,28.0,31.7,18.3,18.6,19.2,29.4,20.0,2.7,22.9,32.3,31.4,25.4,36.5,28.6,33.2,5.3,38.5,33.9,22.7,14.7,19.8,42.5,37.1,31.6,32.5,11.9,27.1,38.5,6.2,35.7,27.2,35.5,19.6,18.8,19.6,22.0,32.4,25.7,33.8,11.7,18.8,32.0,23.4,23.3,1,Medical
SUR-0074,45.4,24.6,30.2,20.8,17.3,26.3,47.0,32.4,32.2,30.0,30.1,34.7,43.2,41.2,48.0,30.9,40.1,36.3,7.7,15.2,19.3,26.2,39.9,39.9,45.6,51.5,40.2,32.3,31.5,21.6,21.9,36.0,39.8,20.5,43.9,17.7,20.2,33.7,54.1,35.3,28.1,49.6,29.9,22.4,26.3,17.8,29.4,25.7,19.5,30.2,53.1,40.2,27.5,27.7,43.4,34.8,29.2,44.4,47.0,9.5,40.9,38.6,36.8,43.9,39.4,34.5,20.3,44.8,4.1,34.1,42.2,29.6,46.3,37.0,25.8,24.5,34.2,42.2,28.2,33.6,37.2,38.6,27.8,35.4,35.7,35.5,39.2,34.3,16.3,38.2,31.6,42.7,12.4,37.7,42.8,34.8,1,Surgical
MED-0407,37.1,32.6,21.2,34.0,0.0,28.9,14.8,37.5,34.6,5.6,10.0,13.1,26.6,23.2,10.2,23.7,21.3,0.0,30.5,21.8,21.7,33.0,9.5,13.2,29.5,32.4,14.4,42.2,23.8,25.2,19.8,18.1,16.7,42.5,15.9,21.0,11.7,20.8,0.0,0.0,13.4,18.6,26.5,0.7,29.3,20.1,27.1,43.9,22.3,14.9,30.4,18.8,30.8,7.6,26.9,26.1,16.8,29.3,18.9,12.6,12.0,30.4,25.2,23.0,18.5,15.1,10.8,17.6,26.9,19.3,12.9,29.5,9.6,32.8,25.9,36.1,18.0,18.0,12.6,17.2,16.4,27.9,15.5,6.0,24.6,18.3,8.1,34.1,32.1,34.9,23.4,22.6,18.0,19.0,37.7,20.1,1,Medical
SUR-0003,56.4,68.1,51.8,55.1,62.8,64.4,29.1,64.8,54.5,68.5,54.9,61.3,60.3,60.2,77.7,81.7,63.8,48.8,51.5,60.6,47.7,56.5,68.2,80.9,63.7,54.3,64.0,65.3,68.7,57.1,46.4,58.9,48.0,82.7,48.1,46.2,56.9,55.3,63.1,66.9,66.3,58.3,69.1,55.2,50.0,55.4,62.0,63.0,50.7,63.8,52.9,61.8,64.7,63.3,63.7,68.4,52.6,47.7,61.1,43.1,57.7,56.2,52.6,77.6,58.1,57.4,57.9,54.5,60.3,64.1,59.8,53.2,55.8,64.3,46.2,49.6,48.9,51.7,84.7,65.4,73.8,72.8,56.8,72.8,48.5,62.2,53.0,64.4,49.5,79.8,65.2,50.5,51.0,56.2,52.8,57.0,0,Surgical
MED-0048,37.9,13.8,34.3,17.1,25.6,39.6,9.4,23.8,13.9,0.0,19.4,25.3,32.8,33.1,10.1,20.9,11.7,2.0,29.4,27.0,14.8,30.6,28.6,8.3,3.6,27.7,17.3,3.2,11.6,15.0,13.6,16.7,26.8,26.9,15.0,3.8,37.2,29.7,20.5,11.3,21.1,33.9,11.2,24.9,50.1,21.1,9.2,27.4,16.0,3.6,27.5,20.3,25.1,0.8,0.4,29.4,24.3,20.0,25.5,1.1,21.6,6.3,10.1,24.5,19.5,27.9,22.9,29.0,17.5,18.9,33.0,23.9,38.4,27.2,25.8,29.4,32.5,29.2,9.0,0.0,24.4,40.4,13.0,33.3,35.7,19.5,25.8,9.2,32.5,27.0,27.6,25.3,38.9,37.0,34.8,24.8,1,Medical
MED-0033,62.5,43.6,56.6,47.3,53.1,54.3,63.0,36.6,54.9,59.1,48.9,62.5,24.7,50.4,42.4,33.6,43.8,31.8,43.5,48.1,51.4,51.9,55.4,44.1,54.2,56.5,51.5,33.5,47.9,48.7,73.8,42.3,53.0,60.4,46.2,40.7,54.6,44.2,59.1,57.9,37.6,41.4,59.3,36.8,59.0,39.0,47.7,56.6,47.5,45.7,45.5,42.1,54.3,45.9,43.0,53.4,51.0,64.5,76.4,54.2,51.5,46.2,46.3,41.6,54.1,39.1,46.0,40.3,46.2,35.9,47.7,56.3,42.3,52.4,52.3,52.1,56.4,56.3,40.0,50.9,50.9,61.8,54.1,45.1,58.5,46.1,43.8,41.4,47.3,63.7,53.5,48.0,54.6,72.0,41.5,43.3,0,Medical
MED-0201,9.5,6.6,28.3,35.0,16.6,5.7,38.8,9.6,14.1,23.2,22.7,13.9,35.5,21.4,19.8,12.1,30.1,35.7,21.5,7.5,11.6,5.5,16.5,36.3,24.2,13.9,19.6,28.5,41.3,14.7,26.7,22.0,13.8,22.3,26.9,25.2,10.8,20.6,16.4,15.4,29.7,31.3,19.7,19.0,5.8,27.3,5.5,19.7,28.7,31.2,22.2,25.0,30.1,31.2,7.2,22.6,19.1,4.9,22.0,0.0,16.8,34.4,16.3,15.0,28.8,22.2,36.9,42.3,13.0,24.1,16.5,17.6,43.1,30.0,5.5,22.3,3.6,27.4,0.0,9.2,13.0,16.1,32.2,17.5,7.9,19.1,39.3,22.0,22.5,29.1,15.8,27.3,19.3,31.0,34.0,23.7,1,Medical
MED-0135,18.4,11.6,10.8,6.8,23.2,3.7,34.2,14.3,8.2,29.7,28.4,35.4,36.3,20.2,30.4,22.4,32.3,22.8,0.0,11.9,29.8,28.1,17.6,2.4,14.0,20.8,20.4,10.1,29.9,14.8,2.3,33.5,8.2,23.0,29.7,38.2,33.9,35.4,13.3,11.5,20.1,9.1,55.8,15.0,22.4,0.0,17.5,14.6,24.6,17.9,15.6,15.2,37.5,18.0,37.7,23.0,17.8,17.3,15.3,14.0,18.7,25.8,13.7,22.8,17.9,24.9,16.4,0.7,26.7,31.7,30.6,30.9,27.2,11.9,0.6,15.2,6.6,18.5,22.5,20.3,21.3,6.6,12.1,34.0,12.0,28.3,9.1,16.7,21.5,37.4,20.6,18.2,37.2,26.9,27.6,12.7,1,Medical
MED-0028,55.4,57.3,54.5,39.4,33.0,40.4,46.6,40.0,44.0,60.6,56.6,49.9,46.3,60.0,48.0,67.9,42.5,35.7,38.4,40.4,47.1,59.4,56.8,48.5,46.8,46.9,64.6,48.0,37.2,48.3,46.2,71.5,33.8,46.1,54.3,55.2,48.0,44.6,48.9,49.2,50.8,52.6,54.2,55.7,61.7,61.5,63.7,36.9,52.1,45.6,41.1,44.5,53.0,49.4,58.8,28.4,50.8,50.7,38.5,52.3,61.0,41.8,57.0,39.4,31.4,51.2,34.7,48.6,50.5,49.5,24.6,54.0,37.3,68.4,50.5,59.9,53.8,41.1,54.3,75.8,47.8,53.0,58.0,63.4,66.7,40.6,51.2,36.8,60.9,37.6,42.4,61.1,44.9,64.5,32.6,44.6,0,Medical
SUR-0207,40.1,60.4,47.0,23.4,45.7,47.3,46.4,66.3,38.7,55.3,19.7,59.4,50.7,55.6,37.6,43.6,29.7,25.0,54.6,53.3,42.3,42.0,61.9,61.2,43.2,53.8,39.5,29.3,27.6,48.5,54.5,68.4,37.9,52.8,30.6,41.5,67.6,36.5,43.4,35.6,37.9,38.3,33.2,48.7,46.0,45.5,55.0,46.5,45.0,64.2,43.8,56.6,46.6,54.2,41.6,50.8,52.5,47.4,36.3,46.1,62.7,56.2,51.7,44.2,18.3,49.3,51.5,62.7,60.1,30.1,36.9,44.6,47.2,45.2,52.7,45.8,38.9,47.3,48.3,41.2,46.1,59.9,44.9,37.7,46.4,32.3,35.8,50.3,40.1,35.4,52.4,59.0,40.7,44.1,32.9,48.4,1,Surgical
MED-0231,12.8,19.0,30.1,11.5,31.1,46.6,19.7,8.2,28.2,19.2,22.2,17.2,27.1,31.9,31.7,36.9,21.9,18.5,41.0,29.8,7.8,33.2,26.2,21.5,14.0,28.9,23.3,3.8,11.7,35.2,30.8,18.4,46.0,9.2,21.6,27.0,7.7,23.1,28.4,25.9,43.3,16.9,28.8,21.7,24.3,24.5,48.7,22.8,29.9,31.0,23.9,24.7,28.8,15.7,18.2,28.9,27.0,3.7,21.2,35.3,27.4,9.1,11.7,17.1,26.7,18.6,50.4,16.7,30.8,32.1,21.0,19.7,22.2,21.1,8.6,29.7,36.9,21.7,30.5,36.6,18.6,3.2,23.0,36.6,26.8,38.3,22.3,37.4,16.9,14.4,31.0,2.1,12.4,24.2,35.9,14.3,1,Medical
MED-0490,42.6,34.1,40.5,45.0,29.2,41.9,39.0,45.3,25.6,36.0,43.8,33.9,16.9,22.6,36.8,35.6,31.3,41.0,40.1,28.9,32.3,45.5,51.4,28.9,35.4,52.8,31.1,39.4,41.7,45.4,32.9,40.7,30.8,44.3,42.2,34.2,35.8,43.0,46.6,30.4,25.5,39.9,15.2,46.3,37.8,41.5,37.1,31.2,44.0,38.7,43.7,26.7,28.2,41.5,26.8,58.5,30.7,36.0,15.0,16.2,32.6,46.0,46.7,39.8,36.2,40.0,52.3,43.4,43.7,50.7,24.4,39.1,38.4,42.3,25.3,23.8,39.9,36.0,39.7,43.1,36.5,44.9,28.3,34.4,35.7,39.3,36.8,54.2,27.2,56.0,22.5,28.4,57.6,49.2,46.9,38.7,1,Medical
MED-0379,18.1,11.2,27.2,8.5,29.4,20.5,11.7,3.5,0.0,19.6,12.2,12.5,14.7,0.0,0.0,19.7,0.7,21.8,21.7,8.1,11.9,9.9,20.4,0.0,0.0,16.6,1.5,11.8,3.9,20.0,1.1,0.0,0.0,18.1,11.7,33.2,14.3,13.0,0.0,21.9,13.0,0.0,17.4,9.8,3.1,5.2,0.5,4.1,25.8,7.2,14.0,26.3,24.7,14.0,12.5,11.7,14.1,8.6,0.7,25.1,0.0,3.0,0.0,0.0,19.9,23.0,10.5,3.9,0.0,0.0,4.1,11.3,21.2,15.1,10.0,31.9,6.1,6.1,16.6,0.0,19.4,8.1,1.5,9.9,12.3,21.5,30.4,12.2,17.1,0.0,7.4,9.4,2.4,9.1,0.0,22.0,1,Medical
MED-0289,40.4,16.8,29.2,30.6,48.2,41.7,36.2,36.7,23.7,30.1,31.8,25.8,24.4,23.0,31.9,33.8,28.4,23.4,14.4,22.8,30.0,29.7,16.5,24.3,45.5,25.9,30.5,16.1,36.3,29.9,26.2,17.6,44.6,17.7,43.2,43.3,40.0,44.3,6.8,40.5,25.8,7.2,41.5,31.3,44.3,34.7,25.4,38.1,40.2,21.9,40.9,16.9,17.5,23.0,39.2,36.1,30.0,32.0,45.6,25.2,50.1,30.1,32.1,43.9,31.6,6.2,36.1,4.3,18.0,40.7,19.2,41.4,23.9,33.6,21.3,11.5,35.7,47.4,29.2,9.9,29.5,29.2,23.8,33.9,50.4,37.4,14.8,19.7,25.0,36.8,28.6,41.7,36.2,17.5,26.8,30.7,1,Medical
MED-0419,20.5,50.9,22.8,12.1,9.8,9.9,35.6,25.9,23.3,23.8,25.8,29.0,15.1,21.6,4.7,21.1,13.6,22.3,22.8,25.3,30.8,27.6,36.2,0.0,18.3,23.3,20.6,2.7,32.6,17.1,20.2,17.8,27.5,35.5,21.1,15.9,33.3,24.3,37.0,12.2,24.4,25.9,16.3,25.5,11.9,25.2,23.6,43.1,17.3,23.7,24.7,37.8,17.2,0.0,45.3,8.2,42.4,12.7,21.6,21.6,28.0,37.0,7.3,2.4,22.9,13.4,12.6,12.0,29.4,4.6,25.1,41.4,21.4,26.0,35.9,24.0,32.3,7.4,22.7,8.6,29.7,31.3,37.0,14.9,50.1,12.4,27.5,22.7,35.3,13.3,8.6,25.5,25.5,23.3,11.3,20.5,1,Medical
SUR-0175,27.8,12.5,24.5,31.7,29.8,20.2,31.3,19.5,43.3,29.0,14.0,11.6,36.5,12.2,32.3,25.0,21.5,24.9,21.1,22.6,25.1,13.6,16.8,28.7,27.7,13.8,5.6,20.2,26.1,7.4,19.0,11.0,22.7,8.0,28.1,24.2,22.2,39.3,32.6,22.1,0.0,35.2,20.5,44.5,28.1,27.8,28.1,22.2,38.4,31.4,33.1,32.2,34.1,17.6,21.8,40.1,38.6,41.5,39.8,33.6,15.9,19.8,31.3,8.6,29.8,26.1,18.5,13.6,24.8,21.5,19.4,23.7,9.0,25.3,17.0,22.7,27.6,25.0,2.1,6.6,14.9,23.2,12.8,19.3,17.9,25.1,19.9,8.6,13.2,19.2,20.6,29.4,28.6,16.8,42.1,23.1,1,Surgical
MED-0392,28.2,15.6,34.5,27.4,30.4,22.3,19.0,19.2,11.5,23.6,25.2,15.3,29.9,13.0,26.8,5.1,37.0,17.4,25.6,22.4,8.9,30.0,16.3,18.5,29.0,27.3,23.5,34.0,13.8,15.1,10.7,6.9,4.0,20.7,22.8,17.4,19.6,6.2,5.2,12.5,23.5,18.7,20.3,7.7,18.5,18.9,13.0,13.1,19.9,27.7,10.2,26.5,7.0,38.5,8.0,18.5,5.7,19.0,21.0,19.9,2.7,11.0,10.5,21.3,18.4,24.4,35.4,23.5,28.9,11.1,21.7,20.2,11.5,27.5,19.6,29.6,5.0,24.0,12.0,0.0,25.0,18.7,19.4,9.8,6.3,13.6,21.3,28.2,18.8,12.9,18.5,23.6,8.5,9.7,9.6,11.7,1,Medical
SUR-0093,39.2,32.9,54.6,39.5,33.7,36.1,33.2,41.3,37.6,43.5,24.4,24.0,29.4,33.2,20.3,47.9,51.3,36.8,44.3,35.3,47.7,50.9,45.3,43.2,53.9,50.7,31.2,47.1,37.2,34.3,45.6,48.8,40.0,45.1,42.6,45.0,31.3,43.3,44.6,33.3,41.0,38.5,50.7,42.6,59.0,47.2,39.4,50.4,34.4,28.0,32.4,55.7,26.4,22.0,42.5,30.1,22.4,48.7,28.2,59.3,39.9,53.7,36.2,35.2,34.7,45.3,41.3,25.0,31.2,39.3,48.2,24.2,68.2,61.8,46.4,49.0,56.4,41.9,47.1,57.2,39.1,40.2,18.7,53.2,38.7,30.1,46.6,25.0,41.8,51.2,40.8,35.3,50.3,43.3,38.8,53.2,1,Surgical
MED-0499,20.6,24.4,3.6,5.3,30.6,35.7,19.0,21.3,2.9,15.6,24.8,20.7,11.4,15.8,2.8,18.2,0.2,15.7,10.2,9.6,17.4,28.6,19.1,19.2,20.0,6.3,7.9,6.3,21.0,18.9,7.7,31.3,1.9,8.5,22.3,27.3,13.6,20.3,15.6,33.8,3.7,0.0,5.9,5.6,19.2,7.3,14.4,5.4,5.0,9.3,4.0,23.5,15.9,19.7,15.0,15.8,5.4,9.1,28.0,20.2,18.8,4.0,2.3,12.9,12.5,0.0,0.1,28.3,21.9,25.2,28.7,7.8,19.8,32.8,12.7,17.5,10.6,6.4,9.0,27.2,12.3,16.5,15.0,19.0,22.6,30.6,12.2,0.0,4.2,28.7,23.7,26.4,0.0,14.5,20.6,22.9,1,Medical
MED-0139,52.4,60.8,36.4,42.1,51.4,36.7,37.1,38.2,33.8,31.3,35.9,54.2,49.9,54.9,46.3,54.4,62.1,41.2,51.6,27.7,53.8,54.9,46.9,58.7,43.4,31.1,52.5,43.7,53.6,66.9,49.1,43.4,58.9,64.0,58.3,49.8,38.8,36.0,44.6,41.0,43.8,39.7,62.4,59.0,37.8,45.6,42.2,49.1,56.7,35.5,50.7,58.1,56.7,52.5,55.8,45.8,54.7,30.4,74.8,46.3,49.9,41.7,59.7,59.0,56.3,50.6,61.8,63.4,39.5,40.0,51.0,33.5,40.0,29.2,38.9,46.1,48.4,35.3,40.8,51.9,58.5,65.0,38.9,48.2,37.4,28.6,40.0,65.9,60.5,37.1,35.5,54.9,61.0,57.2,31.1,51.0,1,Medical
MED-0063,15.6,24.6,54.6,27.0,25.0,21.3,32.5,27.9,45.9,55.3,42.0,51.2,22.2,33.9,33.3,40.1,37.2,37.5,31.5,53.2,38.9,16.6,36.9,34.0,36.9,40.5,43.3,47.0,40.5,49.4,32.9,54.7,30.0,51.3,36.7,40.9,31.3,43.8,29.3,34.1,47.5,44.2,42.8,35.1,33.2,50.8,27.1,51.5,34.7,51.1,22.2,35.0,33.2,41.7,48.3,35.6,25.2,38.3,40.9,33.3,36.0,35.1,37.4,35.3,45.9,33.3,52.4,37.5,38.4,40.5,40.3,37.4,44.4,28.1,44.7,38.0,26.5,42.3,42.0,36.9,43.6,40.1,43.4,27.2,38.8,29.1,28.3,38.9,45.3,31.9,38.6,41.1,44.7,50.6,43.6,40.0,1,Medical
MED-0472,2.9,18.0,14.7,28.0,5.4,3.4,11.0,17.8,3.6,14.3,20.0,11.0,16.6,6.5,15.0,20.9,0.7,0.0,4.5,20.8,2.7,25.1,25.4,31.6,10.2,0.0,15.7,23.9,0.0,15.1,27.3,3.6,7.9,3.8,0.0,20.5,27.5,17.6,28.7,19.1,14.0,16.0,28.6,19.4,13.0,0.0,19.7,8.5,31.7,14.2,24.5,33.5,6.8,0.0,10.0,0.0,12.9,9.3,0.0,4.2,18.1,19.8,22.8,14.2,5.9,9.7,25.5,10.7,15.3,11.9,0.0,16.5,10.5,17.5,12.4,2.8,11.0,13.0,31.5,8.2,21.1,11.6,1.0,11.8,23.5,21.3,14.9,0.0,24.7,16.7,0.0,5.3,17.0,0.0,31.2,13.9,1,Medical
SUR-0148,12.0,21.5,22.8,25.4,0.0,33.4,13.5,37.7,33.1,26.3,7.5,37.8,38.6,36.5,37.2,19.9,15.9,10.6,31.5,15.7,20.3,32.1,2.7,37.3,13.2,36.4,12.7,23.4,28.5,36.6,22.2,19.2,17.1,16.9,23.3,40.8,26.0,6.6,22.3,35.1,29.0,27.6,20.3,24.6,39.6,35.7,22.5,19.2,30.7,27.0,16.8,30.9,47.1,37.1,39.9,23.0,29.4,28.6,43.2,25.0,30.8,31.9,23.5,40.8,20.5,53.2,36.4,19.5,41.7,27.4,20.5,22.3,29.5,26.8,25.3,44.2,23.0,39.3,35.6,16.9,19.0,28.4,39.1,39.3,55.8,13.3,33.1,39.0,11.7,25.1,20.5,32.2,30.3,23.8,33.4,20.5,1,Surgical
MED-0129,27.3,30.4,37.1,30.9,19.9,20.4,23.9,11.6,37.3,19.3,28.0,15.9,24.3,31.0,35.4,35.8,26.4,39.2,36.7,22.0,19.6,14.4,37.0,41.2,25.7,31.8,41.7,12.9,27.3,34.8,23.5,26.9,41.0,27.6,20.4,30.8,22.4,41.8,45.9,27.3,40.5,42.7,43.7,39.5,24.6,41.7,12.5,11.7,10.0,25.5,49.5,37.8,25.6,23.6,32.9,32.1,40.0,35.2,38.4,35.5,35.3,29.6,27.1,37.5,18.5,14.9,37.9,32.9,26.8,19.9,27.8,21.5,34.1,34.6,39.5,20.3,33.7,33.3,44.6,28.1,35.8,29.1,26.7,23.6,30.9,28.6,36.0,19.8,32.6,11.2,47.0,36.5,25.0,30.7,25.1,32.8,1,Medical
SUR-0279,29.5,38.6,34.3,20.1,28.7,14.4,6.6,24.2,25.7,41.9,32.2,48.5,48.7,28.4,41.2,38.6,27.5,20.3,33.2,4.5,30.3,20.0,32.2,35.0,22.5,24.4,20.1,21.1,48.2,10.1,26.6,43.6,20.9,26.4,25.9,41.4,33.6,26.3,18.5,29.1,43.7,13.3,32.7,25.5,35.1,33.1,22.1,14.5,13.7,36.8,35.1,9.1,24.9,22.2,17.6,18.4,24.9,44.6,30.9,37.0,14.0,36.4,11.6,45.7,12.9,36.1,18.3,7.8,25.4,35.7,25.8,4.5,29.7,25.1,31.7,31.5,24.6,37.0,24.3,19.2,20.5,45.1,40.2,37.0,35.3,26.2,28.6,48.8,46.3,34.2,55.9,51.2,34.7,28.3,35.3,35.4,1,Surgical
SUR-0021,27.8,34.6,37.6,36.9,14.0,23.7,29.1,29.1,40.5,31.6,16.8,28.3,25.2,15.8,29.9,43.5,27.9,42.1,27.5,48.0,24.9,53.7,41.3,29.4,26.7,31.5,26.4,23.8,25.9,17.5,26.6,30.8,35.3,35.0,39.9,35.9,21.1,36.2,34.0,28.9,37.3,41.8,25.2,14.2,20.4,36.5,31.6,30.5,17.3,31.1,39.9,38.1,5.6,48.3,30.4,32.6,23.6,53.2,31.2,29.8,20.7,35.3,27.4,20.8,42.3,28.8,34.9,32.0,26.0,26.9,19.0,25.4,29.2,32.5,32.6,14.9,18.7,33.3,18.5,20.3,36.9,10.4,31.8,48.4,31.1,17.5,37.7,18.1,28.5,12.6,34.0,35.8,23.8,26.0,35.5,13.8,1,Surgical
MED-0065,0.0,0.0,10.5,2.1,3.8,0.0,3.9,7.9,0.0,0.3,0.0,11.8,12.3,13.3,7.4,8.6,0.4,0.0,0.0,0.0,0.9,0.0,1.1,2.7,4.6,13.7,0.6,11.6,2.7,6.2,13.6,7.5,3.4,5.1,2.6,0.0,3.9,6.4,0.0,24.8,1.6,0.0,8.5,18.9,0.0,0.0,0.0,7.0,0.0,10.8,6.7,0.0,0.0,20.9,0.0,0.0,0.0,2.9,0.0,0.0,0.0,3.3,2.4,0.0,0.0,0.0,0.0,7.6,0.0,18.9,0.0,0.0,11.6,18.0,0.0,18.5,0.0,10.9,0.0,8.9,3.1,0.0,0.0,5.8,0.0,0.0,0.0,0.0,7.8,0.0,0.0,0.4,0.0,0.0,0.0,6.5,1,Medical
MED-0015,61.7,68.0,67.0,51.0,67.4,64.1,54.4,60.1,41.6,47.8,55.7,74.5,56.1,41.7,50.5,45.9,54.4,34.5,53.5,38.2,37.8,52.3,52.4,56.5,32.1,41.3,62.1,57.8,63.2,68.4,44.1,56.0,44.7,63.1,49.5,50.6,77.5,45.9,38.2,40.6,70.0,56.7,54.7,56.1,75.1,61.4,69.1,41.7,51.8,51.9,40.0,54.3,47.6,47.4,49.9,47.7,53.2,58.9,69.6,74.5,38.2,48.1,42.1,52.4,65.6,52.0,75.2,35.6,52.3,53.6,49.7,51.6,60.3,72.3,59.8,61.5,49.9,56.7,58.9,58.5,70.8,54.2,51.1,64.3,59.2,51.1,59.0,69.1,50.7,56.9,59.1,52.5,48.2,43.1,46.1,47.8,0,Medical
MED-0157,10.0,43.8,9.5,21.8,27.3,20.1,34.8,27.5,12.8,36.3,23.4,0.0,14.9,15.3,24.6,18.5,23.1,38.7,25.0,13.4,12.5,21.2,29.1,23.6,23.4,15.1,5.8,23.7,3.6,31.6,32.6,29.9,21.7,20.7,10.2,29.9,43.7,38.0,26.3,11.1,34.4,29.4,20.5,10.2,7.9,27.2,30.8,33.1,34.5,21.7,12.9,17.0,42.0,25.9,32.1,15.9,19.8,21.1,29.9,5.8,36.6,28.2,26.9,6.3,30.1,36.6,37.0,3.6,18.2,22.7,8.3,21.7,16.0,10.0,26.8,16.2,28.7,26.2,34.7,30.6,32.9,25.3,17.9,32.9,28.3,14.4,26.2,3.1,17.1,7.4,14.7,12.7,11.0,34.3,18.7,0.0,1,Medical
MED-0041,68.2,74.4,62.0,61.3,64.3,56.8,79.1,57.8,79.2,60.1,66.8,56.6,52.9,61.5,59.5,67.5,66.4,55.1,58.1,62.1,67.9,64.8,52.5,67.9,57.5,63.2,66.3,67.7,74.8,52.5,67.9,61.7,62.4,80.2,58.2,70.3,61.8,56.8,53.8,71.4,66.0,55.4,50.9,90.1,54.5,69.9,64.7,72.9,53.5,67.8,62.9,65.8,55.4,84.1,67.9,82.9,59.8,54.0,59.5,58.9,90.7,64.2,63.8,67.6,68.4,63.7,46.1,65.3,70.2,81.4,58.2,58.2,63.5,60.2,62.3,57.1,69.5,60.4,71.1,72.6,70.5,75.1,68.2,62.0,71.5,61.8,55.5,59.8,68.8,53.0,56.7,77.7,70.5,63.0,57.1,77.7,0,Medical
MED-0493,13.2,27.4,24.0,5.0,12.1,17.4,0.0,12.3,31.2,17.2,32.6,17.8,25.5,20.6,29.4,9.2,9.2,4.5,18.4,16.7,9.2,37.1,0.0,26.0,13.3,24.2,13.1,10.0,5.7,35.1,19.2,18.2,38.3,24.6,28.7,18.0,25.6,20.7,5.2,14.6,25.9,40.0,24.7,25.5,22.8,23.3,25.3,22.0,12.4,13.2,21.4,8.7,19.8,11.9,19.6,29.5,13.8,31.5,0.0,34.6,18.5,16.9,26.2,43.0,29.2,32.2,24.9,11.8,33.0,18.0,24.5,22.6,0.0,15.8,31.9,21.7,27.2,31.6,13.2,8.7,27.4,28.3,18.1,3.9,2.4,25.7,28.7,17.5,45.8,20.1,9.3,31.5,31.4,1.2,19.2,18.0,1,Medical
MED-0380,3.2,0.0,11.2,5.5,14.7,12.7,17.1,0.0,20.0,0.0,3.7,25.5,0.0,17.1,0.0,16.7,22.4,29.2,3.2,25.0,15.9,2.6,0.1,6.0,9.2,21.7,4.7,2.1,12.2,0.8,19.2,33.3,16.1,0.0,33.1,16.8,10.1,27.1,22.6,0.0,0.0,13.2,0.8,8.3,26.8,3.1,14.1,15.2,0.0,14.3,3.4,17.7,6.5,7.5,15.2,20.1,21.3,0.0,2.9,21.5,8.9,19.9,14.9,4.4,9.5,10.7,14.0,14.8,0.0,14.9,0.0,15.5,2.6,12.3,15.6,26.6,7.5,4.0,21.9,1.9,15.6,14.8,17.0,3.3,0.0,17.8,28.1,18.2,13.6,20.1,28.0,20.0,10.0,10.0,7.2,0.0,1,Medical
MED-0188,13.2,22.4,16.7,26.8,23.5,17.1,25.7,8.0,20.0,26.1,24.7,27.2,25.5,28.5,15.8,35.0,17.9,27.1,49.6,32.3,22.4,15.9,29.2,34.8,19.8,8.1,26.9,31.2,33.8,18.8,14.9,1.3,15.7,32.5,28.8,37.6,14.8,21.1,27.3,24.3,56.2,40.3,28.3,17.8,38.0,22.3,26.7,29.2,32.4,24.0,30.1,27.4,41.4,24.4,19.5,27.0,27.5,16.3,35.8,21.8,30.4,19.5,33.2,32.0,35.1,26.5,21.2,42.3,33.0,30.1,26.1,16.6,8.9,26.6,27.6,40.0,33.9,14.1,15.6,37.2,9.2,41.4,22.6,46.9,14.4,13.2,45.9,0.0,6.9,18.4,22.2,33.2,24.0,22.8,16.1,7.0,1,Medical
MED-0217,16.8,21.9,22.7,27.0,33.5,15.7,28.2,32.6,27.6,23.3,22.7,13.0,52.3,11.2,21.1,25.6,22.7,17.6,20.2,32.2,22.1,8.0,34.9,27.9,21.1,15.8,6.0,30.3,32.7,33.8,38.3,20.8,23.1,20.2,18.9,20.4,32.0,13.9,18.0,49.7,36.8,39.5,38.6,19.4,34.5,20.3,29.6,35.2,18.5,35.0,27.5,25.2,27.9,30.8,26.1,17.7,32.8,22.9,17.5,17.7,22.6,14.8,24.3,24.8,37.5,12.4,30.7,9.2,43.3,15.9,23.7,15.5,28.8,40.3,42.3,19.4,15.1,16.4,15.3,22.9,22.5,25.8,35.2,19.0,13.1,26.3,26.4,19.3,6.5,13.4,38.3,25.1,37.4,12.7,23.0,21.9,1,Medical
MED-0053,44.8,47.7,38.5,33.9,30.7,53.0,38.4,40.2,38.1,53.7,58.8,49.5,45.1,54.5,40.8,46.3,38.7,39.4,63.3,66.1,58.1,54.1,50.4,45.9,48.9,52.6,33.7,59.3,36.5,51.8,51.8,53.6,56.5,40.0,55.0,52.1,49.6,31.2,56.4,40.5,44.0,51.5,50.1,47.0,47.5,51.2,38.7,48.4,43.5,35.0,54.6,44.2,50.3,51.9,29.5,62.0,57.4,44.4,48.0,48.8,55.5,52.3,65.5,32.6,43.5,40.7,71.2,64.1,37.4,46.2,40.3,35.4,58.1,27.1,46.4,43.5,56.5,46.8,45.8,26.1,59.4,51.0,46.4,33.3,37.4,50.4,45.5,30.3,44.2,63.9,51.5,34.9,62.7,48.2,46.2,49.2,1,Medical
MED-0338,17.5,20.8,15.6,31.5,0.0,7.7,13.0,12.0,8.9,7.0,21.4,20.5,0.0,19.8,17.5,23.4,18.7,5.5,39.9,30.9,14.8,23.2,0.0,22.9,21.9,17.7,13.4,0.0,19.9,29.4,19.1,31.7,17.8,23.6,11.0,41.0,33.2,11.9,21.2,28.7,5.6,4.1,7.9,21.0,6.2,22.0,15.4,0.0,28.3,10.3,19.7,18.3,14.1,10.8,15.6,12.9,15.4,13.7,19.4,24.4,19.1,22.7,17.5,29.5,33.2,12.7,12.4,1.9,5.4,27.1,21.5,10.2,11.9,9.9,21.7,0.0,7.2,15.3,18.8,22.4,10.1,23.6,1.1,11.6,15.2,10.2,17.4,8.6,16.2,20.6,20.8,16.0,12.7,13.0,0.0,11.3,1,Medical
MED-0296,22.2,28.8,43.4,25.5,8.8,17.6,10.9,16.0,18.6,17.6,8.1,38.5,4.6,24.5,20.3,11.0,11.1,8.1,25.1,21.8,37.9,23.0,9.1,12.9,14.0,30.0,14.1,27.7,30.9,20.5,16.1,6.4,24.1,21.2,30.8,28.1,22.3,13.7,14.6,28.5,19.1,12.0,5.9,24.4,23.5,12.7,30.1,27.2,29.0,15.0,12.2,12.5,23.9,20.6,16.4,26.2,25.9,29.8,19.5,15.3,0.0,15.6,33.2,30.8,13.7,23.3,0.0,14.0,8.5,20.4,26.2,22.6,34.2,12.6,28.9,32.7,31.6,8.7,12.8,23.2,20.0,21.6,9.1,0.2,33.1,22.7,15.6,22.9,23.4,10.9,12.5,27.3,14.7,21.0,14.8,8.9,1,Medical
SUR-0202,15.7,21.3,8.3,8.5,0.0,0.0,8.7,9.7,6.1,0.0,0.0,0.0,5.1,8.6,0.0,9.5,16.7,0.0,17.1,11.2,0.0,9.9,0.0,13.0,0.0,26.5,9.3,22.0,7.5,0.0,7.3,3.7,8.1,9.0,18.0,0.0,0.0,5.5,5.5,11.2,0.0,17.5,4.3,7.9,13.1,0.0,0.0,0.0,0.0,8.8,0.0,0.0,13.9,12.7,0.0,14.9,1.8,0.0,0.0,0.0,13.5,4.4,0.0,0.0,0.0,16.9,0.0,6.5,5.7,0.0,7.1,20.0,0.0,9.0,0.0,16.3,12.2,0.0,0.0,0.0,0.0,0.0,26.5,8.6,4.1,13.1,29.0,22.5,19.2,0.0,18.9,0.0,13.5,0.0,8.1,12.3,1,Surgical
MED-0252,0.0,23.0,8.9,0.4,4.6,1.4,0.0,6.0,17.0,0.0,10.3,9.3,8.3,1.8,8.5,23.7,23.3,8.3,9.8,18.9,10.1,9.8,17.5,16.4,3.3,2.2,13.8,23.3,6.0,8.5,15.7,9.6,7.1,0.0,19.8,3.7,22.4,5.0,4.8,0.0,0.0,0.0,5.6,12.3,9.9,22.0,0.0,23.5,0.0,9.6,22.2,0.0,0.0,0.0,0.0,1.3,24.4,0.7,2.8,0.0,6.1,6.6,0.0,3.5,7.4,0.0,5.3,7.1,3.8,16.2,10.5,28.8,11.9,0.0,4.3,7.2,25.8,0.0,3.6,7.1,0.0,9.9,1.1,9.0,15.2,0.0,0.0,0.0,11.3,0.0,27.1,6.3,0.2,0.0,0.0,17.2,1,Medical
MED-0462,17.3,23.2,10.5,0.0,13.2,4.0,16.8,8.6,0.7,14.5,14.0,10.2,0.0,28.2,8.3,11.3,19.9,6.9,16.7,11.2,10.2,2.5,8.7,0.0,16.6,0.0,7.9,0.0,20.4,19.7,5.1,21.0,11.9,26.6,0.0,0.0,22.9,11.4,7.8,16.7,19.5,0.0,13.6,2.3,14.5,5.7,25.1,3.8,13.5,0.0,2.9,0.0,0.6,27.7,0.0,0.0,11.3,9.0,3.6,16.8,30.8,7.7,17.8,15.5,0.0,20.2,5.1,12.5,17.9,9.5,0.0,11.7,0.9,4.2,15.0,16.6,4.5,0.0,19.4,0.0,3.4,0.0,24.4,26.8,13.9,0.0,0.5,15.6,18.4,0.0,11.7,0.0,0.0,2.4,19.4,4.8,1,Medical
MED-0456,19.3,25.1,16.4,0.0,12.3,19.9,23.2,26.6,29.1,17.6,19.0,30.7,14.7,20.9,15.5,12.4,25.5,22.5,11.2,35.7,28.6,8.5,16.1,45.7,13.6,9.5,35.4,26.1,21.0,19.3,6.9,24.5,21.6,14.3,10.6,15.3,27.9,18.3,7.1,25.2,28.5,17.3,6.2,19.8,5.1,18.5,27.4,20.2,21.9,27.8,13.3,16.3,14.3,21.1,4.4,44.0,26.3,26.4,20.8,21.0,43.8,26.5,28.7,13.4,8.3,19.6,28.8,28.7,26.5,19.0,18.9,27.1,10.1,37.2,27.3,37.6,14.3,26.9,16.4,16.0,18.1,17.6,38.6,23.1,14.9,11.2,24.5,23.7,29.3,16.3,27.6,24.5,13.1,12.4,34.5,41.9,1,Medical
SUR-0298,30.4,16.3,62.2,31.6,37.2,43.3,30.6,28.0,25.2,24.3,47.1,39.9,37.9,24.7,31.8,19.6,29.1,23.3,23.1,17.0,23.5,34.8,25.4,35.0,20.3,30.3,48.6,13.9,21.9,33.5,41.1,33.5,34.7,22.9,19.8,22.9,17.4,8.5,29.7,36.8,29.6,44.4,27.7,55.8,30.9,26.9,21.6,31.4,40.0,33.1,31.9,18.5,38.3,45.3,40.7,35.4,25.1,45.4,30.0,24.0,27.0,21.9,21.7,33.5,19.9,41.3,19.5,21.1,32.1,53.8,37.6,45.8,31.0,31.2,30.4,37.6,33.2,37.3,43.4,44.7,15.8,44.1,42.6,32.5,25.0,34.3,30.7,36.4,38.2,29.1,11.7,37.2,33.3,42.3,16.9,29.2,1,Surgical
MED-0270,21.3,10.1,4.3,13.3,26.7,18.8,32.0,26.1,19.3,9.5,15.9,24.4,25.8,28.3,35.2,14.6,36.4,25.0,17.3,19.1,22.6,24.2,37.0,17.1,29.0,20.7,36.6,29.5,34.9,13.0,27.3,30.7,26.9,26.9,35.7,23.9,9.3,24.0,19.2,20.2,25.6,35.7,39.9,6.9,25.2,10.8,21.8,17.3,18.9,22.4,19.3,20.9,25.3,14.7,28.1,8.4,34.3,25.7,34.9,13.6,18.3,40.9,30.8,38.4,21.2,5.9,24.8,28.2,33.6,25.0,26.0,35.5,12.5,28.1,22.6,18.2,10.0,32.0,44.6,23.9,5.9,17.3,34.0,21.4,25.5,19.5,14.9,32.1,11.3,43.6,4.3,13.6,21.6,19.2,21.6,22.4,1,Medical
MED-0202,57.6,26.9,42.7,49.6,15.9,52.7,53.9,44.4,49.6,52.9,33.2,51.6,42.1,37.9,40.0,46.0,20.9,40.8,50.4,47.4,42.4,42.4,45.3,36.4,49.9,38.2,27.1,45.0,47.3,55.8,46.8,49.7,40.4,56.0,40.1,46.0,30.2,35.2,53.9,27.7,37.8,39.8,55.5,38.8,53.6,52.0,37.3,48.5,43.1,50.6,62.8,63.8,52.6,35.6,31.6,50.0,54.7,34.9,45.4,57.1,44.5,45.8,36.3,36.0,50.3,55.7,26.6,32.2,43.2,51.4,41.5,29.6,40.7,50.8,54.5,31.1,53.2,44.2,7.1,36.3,41.2,40.1,53.2,69.5,40.4,25.2,36.8,38.5,35.8,60.7,48.6,38.8,60.9,50.1,44.9,55.8,1,Medical
MED-0162,3.0,13.8,1.0,0.0,0.0,0.0,16.3,9.6,0.0,0.0,12.9,0.0,0.0,7.6,8.8,0.0,0.0,8.6,17.7,8.4,0.0,2.0,5.9,0.0,12.7,8.6,12.1,1.2,24.4,10.5,0.0,11.9,6.6,4.1,0.0,5.2,13.7,12.3,0.0,21.2,10.2,2.8,7.1,0.0,9.5,16.8,25.5,5.8,17.0,16.0,0.0,22.8,0.3,0.7,12.7,23.2,0.0,8.2,0.0,6.9,2.6,10.5,37.1,2.8,12.0,9.6,9.4,17.7,3.5,0.0,0.0,13.1,8.2,17.2,16.0,0.0,5.4,0.0,0.0,9.3,7.9,0.0,16.6,0.0,0.0,20.8,1.6,4.4,0.0,12.9,0.0,21.8,0.0,4.4,12.8,0.0,1,Medical
SUR-0056,32.6,36.5,44.7,51.2,46.7,34.6,34.0,40.1,48.1,26.9,52.0,42.6,52.9,36.6,45.0,23.4,28.4,40.1,43.7,43.3,43.8,10.4,13.7,30.2,28.3,39.8,21.3,35.9,46.9,30.3,44.7,40.3,15.6,48.8,52.6,50.5,37.5,27.4,47.3,28.4,25.0,23.6,39.3,24.7,48.0,44.3,22.9,34.0,41.3,15.9,56.9,21.8,34.3,50.8,40.2,30.1,41.2,40.9,27.4,27.9,34.3,35.6,54.6,31.3,30.7,38.0,38.2,45.0,39.4,30.2,42.5,28.5,47.1,31.2,48.6,37.8,38.5,58.4,39.8,30.3,40.4,31.2,29.1,27.8,49.5,40.3,39.1,45.2,25.4,47.5,30.9,27.3,34.4,22.4,31.8,47.3,1,Surgical
MED-0402,20.0,21.3,28.0,41.3,28.6,40.0,23.9,39.2,31.5,21.3,36.4,26.9,41.9,33.5,31.4,30.4,22.6,25.1,24.8,29.4,54.3,34.7,45.8,20.9,42.5,21.3,27.9,31.9,24.2,36.1,38.2,37.6,18.6,25.2,8.9,21.2,29.3,19.5,17.3,20.1,32.4,32.7,53.4,26.9,31.8,26.1,19.9,37.2,24.6,21.6,27.4,25.3,31.0,10.8,24.3,29.9,23.7,22.9,36.6,13.0,9.1,43.1,17.7,22.3,33.5,27.8,12.4,15.0,16.2,32.3,42.7,21.4,22.8,14.2,32.8,23.3,39.8,17.5,28.3,22.1,20.3,39.2,30.0,27.0,14.4,25.3,24.8,30.0,35.9,24.3,25.2,29.6,28.8,31.4,32.7,7.1,1,Medical
SUR-0203,10.0,0.0,3.6,0.0,11.4,13.9,19.9,14.6,0.0,5.2,2.8,0.0,21.3,8.3,7.6,14.1,12.8,20.8,7.0,19.8,8.7,16.7,0.0,1.7,3.3,9.0,1.8,17.1,9.5,0.0,5.7,0.0,0.0,2.1,0.0,4.6,0.0,0.0,18.3,0.0,0.0,0.0,25.6,2.6,18.2,29.6,4.1,1.4,29.0,4.8,10.8,4.9,18.0,20.7,3.1,14.9,12.0,3.9,8.4,0.0,13.6,32.8,0.0,8.0,0.0,26.2,0.0,2.5,28.2,6.3,41.0,0.0,0.6,1.0,4.1,5.3,6.7,0.0,14.7,3.3,2.8,23.9,4.9,11.4,13.3,11.7,15.4,0.0,0.0,26.5,11.1,11.6,0.0,0.0,17.5,15.6,1,Surgical
MED-0477,19.6,13.9,18.3,40.9,22.9,13.4,8.4,26.3,23.0,7.5,13.1,19.6,17.6,28.9,0.0,18.3,0.0,42.5,23.3,24.1,30.1,16.5,21.3,15.6,24.7,3.0,26.6,16.5,9.7,21.5,28.1,21.7,12.2,17.1,10.2,26.1,25.6,34.4,26.2,19.3,21.2,11.2,16.8,32.0,10.3,21.5,39.9,28.8,33.6,20.9,28.0,25.3,30.2,41.2,3.8,29.2,37.5,17.2,27.5,17.6,25.5,21.4,14.2,26.4,44.1,12.6,6.1,21.5,32.8,30.8,14.8,27.0,26.8,23.6,15.8,30.4,25.5,30.0,30.3,7.8,27.0,24.6,35.6,25.0,29.3,28.4,40.7,18.7,33.6,12.2,29.0,21.3,2.1,21.6,17.9,13.1,1,Medical
MED-0106,17.1,6.8,27.4,7.3,18.1,8.9,18.1,18.5,9.1,28.5,40.4,31.3,21.5,27.5,38.6,35.9,31.3,20.3,40.7,4.5,17.1,23.7,40.4,29.7,6.4,8.5,20.2,29.4,31.0,21.0,14.4,39.9,12.5,18.9,10.9,14.7,19.8,34.8,16.7,17.0,26.6,13.6,30.0,36.2,17.6,18.3,36.8,15.1,29.0,13.5,35.4,5.5,13.0,9.2,33.1,9.8,30.1,38.2,30.5,11.2,21.8,30.2,18.9,34.2,18.0,23.4,18.0,11.4,27.4,12.6,3.2,19.1,9.3,20.8,65.9,25.5,20.3,18.1,28.4,28.7,14.9,21.6,19.8,28.5,0.0,16.7,9.6,13.1,35.0,12.2,32.1,38.6,27.0,28.6,15.8,25.6,1,Medical
SUR-0066,0.6,12.0,18.9,18.0,16.1,28.3,23.3,22.2,19.8,29.4,21.8,20.7,29.6,18.5,25.4,20.9,0.0,13.6,1.8,18.1,21.2,14.4,18.4,23.5,11.0,21.4,21.9,15.2,22.3,7.3,34.3,1.3,16.7,17.6,13.4,16.0,23.2,0.0,12.3,32.2,17.2,25.1,30.1,0.0,29.4,23.8,29.8,7.8,15.5,32.4,20.9,5.5,0.0,31.3,16.2,30.0,18.3,34.2,22.1,12.4,49.2,26.5,26.8,16.8,41.8,11.7,23.2,3.5,11.2,3.6,14.7,31.2,19.6,31.5,17.7,7.4,0.0,23.5,23.9,10.2,22.6,15.9,16.7,18.9,15.5,3.9,14.0,24.0,16.9,30.4,10.2,13.9,2.6,33.4,12.0,5.3,1,Surgical
MED-0390,43.1,22.9,29.2,12.8,16.1,40.3,33.0,14.4,3.9,15.8,17.7,26.7,24.4,27.1,40.3,15.4,3.4,16.6,28.5,21.9,54.1,23.1,48.3,29.9,16.8,15.3,5.4,13.5,19.2,40.3,18.0,40.6,37.4,26.4,27.3,33.3,13.3,21.9,33.8,19.6,30.2,16.9,13.6,13.6,14.9,31.2,23.7,12.4,40.5,30.1,17.4,13.3,27.9,20.2,16.2,30.1,20.6,28.2,13.8,29.8,35.2,23.1,28.6,31.4,25.3,33.2,37.3,22.7,27.9,15.0,42.7,42.5,22.0,13.2,18.3,35.6,1.9,35.8,26.6,33.6,22.9,21.4,18.8,17.5,21.2,34.9,5.9,30.0,17.1,11.7,41.3,9.4,33.7,12.7,25.9,26.8,1,Medical
MED-0002,43.4,57.1,76.6,58.3,35.8,35.1,42.5,62.1,59.0,59.4,55.6,49.0,57.9,48.1,48.5,48.5,64.7,52.5,38.1,57.8,45.6,74.8,57.8,55.1,41.6,65.3,42.7,57.2,46.0,62.0,47.7,56.9,44.1,43.8,70.2,63.2,38.2,57.8,52.4,57.6,55.5,49.8,50.2,63.3,34.8,52.4,62.5,55.1,51.4,55.1,51.2,69.1,75.0,49.1,40.7,57.6,42.2,53.6,38.0,76.4,62.4,53.6,66.6,37.4,62.8,53.5,40.6,60.2,33.7,54.7,35.6,34.8,52.1,45.1,68.4,45.1,24.8,38.7,37.9,58.7,40.2,55.9,49.0,46.9,46.3,36.2,65.7,49.9,40.2,46.4,71.5,67.5,62.3,52.2,65.7,73.6,0,Medical
SUR-0268,37.3,35.9,23.4,46.7,20.4,39.7,42.7,29.7,24.5,16.1,37.9,33.8,36.7,35.1,39.3,33.4,45.0,38.1,43.6,27.7,21.2,21.9,41.4,32.7,25.6,26.4,23.5,12.5,27.0,45.9,12.1,44.2,48.7,38.0,26.7,36.0,54.4,36.1,29.1,32.4,25.1,27.7,37.8,33.0,38.9,23.2,31.7,39.0,25.2,37.2,28.2,26.7,30.0,44.7,28.0,42.8,42.3,40.7,40.1,13.3,26.4,38.4,32.6,29.3,17.8,24.9,27.8,31.1,48.3,50.5,33.1,38.4,38.1,38.9,42.0,24.7,45.2,35.5,33.6,23.0,28.4,37.6,40.1,29.2,34.0,21.1,41.0,23.4,31.0,40.8,27.9,35.6,31.5,36.2,40.3,30.2,1,Surgical
SUR-0062,24.6,20.1,13.2,12.0,26.9,13.8,14.2,22.0,18.0,28.5,24.2,5.1,14.0,6.5,14.2,14.3,17.5,28.1,26.3,24.8,14.5,44.5,22.0,10.5,18.9,33.1,33.4,20.1,12.8,13.5,16.5,20.2,26.9,20.1,11.4,17.8,6.3,13.3,37.2,25.3,12.4,20.7,26.3,4.8,12.6,15.4,27.7,28.9,17.5,20.8,13.9,26.7,11.8,33.4,25.5,19.8,14.7,24.3,22.7,33.9,10.5,37.7,19.8,6.7,23.9,7.0,15.4,32.8,3.8,8.5,23.6,19.2,29.2,25.9,10.6,26.9,19.1,28.5,36.4,25.1,18.8,26.1,28.9,6.0,20.2,4.4,0.7,5.8,19.8,8.6,9.5,21.1,16.3,43.2,22.0,30.6,1,Surgical
MED-0081,23.1,44.3,11.8,31.6,21.6,18.2,4.7,45.2,27.2,22.8,24.3,11.4,25.7,28.0,9.5,38.6,8.7,34.3,26.4,15.1,19.0,24.7,40.2,35.2,18.4,19.0,23.3,15.8,14.9,1.1,11.6,15.6,26.3,21.4,34.0,23.4,22.6,12.2,29.6,27.0,34.5,3.8,29.5,18.9,21.3,28.0,35.8,10.4,10.3,32.6,31.9,38.1,25.7,16.6,20.9,25.9,31.8,19.9,14.0,19.9,28.0,22.3,11.6,23.4,18.5,37.3,20.6,23.6,13.3,15.2,0.0,26.2,6.3,29.9,19.3,12.6,15.1,0.0,12.7,23.7,24.2,38.6,22.9,31.0,36.8,54.3,34.2,11.8,15.5,29.2,11.6,23.4,20.2,19.9,29.1,32.5,1,Medical
MED-0206,6.8,9.7,12.2,8.1,21.8,7.7,0.0,1.5,1.6,9.5,16.7,6.2,8.6,0.6,20.0,8.3,12.8,15.6,11.5,15.4,12.1,13.2,21.1,31.4,4.1,11.3,4.0,12.3,15.3,1.6,3.2,11.1,29.7,9.0,7.1,0.0,0.6,22.0,0.0,22.1,5.4,17.2,0.5,2.0,14.8,20.1,15.8,19.3,14.5,18.6,11.4,0.0,7.6,22.0,0.0,28.8,10.9,3.9,0.0,0.0,10.9,2.4,14.4,3.0,10.1,12.6,0.0,25.7,0.0,18.7,4.8,0.0,6.2,20.0,10.1,26.8,27.7,7.8,17.9,26.5,22.0,15.6,0.0,12.7,0.0,0.0,3.8,9.0,2.8,11.0,23.3,12.2,9.7,13.0,0.0,0.0,1,Medical
MED-0035,36.0,33.9,27.4,24.6,38.1,47.5,15.1,31.8,36.5,35.0,24.6,34.1,45.1,41.9,30.1,46.2,45.5,58.6,33.6,46.2,34.6,30.9,43.4,26.6,39.6,38.0,23.9,31.6,37.3,34.6,38.8,29.0,39.5,23.2,65.1,27.4,35.8,26.7,30.6,36.0,16.3,36.4,40.0,29.3,51.3,43.8,32.6,31.6,38.6,25.6,28.2,27.2,41.4,25.1,30.8,53.7,25.2,30.0,36.0,37.4,41.3,43.6,46.3,35.5,31.4,31.7,39.9,37.0,32.5,30.7,30.8,59.7,40.9,17.4,43.2,39.1,40.7,17.4,45.0,53.2,65.2,30.8,34.0,29.5,41.4,53.9,41.1,33.8,34.4,45.6,32.2,39.0,37.1,44.2,25.9,22.9,0,Medical
SUR-0009,35.3,27.6,31.8,33.7,18.1,36.6,29.2,4.1,41.3,15.8,41.0,14.5,37.3,31.0,32.8,9.7,28.8,20.8,26.0,22.4,30.1,19.9,33.4,17.4,5.0,17.0,12.7,32.1,33.9,25.7,20.7,38.7,22.7,42.9,5.4,30.5,37.7,44.6,41.5,35.7,13.3,32.0,26.1,43.7,12.8,28.1,30.4,16.6,28.4,36.9,6.3,23.4,21.3,37.0,26.2,21.4,36.2,19.8,26.1,17.8,11.8,30.4,8.6,57.2,33.8,30.1,32.3,25.4,42.6,32.3,30.8,26.2,32.0,25.0,7.4,16.4,16.7,33.9,10.5,25.5,28.3,16.1,32.8,41.8,21.0,18.1,17.8,24.2,25.0,29.6,12.1,24.0,42.7,8.0,18.8,19.7,0,Surgical
MED-0428,32.6,48.6,39.6,38.9,37.3,45.4,25.5,32.8,28.4,12.6,38.7,24.7,41.9,32.5,35.0,43.8,27.7,19.7,19.0,54.4,4.9,39.8,25.4,20.6,33.6,28.0,31.3,25.2,42.4,20.7,33.8,33.2,17.1,42.5,31.1,21.5,22.4,36.3,17.4,35.1,23.3,41.4,49.5,36.5,41.4,26.1,32.1,23.5,40.0,53.6,24.3,48.0,26.9,48.2,29.3,53.5,39.5,45.0,34.5,43.5,20.6,28.4,34.1,46.0,40.8,17.6,24.9,19.3,40.2,30.1,27.7,10.5,22.0,48.3,19.4,23.6,29.5,28.8,24.0,40.1,32.1,41.4,25.4,32.5,23.5,34.0,41.7,23.1,36.8,22.3,35.7,21.6,44.0,22.3,33.1,29.9,1,Medical
MED-0455,36.1,42.2,20.8,57.4,22.4,48.4,51.1,28.8,35.0,36.3,36.3,26.2,28.8,44.5,53.4,28.6,29.9,27.0,56.6,52.7,27.4,48.8,33.0,44.2,47.3,19.5,43.7,25.6,34.7,47.0,37.5,30.7,41.0,34.2,38.0,32.3,23.6,41.7,17.8,49.8,50.8,47.4,22.1,26.4,17.8,16.8,36.5,32.7,28.9,42.9,28.8,44.3,57.1,40.8,34.4,25.3,17.5,51.2,29.0,31.5,44.4,12.7,26.2,40.2,38.7,24.4,34.4,40.1,26.1,37.4,23.0,28.1,43.3,23.4,32.3,16.2,33.5,25.9,36.8,18.9,39.9,57.7,34.1,25.2,36.2,29.2,56.2,61.4,42.5,39.2,51.7,38.9,47.3,23.9,29.2,40.3,1,Medical
MED-0367,43.4,35.4,42.1,53.5,50.1,29.7,37.0,48.2,49.9,59.3,37.4,38.2,36.6,44.1,72.9,52.0,33.7,36.2,34.6,40.0,26.0,40.2,43.5,22.4,58.5,49.9,48.7,48.3,43.9,45.1,30.1,48.7,58.3,36.7,52.3,33.0,40.4,27.1,51.5,45.2,47.6,35.4,25.0,66.6,47.9,45.1,33.4,39.8,42.9,30.6,59.0,43.0,34.6,50.3,32.6,40.0,39.6,44.4,29.2,31.1,43.8,30.2,48.3,41.3,51.6,42.8,48.6,49.4,42.2,44.6,35.0,40.7,49.9,34.7,48.3,45.8,48.3,29.4,64.1,36.1,39.0,23.6,49.2,48.1,37.4,45.8,49.5,23.8,34.2,50.2,49.4,44.7,54.7,58.9,44.6,27.2,1,Medical
MED-0092,28.6,24.9,34.6,27.9,42.4,21.9,32.7,20.9,14.9,2.1,22.9,31.1,15.2,10.9,47.2,13.3,18.3,18.4,26.0,56.1,6.5,40.8,14.2,18.6,13.0,19.1,17.1,4.2,34.7,2.4,4.2,39.4,4.8,32.7,15.0,29.1,22.7,27.5,20.0,28.7,21.6,47.6,5.5,30.7,27.9,16.2,24.2,16.2,21.6,14.2,27.1,43.0,20.9,30.3,22.0,2.9,17.6,9.9,38.9,15.7,29.4,29.2,13.1,23.8,28.5,25.2,12.4,17.6,18.1,33.8,52.3,35.7,29.8,10.4,33.1,28.6,25.4,25.8,37.3,25.5,30.0,32.1,8.8,21.5,24.4,15.4,22.3,17.2,17.3,15.8,23.8,38.4,0.3,13.2,15.2,36.0,1,Medical
MED-0340,46.2,43.1,45.5,41.4,73.3,38.3,48.8,33.6,46.4,43.0,43.5,41.0,55.9,39.3,28.0,38.4,46.5,43.3,44.6,46.8,39.1,45.7,46.0,52.5,25.3,56.3,35.8,43.7,42.1,62.9,36.3,73.7,39.1,50.7,50.9,53.2,59.9,34.0,62.2,40.0,22.1,31.0,36.6,38.7,47.3,28.6,30.4,30.4,43.1,48.3,40.9,32.5,33.4,33.6,45.4,45.2,41.9,41.8,31.8,41.6,42.0,57.5,35.4,36.2,64.8,49.6,37.4,32.6,33.1,28.9,30.5,42.3,46.5,30.9,57.6,50.9,31.6,53.2,65.2,58.5,43.6,31.7,52.3,57.8,36.2,41.3,40.6,31.5,31.2,42.4,38.4,41.8,48.1,38.7,60.5,42.1,1,Medical
SUR-0065,39.9,29.5,17.8,44.2,33.4,31.0,38.4,33.7,19.1,30.5,25.1,37.2,25.9,28.0,28.3,33.6,28.5,37.6,25.9,34.4,44.4,33.3,33.9,15.0,22.7,36.3,31.8,33.7,41.9,25.6,32.8,17.2,31.7,20.2,36.6,24.8,25.3,31.4,37.1,19.1,27.2,27.7,31.3,30.8,21.4,32.1,51.3,19.3,36.1,44.4,37.6,45.1,16.3,33.1,32.7,30.3,26.7,31.3,31.1,16.0,30.0,48.1,35.3,25.7,36.5,29.4,24.8,32.3,17.7,27.6,34.5,50.8,23.5,16.4,43.3,22.5,43.0,30.7,6.5,43.9,52.0,17.7,30.8,37.5,22.0,31.3,48.3,41.7,24.3,41.2,25.0,51.7,34.5,41.5,33.3,36.8,1,Surgical
MED-0346,8.1,12.1,9.0,6.7,28.9,12.8,21.7,11.8,5.3,0.0,15.3,23.9,23.4,9.5,28.5,0.0,18.8,0.3,9.4,0.0,4.8,11.2,19.2,9.4,3.7,14.7,29.5,2.3,14.4,3.8,18.6,11.1,30.1,9.0,8.1,20.1,13.0,7.1,0.0,25.8,5.2,5.7,2.0,6.9,5.8,20.7,25.8,9.3,14.3,15.6,0.5,31.8,11.6,8.1,25.3,16.1,26.6,1.9,18.6,13.7,5.9,0.0,5.7,8.3,32.6,23.2,16.5,10.4,7.0,7.2,11.2,5.6,7.9,16.3,0.0,24.8,0.0,18.0,7.8,7.5,9.4,12.8,15.3,11.0,24.8,35.4,27.9,34.9,12.3,11.7,10.6,14.3,1.7,3.2,0.0,0.2,1,Medical
MED-0242,45.3,39.0,29.5,37.4,35.7,30.7,15.7,18.4,25.8,38.6,41.0,41.6,29.2,52.8,34.0,38.9,17.7,42.4,30.9,49.3,22.1,48.0,32.6,55.2,36.2,41.2,37.4,32.1,25.6,38.3,40.7,31.5,24.4,48.0,62.7,25.0,29.7,35.0,40.1,26.0,34.1,20.3,43.9,47.8,26.7,25.8,44.0,22.6,51.0,11.3,33.1,22.9,39.2,49.6,34.6,28.1,23.5,55.0,42.5,41.4,48.0,24.8,42.6,28.7,23.3,32.7,27.8,27.4,47.7,39.2,27.0,36.4,35.9,19.4,33.2,25.1,47.4,32.7,23.3,55.6,15.1,47.0,22.4,31.1,36.0,45.1,29.8,32.8,30.3,34.0,44.6,66.0,30.2,38.6,46.3,29.8,1,Medical
MED-0014,53.8,60.0,49.7,32.3,37.6,46.4,38.3,47.9,45.5,43.8,55.0,46.7,39.9,52.1,52.8,28.1,44.4,48.5,40.8,37.1,22.8,45.7,42.7,51.9,38.1,52.4,50.1,49.3,44.4,54.5,54.1,57.7,58.2,25.7,47.3,39.0,39.2,49.7,36.4,54.0,38.8,37.8,48.4,47.9,29.7,57.8,38.1,47.7,47.6,47.3,56.4,45.8,73.4,31.3,41.7,44.1,45.8,37.6,40.7,57.0,41.3,32.7,36.0,42.5,54.3,42.7,41.0,58.1,39.6,55.1,50.5,48.4,43.1,53.3,65.4,15.6,56.5,45.5,42.6,59.4,50.8,37.5,40.5,44.7,63.8,44.4,36.9,26.8,53.8,33.4,51.8,55.4,44.3,47.7,21.4,45.8,0,Medical
MED-0316,23.6,22.8,36.8,19.4,13.9,41.4,19.5,32.1,19.3,25.0,10.9,40.0,20.0,8.7,36.3,40.6,23.5,40.5,39.9,18.5,30.4,20.3,31.6,6.0,30.0,22.3,27.3,34.5,15.7,16.1,12.3,8.8,28.4,27.3,31.8,30.5,18.8,17.3,34.7,34.8,6.8,33.0,18.6,17.6,41.7,33.7,38.0,22.9,18.4,31.1,34.0,55.9,29.7,42.6,26.0,16.3,3.3,25.8,5.7,27.0,33.9,18.9,10.2,21.2,40.7,13.9,29.5,22.9,37.1,29.1,13.7,23.7,30.4,6.6,24.9,34.6,39.2,37.7,21.0,24.2,40.5,17.3,30.8,35.2,25.3,44.0,25.8,23.5,26.3,43.4,28.4,26.8,17.5,25.2,32.9,21.8,1,Medical
SUR-0101,13.2,39.8,51.0,31.2,47.0,29.8,24.0,29.7,34.2,35.7,16.5,34.5,42.0,23.5,25.1,36.7,22.8,31.4,39.9,24.2,29.4,28.1,55.4,35.1,19.9,24.5,47.0,37.5,39.4,24.2,28.3,23.7,29.2,65.5,20.4,34.0,34.4,29.1,37.1,27.4,30.7,39.7,30.9,33.2,25.1,30.6,34.0,19.2,47.5,40.3,44.3,47.1,17.5,31.9,30.5,19.6,56.8,42.9,35.9,16.8,37.2,25.2,21.8,21.3,10.4,40.5,34.2,13.6,45.0,44.3,26.0,33.2,39.4,38.8,39.3,36.5,38.5,24.6,37.2,40.0,49.8,19.7,28.9,50.1,31.2,47.3,25.1,35.6,30.3,18.6,50.9,21.5,28.1,48.0,33.4,33.7,1,Surgical
MED-0388,46.9,31.7,47.1,24.4,31.1,36.7,26.5,44.3,38.3,53.6,16.0,37.3,52.6,36.7,20.1,47.8,28.8,42.1,26.1,45.8,41.0,57.0,20.7,38.0,48.6,43.4,34.2,49.2,38.9,37.7,30.1,61.5,26.6,19.2,51.7,53.2,38.4,32.7,48.2,25.1,33.9,40.5,60.0,42.0,38.1,10.9,33.5,29.6,33.6,41.4,26.5,33.1,55.3,50.7,31.9,39.2,32.4,28.6,39.8,50.0,45.0,37.5,26.3,27.8,43.5,49.9,27.1,51.1,38.9,30.2,33.7,30.3,25.3,41.2,54.5,43.7,38.9,23.2,39.8,55.0,43.8,59.9,29.8,64.4,46.8,42.4,27.8,19.9,40.0,48.7,31.3,57.0,41.4,38.1,34.2,49.2,1,Medical
MED-0274,14.4,5.7,22.3,0.0,0.0,0.0,16.1,14.4,0.0,32.1,0.0,0.0,24.9,24.9,9.5,0.0,13.5,21.8,19.6,0.0,0.3,4.9,0.0,4.9,0.0,9.2,9.5,8.9,0.0,0.0,9.5,16.3,25.2,5.2,0.0,0.0,0.0,10.9,0.0,0.0,25.6,5.0,14.6,11.4,10.7,21.9,15.0,0.0,24.5,0.6,6.3,19.0,12.3,18.4,0.0,8.0,19.7,18.9,9.1,27.9,12.8,2.3,12.0,11.6,20.2,8.7,20.4,24.5,1.1,13.8,15.0,14.2,13.4,28.8,15.7,7.1,7.4,4.1,17.5,6.1,4.6,1.3,15.9,3.8,20.9,27.1,22.8,8.3,18.3,25.2,4.6,11.9,34.8,3.5,12.0,20.2,1,Medical
MED-0167,22.9,27.3,35.8,3.7,25.6,24.7,24.2,16.7,15.4,30.6,40.2,28.0,12.4,22.4,14.1,32.0,28.9,16.6,24.0,25.8,7.4,37.5,12.6,27.4,17.8,28.3,32.8,19.0,25.6,38.1,20.8,14.3,30.4,23.4,7.2,29.1,14.6,18.8,28.0,23.9,3.9,23.4,22.2,28.6,24.3,14.4,0.2,16.4,23.0,17.9,24.7,12.5,0.0,10.2,15.8,23.9,8.7,30.2,18.4,2.4,17.9,24.3,30.9,20.0,20.9,26.1,23.1,21.4,20.7,10.7,31.0,19.8,22.6,4.0,11.3,28.4,15.0,27.3,11.7,0.0,26.6,20.0,21.6,26.6,21.9,7.3,18.2,29.4,13.0,15.7,24.0,33.0,28.4,14.5,26.5,43.3,1,Medical
SUR-0294,31.7,36.1,13.8,35.1,33.3,13.1,34.3,18.8,18.6,26.2,30.2,28.1,13.9,49.4,23.3,40.3,31.6,20.1,37.8,26.5,22.6,45.9,32.3,36.6,22.8,29.3,38.4,23.7,29.0,27.3,40.4,37.7,43.0,2.4,32.5,21.7,17.5,24.9,7.3,39.7,21.6,25.6,18.4,26.7,29.9,33.0,20.3,25.0,37.9,36.5,7.1,28.2,21.2,28.2,20.2,48.6,16.8,38.1,13.8,19.4,42.4,50.4,31.5,42.3,31.6,19.6,15.2,14.9,32.9,31.0,43.1,34.2,18.3,31.5,31.7,34.6,4.3,27.1,33.6,13.4,18.8,7.1,17.6,47.1,16.9,35.8,9.4,54.3,28.4,20.1,30.7,18.4,36.8,46.2,34.5,37.7,1,Surgical
SUR-0147,26.1,19.9,15.8,27.6,15.5,9.7,19.1,14.3,25.7,31.6,20.6,0.0,22.8,18.6,16.1,26.3,20.4,14.8,22.7,13.8,8.9,1.0,3.2,0.0,25.6,23.4,2.1,0.0,16.6,27.0,0.0,5.6,7.4,15.1,8.0,24.3,21.3,3.6,20.7,6.4,13.2,25.4,22.3,28.8,0.0,29.1,0.0,14.6,19.3,6.4,14.7,0.0,41.8,6.1,10.4,29.5,6.1,6.9,22.1,11.9,0.3,36.7,0.0,17.0,16.4,22.3,4.5,0.0,0.0,18.9,2.8,0.0,25.7,22.6,36.6,11.8,14.1,5.9,15.4,16.9,10.7,0.0,6.7,23.3,22.1,10.8,24.0,17.5,9.2,16.8,14.1,7.1,21.6,14.8,13.8,13.6,1,Surgical
MED-0485,16.2,25.6,3.9,28.9,2.6,57.5,22.9,29.2,27.9,28.7,28.6,26.5,21.8,41.2,3.8,22.6,33.5,21.0,18.3,27.1,30.9,19.9,26.0,26.6,29.4,17.3,13.9,49.5,43.3,6.1,20.1,0.0,25.9,25.6,19.9,21.2,26.3,21.6,23.7,30.1,33.8,5.4,18.3,21.5,38.2,9.2,27.7,32.2,34.8,27.6,37.1,33.8,35.7,36.8,14.6,17.4,18.6,19.9,10.4,40.7,7.5,13.6,6.3,30.0,23.7,26.6,24.1,32.0,23.8,38.5,31.2,35.5,29.3,43.3,29.4,24.4,20.8,16.2,19.2,26.7,36.6,29.1,44.8,18.9,21.8,37.4,26.1,25.0,24.6,25.3,20.2,14.3,7.8,39.7,27.9,37.7,1,Medical
SUR-0283,4.2,6.0,10.8,1.9,26.9,11.2,0.0,27.7,0.0,22.6,0.8,15.8,5.9,26.0,2.2,21.0,11.8,4.1,0.0,0.0,0.5,0.0,17.3,18.0,3.0,16.7,0.0,16.0,15.3,13.8,10.0,12.7,10.2,2.4,14.5,1.1,0.5,7.6,0.0,15.9,0.0,24.7,0.0,0.0,10.2,4.6,10.7,0.0,11.4,14.8,8.0,0.5,6.3,32.4,0.2,19.1,22.2,8.5,12.5,11.6,0.0,0.0,7.4,23.0,9.2,1.5,0.7,15.0,0.0,13.3,14.9,11.6,10.5,26.9,5.3,6.1,7.7,2.7,0.0,8.5,8.7,19.2,9.4,3.2,1.3,5.3,0.0,2.4,13.2,19.5,21.3,26.3,8.2,16.2,0.0,6.4,1,Surgical
SUR-0005,61.8,46.9,65.0,67.1,36.1,56.1,58.0,46.2,48.6,34.5,55.2,63.5,63.1,55.2,48.1,61.2,48.5,50.0,44.5,69.1,61.6,50.4,25.0,40.3,49.6,58.7,60.2,34.1,45.3,47.3,71.3,38.8,60.8,40.3,56.0,49.0,31.3,66.6,58.4,55.8,55.3,65.5,56.6,47.8,38.2,41.0,37.3,40.7,37.6,45.4,63.0,55.7,56.9,65.4,32.0,28.8,60.7,50.2,44.3,44.7,51.8,51.9,40.4,46.6,54.2,47.8,37.9,55.8,45.3,36.4,54.7,51.2,30.7,45.8,49.4,47.6,53.5,60.7,54.8,42.0,40.5,55.5,47.9,58.9,57.8,36.4,47.7,45.4,65.5,58.0,45.4,28.4,43.4,42.3,28.2,70.1,0,Surgical
MED-0244,11.5,15.8,1.4,3.6,6.8,21.4,19.9,32.2,4.4,15.7,32.0,14.5,30.3,9.7,31.0,6.2,12.1,1.9,15.7,18.1,14.8,28.0,24.5,7.3,24.2,37.4,17.2,7.8,29.7,22.0,22.7,18.1,28.2,19.5,9.1,16.5,39.1,36.1,19.0,21.4,26.7,23.6,14.7,4.9,15.2,11.7,21.4,13.5,14.9,17.1,24.3,32.2,27.8,21.3,8.2,24.1,15.1,20.4,16.6,25.8,0.5,26.4,26.0,36.0,12.4,19.9,0.0,30.5,9.2,28.6,16.8,5.0,40.4,5.8,10.6,17.8,11.4,9.9,14.3,11.4,42.8,12.1,6.9,11.9,3.5,27.9,23.0,5.7,36.2,35.7,8.5,21.8,32.2,32.7,18.8,1.7,1,Medical
SUR-0067,21.4,22.0,8.9,49.4,13.2,25.8,23.8,24.1,13.1,26.6,29.0,40.6,13.5,20.9,22.4,15.9,20.9,38.1,31.8,8.9,28.2,13.8,24.7,20.8,11.3,16.6,23.3,47.0,17.8,27.6,18.3,41.1,30.3,6.0,12.2,34.2,34.2,31.7,28.6,10.6,16.3,5.7,24.2,28.5,16.2,30.8,22.1,8.3,25.2,21.3,2.2,18.6,0.0,24.4,13.2,23.0,21.4,17.3,27.6,24.8,14.9,27.8,30.9,16.3,35.6,21.9,23.6,8.5,34.8,22.3,15.7,26.7,34.6,19.0,0.0,26.7,31.1,17.9,31.0,7.5,26.2,50.1,24.0,19.8,37.0,21.3,30.7,44.4,36.4,16.7,22.5,18.8,26.4,34.7,18.1,17.5,1,Surgical
SUR-0063,60.2,50.4,51.8,53.3,46.8,58.9,46.3,44.7,39.7,49.5,59.2,38.3,59.6,60.1,72.3,36.5,55.6,26.8,55.5,54.3,49.9,38.3,23.2,42.8,70.2,40.7,59.2,27.5,42.6,49.0,59.8,57.9,36.0,41.0,43.5,51.3,47.8,40.9,47.0,58.7,48.0,52.5,36.6,55.9,43.9,67.5,41.3,49.4,65.2,43.6,51.1,53.0,45.2,49.6,62.6,36.9,36.1,54.1,42.6,45.6,38.9,56.9,46.5,71.1,38.4,44.2,33.2,36.2,40.8,57.4,48.7,44.0,52.6,66.9,44.2,36.2,71.7,41.7,60.6,32.3,43.6,43.4,42.1,51.2,51.6,50.6,58.6,55.2,37.7,39.1,34.4,56.3,39.6,42.9,67.3,53.8,1,Surgical
SUR-0187,32.7,18.9,39.1,14.3,18.4,22.7,20.6,31.9,36.8,44.9,29.6,23.6,28.6,20.5,31.4,28.8,42.2,41.5,33.3,18.5,18.3,28.7,40.1,27.9,26.6,17.9,54.8,30.5,37.5,28.9,34.4,54.0,43.0,23.5,17.5,38.0,30.0,25.6,30.4,19.3,24.4,32.8,32.9,24.1,32.1,43.4,16.9,14.2,23.2,25.4,37.2,18.2,31.9,41.5,45.0,11.1,35.0,27.8,34.9,24.8,24.1,24.3,15.2,40.0,16.2,31.1,14.4,39.6,34.9,29.7,24.4,18.4,31.6,35.2,28.0,33.7,31.9,36.5,48.4,25.4,37.7,26.2,19.4,19.2,38.4,25.6,31.2,16.9,37.3,30.1,32.7,23.8,33.0,38.0,34.2,30.2,1,Surgical
MED-0190,0.0,9.3,12.3,0.0,0.0,13.3,11.8,15.5,30.6,4.1,9.0,14.6,0.0,8.6,0.0,17.2,18.7,5.8,2.3,14.3,3.2,3.8,13.7,12.9,23.0,7.4,10.4,21.8,19.5,5.3,0.8,21.7,19.0,0.0,6.8,6.4,10.6,11.3,15.6,17.5,6.2,3.4,1.9,15.9,13.4,16.6,11.9,9.4,24.6,0.0,9.8,0.0,6.4,0.0,0.0,20.1,0.0,5.6,10.0,0.2,11.0,7.1,21.9,8.8,4.1,8.1,9.8,0.0,3.7,13.1,6.8,9.8,12.2,6.8,0.0,1.4,4.8,22.4,11.5,9.7,0.0,13.5,1.0,11.0,7.7,0.0,11.7,0.0,10.8,24.7,0.3,0.0,15.8,17.1,7.8,7.6,1,Medical
SUR-0200,30.4,19.6,22.2,13.4,34.8,31.5,36.4,32.6,21.3,22.5,36.7,26.4,12.8,21.9,34.3,27.3,33.7,20.5,25.6,31.8,41.9,6.9,29.1,19.0,19.0,16.4,15.2,31.4,19.4,20.7,33.1,45.0,15.8,3.6,0.4,25.2,0.9,9.7,13.7,31.2,45.0,32.0,19.8,19.7,25.8,33.1,16.8,17.7,18.4,20.1,29.9,31.6,16.5,25.6,27.7,23.4,24.9,27.5,7.5,19.0,23.9,24.5,18.5,8.6,26.4,27.4,16.2,28.9,28.4,35.0,35.2,26.3,25.2,27.4,32.7,31.1,16.9,8.3,12.7,38.7,26.8,38.1,41.1,17.4,28.0,18.1,11.9,22.7,14.6,3.2,18.9,28.0,37.0,46.5,33.6,34.0,1,Surgical
MED-0476,44.8,37.3,52.8,33.1,53.5,50.0,59.2,19.4,33.7,39.0,36.5,12.2,42.9,22.5,57.1,21.6,38.7,40.5,38.5,45.9,43.7,34.8,46.9,32.5,36.5,49.0,60.0,43.8,36.0,34.3,36.5,50.1,43.7,48.1,24.9,45.6,39.9,41.4,39.9,45.1,45.0,40.9,36.1,37.4,54.6,38.6,44.0,29.6,58.5,31.8,50.3,50.7,68.0,50.8,51.0,43.1,42.2,55.8,43.3,28.3,55.2,37.8,33.6,43.7,30.0,31.8,55.2,49.4,48.6,58.8,30.9,24.4,24.1,30.6,53.1,60.8,53.7,59.7,36.8,26.0,20.9,42.4,47.1,58.3,49.4,29.9,46.8,29.4,53.0,45.8,39.3,49.2,29.7,41.8,45.9,37.8,1,Medical
SUR-0182,31.4,8.3,38.5,31.8,15.8,20.8,15.7,21.6,25.2,8.6,6.4,19.5,21.5,18.7,17.2,3.8,37.7,29.9,16.4,10.4,18.5,27.2,17.9,16.9,35.4,17.4,21.0,2.4,14.0,31.0,25.7,15.7,41.1,23.4,6.5,2.7,15.2,8.6,7.0,5.9,23.1,9.6,24.9,16.4,24.0,19.8,18.2,0.0,29.4,33.5,10.9,0.0,5.9,2.3,16.0,28.8,39.4,30.0,7.1,6.9,19.6,15.2,30.1,19.8,34.3,23.0,12.6,23.1,15.7,12.5,18.2,28.5,21.0,20.7,13.3,19.3,21.6,8.5,29.9,17.2,36.7,15.4,9.8,2.9,11.1,19.2,14.0,23.7,18.3,35.5,19.1,8.6,25.2,14.5,29.7,42.0,1,Surgical
SUR-0011,41.6,14.7,41.7,27.2,20.3,21.0,30.4,8.8,21.8,28.6,36.0,27.7,10.4,23.9,34.5,52.2,42.8,31.4,40.9,48.6,27.4,21.7,15.8,22.1,20.8,38.6,20.0,20.8,36.2,32.5,57.2,40.6,37.4,28.8,25.9,31.6,20.1,39.6,18.9,26.4,25.6,34.6,9.6,20.8,21.5,48.9,30.3,16.8,20.8,40.0,42.7,14.6,28.2,29.1,37.5,26.7,40.5,52.0,30.1,41.8,19.9,24.4,31.4,55.7,21.8,34.9,30.0,36.5,42.5,36.1,36.3,31.0,29.6,37.9,42.3,28.2,22.8,22.7,27.2,52.1,12.2,32.6,37.4,26.9,18.9,32.8,23.0,22.9,35.7,29.5,20.8,29.6,20.5,20.4,22.2,39.3,1,Surgical
MED-0059,6.1,22.4,25.2,37.1,31.6,42.4,3.4,38.0,35.3,12.2,31.8,29.1,35.8,26.0,29.2,32.0,20.3,29.3,28.1,22.4,16.4,38.6,31.6,21.7,0.0,32.1,12.7,27.2,26.3,31.1,26.3,13.3,36.4,27.6,19.0,15.9,19.9,22.3,32.1,39.9,30.2,5.5,32.0,21.5,2.2,14.0,28.0,15.1,19.9,6.6,25.0,25.7,33.2,25.5,38.3,7.9,15.1,6.5,28.6,28.6,17.4,29.6,30.4,44.9,27.8,12.0,18.6,34.1,13.6,13.2,37.3,18.9,23.2,15.1,26.7,32.9,8.5,2.9,20.2,42.4,33.5,6.8,35.3,9.8,26.9,37.6,29.0,7.0,40.2,44.1,21.6,20.8,20.1,11.7,34.8,27.4,1,Medical
MED-0475,25.5,38.7,36.5,40.5,31.2,40.5,32.9,38.0,59.8,42.1,44.7,44.6,44.6,63.9,34.5,49.7,29.7,36.5,44.2,36.9,40.1,50.6,42.9,38.6,41.0,40.4,58.2,37.5,30.1,24.1,39.2,41.4,40.4,39.2,26.0,52.9,43.9,39.5,28.8,40.2,21.9,56.4,55.8,44.4,28.0,32.9,37.6,33.3,36.0,33.7,40.1,36.1,52.8,44.2,46.2,46.4,42.0,45.6,40.6,51.9,50.5,53.7,59.7,29.3,42.6,41.5,35.7,37.6,37.1,33.8,21.3,48.9,51.4,52.2,26.1,28.7,33.1,39.2,21.6,62.8,53.0,33.9,21.2,54.1,32.3,37.3,32.0,35.9,35.6,31.7,44.7,42.2,39.2,19.2,41.4,38.8,1,Medical
SUR-0061,29.2,10.6,58.3,47.6,13.7,31.5,33.2,39.8,23.0,26.0,24.3,27.1,43.4,22.5,34.2,18.6,36.9,22.4,5.6,33.8,15.0,31.9,20.5,39.6,37.4,23.3,31.7,22.5,21.9,37.2,2.5,7.0,27.6,20.2,13.2,40.1,22.1,40.6,24.5,16.3,16.7,20.8,25.6,17.3,38.0,19.1,32.0,25.1,49.9,19.4,19.2,37.0,23.6,8.4,35.9,17.6,24.7,16.9,12.7,30.1,24.5,14.6,20.0,25.9,33.7,44.9,30.0,26.7,19.4,34.2,30.3,15.3,33.0,41.5,29.1,29.8,10.6,8.7,36.7,26.2,41.6,18.5,32.0,45.5,24.6,39.4,27.5,39.3,42.1,22.9,11.1,26.5,19.8,18.1,27.4,35.4,1,Surgical
SUR-0248,8.8,12.7,8.1,24.8,17.0,31.7,22.7,29.5,34.0,9.4,8.5,29.3,14.6,17.7,9.0,22.0,11.1,20.0,1.9,0.0,12.1,9.0,35.7,20.8,21.7,13.5,18.6,21.8,24.9,6.3,13.5,8.4,0.0,28.8,0.0,17.5,9.1,0.0,0.0,16.2,15.0,5.3,11.6,37.8,18.1,18.2,12.6,21.8,30.0,16.1,7.6,14.3,34.6,6.6,5.4,27.5,5.0,18.9,18.5,0.1,2.4,47.8,25.1,5.4,0.0,12.1,12.5,26.4,18.4,9.2,8.3,4.7,4.9,11.9,25.0,22.2,25.6,26.8,23.7,15.5,16.2,0.0,16.4,8.2,11.5,19.7,6.8,9.4,22.0,14.9,11.6,16.2,27.9,5.9,35.8,10.7,1,Surgical
MED-0253,24.1,26.5,18.8,19.1,27.0,19.7,30.6,20.7,35.7,5.1,25.1,18.2,37.8,36.6,23.2,33.0,11.4,10.7,31.8,29.9,40.6,40.8,21.0,13.3,20.1,24.7,18.7,17.1,27.7,33.6,12.6,21.5,11.0,30.2,15.1,22.5,24.0,25.4,29.3,10.7,19.9,24.4,5.6,16.5,19.1,21.3,18.0,24.1,11.7,33.9,21.6,38.9,34.0,38.2,10.4,20.3,36.1,18.2,6.9,11.5,17.7,23.2,10.6,27.5,20.1,24.3,8.6,27.2,35.9,37.8,41.8,17.1,33.3,16.3,50.0,13.6,36.2,29.2,20.4,32.4,19.9,42.8,11.5,33.1,27.1,27.0,23.0,23.4,19.9,21.7,25.1,34.7,35.7,23.1,37.3,34.2,1,Medical
MED-0022,46.5,68.0,59.2,50.4,50.4,57.6,35.8,42.3,38.1,41.3,56.4,32.0,55.8,50.5,66.4,52.3,69.4,55.9,62.3,61.4,39.8,44.4,41.5,56.3,58.0,57.4,50.9,55.5,49.4,63.6,57.4,31.9,41.8,45.3,40.0,61.4,23.7,39.1,55.0,37.9,58.7,46.9,38.7,60.3,63.0,53.1,65.3,48.2,63.8,60.4,46.2,62.1,49.1,55.8,49.9,56.9,40.1,55.1,62.8,56.2,39.5,33.0,53.0,51.4,48.7,60.3,52.0,54.6,50.1,48.9,46.4,36.8,77.3,59.2,43.3,50.8,36.0,39.9,41.2,39.4,44.8,67.7,60.5,52.8,28.3,30.0,45.7,40.9,50.9,27.1,61.1,55.2,54.1,53.0,51.6,39.8,0,Medical
MED-0314,31.7,0.0,22.8,29.8,21.7,32.2,29.1,18.0,20.3,17.2,18.6,29.7,32.1,25.1,5.3,15.2,29.0,22.5,31.5,15.9,12.6,29.5,40.9,19.0,21.1,9.4,22.6,31.5,27.6,22.7,30.4,32.9,26.3,15.0,22.7,11.0,20.4,7.2,26.8,13.4,22.6,21.1,30.8,17.7,32.2,9.1,29.6,41.1,18.2,15.9,9.5,11.1,29.0,26.9,17.8,11.4,21.9,8.5,2.7,32.1,26.7,20.7,24.3,21.1,29.3,38.8,38.7,0.0,9.8,18.9,17.1,15.4,17.9,25.4,20.7,24.2,8.7,32.1,18.9,20.3,43.1,34.2,37.9,30.7,39.2,33.6,20.3,9.0,24.5,24.2,21.0,17.4,17.6,20.4,26.1,16.9,1,Medical
MED-0460,27.1,18.6,11.6,27.2,16.7,12.5,32.4,27.5,15.3,21.4,16.1,30.4,9.2,25.0,10.7,45.8,40.0,35.2,21.3,9.5,18.1,16.0,33.2,26.9,37.1,36.2,34.9,32.1,36.9,1.7,23.1,16.2,14.4,24.1,18.4,39.7,24.7,20.5,36.9,28.4,12.5,21.1,15.4,0.0,19.4,14.1,12.2,9.9,18.8,16.0,22.7,15.2,28.4,33.6,19.5,31.2,34.6,22.5,24.1,27.0,20.1,16.1,16.4,15.0,25.4,36.9,5.7,21.5,29.0,30.0,18.9,5.6,18.8,22.5,14.6,34.1,10.6,5.7,29.6,16.2,11.4,25.2,26.6,15.4,46.2,20.6,30.9,25.2,27.9,24.7,29.9,29.2,16.8,8.3,12.7,34.1,1,Medical
MED-0161,38.0,34.9,40.6,26.0,34.0,34.3,28.4,26.8,25.1,45.8,40.6,26.1,36.0,31.7,55.3,27.7,44.3,34.2,40.0,41.2,23.4,37.1,28.6,16.6,35.8,46.7,42.5,40.2,35.7,25.5,18.0,33.7,22.6,26.0,34.4,21.1,29.3,16.8,7.7,22.3,17.4,22.1,18.6,31.8,44.0,29.3,24.7,26.1,7.8,28.7,46.1,28.7,31.5,45.3,31.8,25.7,32.6,20.7,20.6,36.3,17.6,33.4,37.1,12.2,21.8,15.6,36.7,21.9,13.7,27.6,49.1,14.8,39.5,30.5,43.6,36.8,12.8,13.9,18.7,28.0,34.3,33.3,30.9,33.3,14.0,20.4,15.2,28.5,38.1,26.7,38.0,13.6,26.3,27.3,33.6,20.2,1,Medical
MED-0277,23.6,22.1,10.8,23.3,23.1,28.5,26.9,16.0,22.9,21.0,59.7,30.7,43.1,32.2,27.1,25.8,35.0,23.4,25.7,23.6,15.7,17.7,11.3,21.2,30.2,12.0,33.1,17.8,10.1,16.9,31.6,46.9,42.5,5.4,35.3,24.1,30.8,20.9,23.6,35.7,21.8,16.5,31.1,31.0,17.6,37.4,15.3,40.3,25.5,14.7,20.7,13.1,28.7,33.7,1.2,25.7,41.0,28.4,28.6,19.7,27.8,35.5,15.4,16.1,35.5,28.0,30.8,19.5,29.0,27.7,14.2,37.7,26.6,20.7,15.4,14.0,45.7,41.0,4.7,21.5,39.9,18.9,30.4,42.8,13.8,33.3,30.6,33.1,13.7,31.8,13.4,18.0,29.2,12.8,23.2,29.4,1,Medical
MED-0192,29.2,12.0,10.7,15.2,0.0,21.9,11.7,21.0,8.7,6.7,13.3,13.7,15.9,6.7,26.5,10.8,28.2,9.3,33.9,17.8,21.9,20.5,37.1,20.4,4.6,25.3,21.5,18.3,9.7,14.6,20.9,0.0,8.4,1.0,29.9,12.3,17.4,0.0,12.7,3.7,33.2,8.8,17.9,6.7,26.8,6.7,24.6,26.5,17.2,8.2,23.2,16.7,17.2,30.4,13.4,7.9,3.4,25.3,31.5,25.9,8.9,1.6,8.7,14.5,19.7,8.9,2.7,26.7,16.8,22.1,9.4,23.4,17.0,34.6,10.5,14.1,15.2,3.7,11.6,13.3,11.5,13.3,18.4,6.4,10.0,21.5,6.1,8.5,31.2,17.6,10.7,36.8,3.4,19.8,3.8,20.0,1,Medical
MED-0386,36.3,37.6,16.7,32.6,30.4,45.3,69.2,34.0,36.3,52.9,39.6,31.9,25.4,35.9,53.4,20.7,32.1,52.6,37.1,44.3,25.4,54.1,47.0,43.6,30.8,34.6,22.7,31.8,41.6,41.0,39.1,42.5,30.4,48.8,37.4,31.8,33.7,25.5,18.8,41.3,27.0,57.1,31.8,26.9,22.6,33.5,41.2,29.9,40.1,46.2,43.2,14.4,17.2,60.5,45.5,19.6,29.9,32.9,28.7,46.0,35.7,41.4,41.7,35.4,44.0,36.6,28.4,35.3,35.6,44.9,27.4,35.0,32.0,44.9,38.8,13.1,37.0,43.6,58.6,55.1,39.6,31.6,55.5,19.0,52.5,46.4,47.5,51.2,48.0,50.5,30.3,44.5,28.5,49.1,45.6,31.2,1,Medical
MED-0414,14.1,12.9,0.0,15.7,22.9,29.1,17.0,17.0,25.6,17.2,26.6,10.6,18.0,8.4,17.2,23.1,21.7,15.9,28.4,10.6,23.4,26.2,7.9,30.5,19.7,26.2,21.1,13.5,25.0,14.0,18.2,8.1,18.5,22.4,24.4,6.7,21.1,19.7,24.7,7.8,32.5,19.4,47.2,39.3,16.1,32.1,26.8,38.6,24.3,48.8,22.5,21.8,7.9,23.0,35.1,24.5,30.8,9.4,36.2,34.2,35.0,34.5,23.1,14.4,30.7,5.2,14.7,35.1,33.5,13.2,18.9,27.0,22.5,35.7,12.7,32.5,47.9,41.5,9.2,22.4,27.1,10.8,22.1,36.8,19.2,34.1,16.7,23.4,8.3,17.0,9.5,29.7,11.1,0.0,15.4,18.0,1,Medical
MED-0492,21.2,17.5,41.3,45.5,45.3,30.5,44.2,34.3,36.3,29.6,31.0,19.3,46.3,15.1,20.3,27.9,20.4,30.7,28.7,42.7,20.5,25.2,29.3,38.3,24.3,20.4,22.4,32.0,29.7,21.2,29.7,35.0,44.0,20.3,28.0,29.6,15.3,19.8,28.8,37.7,32.1,50.4,44.2,19.0,30.5,21.9,25.7,37.5,6.9,32.3,12.9,25.8,26.6,38.7,27.3,38.5,12.9,32.8,27.8,33.2,32.7,37.6,27.5,35.2,28.4,18.7,20.3,23.3,21.0,33.5,23.5,21.6,44.5,39.3,15.9,39.8,26.8,20.9,30.0,24.3,14.5,5.6,23.3,25.4,31.3,20.3,40.7,22.2,37.7,30.4,30.0,22.9,29.0,26.0,18.2,33.0,1,Medical
MED-0344,0.0,0.0,13.1,14.4,14.5,2.2,6.9,19.6,8.1,17.4,6.8,13.1,12.3,16.6,6.7,5.1,5.3,3.5,29.9,0.0,20.2,0.0,0.0,25.3,16.5,2.7,13.4,0.9,0.0,0.0,21.0,4.4,0.0,20.6,22.1,2.8,14.3,5.9,25.8,0.0,2.0,25.4,0.0,7.4,19.1,16.3,7.3,19.7,31.8,2.0,8.5,7.9,20.0,18.1,12.2,0.0,31.4,0.0,10.3,5.9,0.0,0.0,13.6,1.7,14.8,0.0,11.0,10.4,7.1,18.0,13.1,6.9,22.0,0.0,0.5,20.9,0.0,0.0,0.0,4.3,0.1,4.7,18.2,0.0,0.0,0.2,21.1,21.2,28.1,20.1,11.2,6.6,13.1,20.1,0.0,11.4,1,Medical
SUR-0270,13.9,28.8,50.9,41.5,36.6,19.7,21.9,20.8,24.3,16.3,21.5,30.8,19.6,40.8,23.9,28.5,37.9,33.3,40.8,18.2,16.1,18.6,37.2,35.7,34.6,23.2,32.4,9.1,44.3,41.6,21.5,23.8,14.8,27.1,34.6,35.4,9.6,28.3,27.4,36.7,29.8,33.4,46.2,27.6,11.4,24.1,26.9,54.1,32.8,28.5,35.2,27.3,23.9,30.2,19.1,18.7,36.2,27.9,28.0,28.8,13.9,23.2,28.8,23.2,39.5,35.2,11.1,23.7,25.7,27.0,29.3,21.0,20.1,24.0,14.7,37.7,23.7,30.5,22.0,27.4,30.8,14.9,44.6,17.5,41.0,39.1,32.9,7.2,24.6,43.5,27.3,20.7,16.6,5.5,25.6,35.8,1,Surgical
MED-0309,40.6,38.5,43.6,33.8,47.0,33.1,42.1,40.0,42.9,32.5,42.5,15.8,47.3,31.2,42.3,18.0,33.6,32.0,23.7,28.0,31.8,20.7,32.4,45.0,30.0,49.6,28.1,34.7,39.5,20.0,35.4,27.3,46.7,28.3,40.2,31.0,56.3,49.6,30.3,24.0,52.9,50.3,41.6,28.3,51.8,35.2,32.7,49.1,38.8,40.3,31.5,38.8,27.9,43.3,39.8,50.8,38.3,62.1,35.1,60.1,31.6,31.4,45.4,27.8,51.7,44.8,25.8,40.0,39.9,31.4,36.3,30.5,42.7,43.7,30.9,35.2,40.2,24.8,24.9,33.8,34.0,32.9,37.3,50.0,37.6,29.3,22.9,42.8,40.2,39.4,49.8,24.4,30.9,46.7,43.3,24.7,1,Medical
SUR-0162,22.1,9.7,21.0,21.2,22.9,44.4,20.5,29.9,54.0,9.3,40.8,64.6,16.4,53.3,15.7,28.5,25.0,17.9,32.6,31.6,25.7,38.4,51.1,16.2,40.4,21.3,25.4,26.9,50.5,25.5,25.7,41.8,25.9,37.9,31.6,18.9,17.5,39.0,29.7,10.3,19.5,21.9,38.6,28.3,30.5,37.3,40.4,25.3,28.7,25.6,33.7,40.2,13.7,44.0,42.8,31.1,19.5,25.7,24.3,7.7,42.9,33.1,26.2,33.0,18.6,42.5,45.8,39.2,25.1,26.9,18.2,27.7,45.8,19.5,43.2,30.2,33.6,6.6,23.2,26.2,22.2,24.8,35.0,31.6,20.3,30.1,40.5,26.5,12.4,33.2,39.6,25.1,41.3,13.9,41.1,34.4,1,Surgical
MED-0131,44.1,34.8,31.4,49.8,23.7,46.3,25.2,16.0,27.2,36.0,28.5,35.9,25.4,19.9,23.7,48.0,19.4,35.4,31.5,31.9,14.7,26.1,38.9,37.0,15.2,20.8,14.6,44.2,40.7,48.7,27.1,27.3,24.4,32.4,25.0,21.6,34.3,48.4,28.4,29.2,31.4,47.1,38.4,31.8,28.5,33.8,35.0,24.7,23.4,38.2,27.2,35.6,37.0,43.3,14.7,37.3,41.0,35.6,35.3,39.9,60.7,20.6,27.1,34.7,41.7,48.5,19.4,32.0,51.1,15.9,39.2,30.4,42.7,31.9,33.0,24.7,26.7,24.4,32.6,31.7,28.6,40.4,35.3,6.5,18.6,38.9,20.6,25.3,17.6,29.9,12.8,33.1,44.8,23.4,38.1,21.8,1,Medical
SUR-0164,38.4,25.2,37.1,26.5,21.0,29.5,31.0,22.2,34.6,16.2,0.2,19.5,42.3,43.7,31.8,18.6,35.1,19.5,23.5,24.0,29.0,11.1,37.5,26.8,49.1,21.0,18.9,7.5,35.2,27.8,35.2,40.2,28.8,27.8,26.3,17.0,22.5,21.6,34.1,23.6,20.4,30.5,35.6,23.8,7.4,34.6,28.9,29.5,22.7,16.0,24.2,19.0,18.8,13.2,14.1,11.3,30.2,33.8,20.2,36.3,31.8,36.5,18.2,14.6,30.7,33.8,23.7,38.3,23.0,15.0,19.7,35.4,22.1,21.0,41.9,28.0,20.1,27.3,26.7,25.9,24.4,24.6,44.7,21.1,31.3,13.6,17.8,32.5,30.9,26.1,39.0,51.6,25.4,26.4,35.8,32.2,1,Surgical
MED-0100,36.2,32.3,27.0,20.6,27.5,47.3,30.1,37.7,18.8,25.5,21.7,42.8,46.6,30.0,31.8,43.5,37.0,23.0,47.7,19.2,31.3,57.8,40.1,19.0,57.7,37.1,34.0,20.6,45.4,27.8,22.0,35.7,33.7,34.8,26.1,26.2,30.2,16.0,21.7,25.5,44.8,45.5,14.5,46.9,40.3,30.6,16.3,46.5,29.2,40.6,25.8,37.7,47.5,35.8,54.5,31.6,27.5,33.9,26.4,31.8,27.5,38.3,32.4,42.4,25.7,45.0,27.8,22.1,27.0,32.3,37.2,36.6,28.6,20.0,31.1,33.4,30.9,38.5,16.2,46.9,17.2,29.1,41.7,33.8,31.3,25.3,20.6,32.0,26.8,40.7,23.7,18.2,22.4,35.8,36.3,38.3,1,Medical
MED-0373,3.2,22.8,29.4,30.8,44.5,36.8,29.0,50.0,46.3,29.8,21.5,32.6,32.1,30.7,28.0,25.7,37.9,51.9,12.7,24.6,21.3,34.0,34.8,21.3,16.6,30.7,27.9,41.1,28.0,36.5,31.2,28.9,24.4,49.5,27.0,18.2,24.6,18.1,41.6,25.7,13.2,35.2,29.0,22.4,38.2,32.0,20.8,19.2,47.7,34.9,27.8,33.9,50.3,44.7,30.8,40.6,30.2,24.4,19.8,16.4,35.3,30.1,18.4,25.0,24.5,36.0,33.9,44.7,31.2,26.2,7.6,37.8,33.4,16.3,34.0,47.1,18.2,26.9,36.8,30.1,27.5,30.5,18.5,48.8,34.1,16.6,49.2,18.2,36.3,34.4,31.6,55.3,43.5,25.0,29.6,37.0,1,Medical
MED-0088,33.7,50.9,31.7,34.6,20.2,52.4,20.5,17.8,23.1,14.9,32.6,21.4,16.1,15.0,30.4,37.9,30.3,41.9,35.7,40.6,18.3,31.1,42.3,23.4,21.0,30.2,22.7,31.9,41.1,23.7,44.9,34.1,24.0,26.7,33.1,26.2,9.5,27.6,42.4,50.7,3.0,18.4,19.7,22.7,33.8,36.3,27.3,29.3,47.2,22.6,15.6,28.1,23.3,23.9,41.3,25.4,22.0,22.7,15.8,42.2,11.8,32.6,26.7,37.4,24.5,48.9,41.1,31.4,19.1,21.7,12.9,38.8,22.4,40.4,32.1,22.8,24.7,10.0,32.5,36.6,21.5,22.5,34.1,31.2,16.9,32.3,13.9,11.7,46.4,22.9,39.2,30.5,27.8,21.6,35.7,28.5,1,Medical
MED-0459,34.6,34.0,44.0,21.8,31.8,24.4,46.0,48.8,28.5,29.7,33.8,49.1,45.7,49.5,35.5,33.4,27.8,21.2,39.0,21.8,43.9,20.5,37.6,39.8,42.1,32.5,30.4,32.1,53.9,47.5,19.9,34.7,32.3,15.4,25.4,32.8,32.7,29.2,46.9,27.7,14.0,40.2,32.7,43.1,34.2,33.2,36.8,35.0,41.6,25.7,36.3,26.6,39.5,28.1,29.7,43.2,32.0,31.0,36.1,28.8,34.5,42.6,39.3,50.8,37.9,39.9,53.4,18.2,41.9,42.1,45.8,44.5,54.0,37.3,41.1,32.1,35.7,32.4,36.2,46.1,38.5,31.2,34.4,47.6,48.8,36.8,33.9,37.8,37.2,57.4,25.3,37.3,36.5,30.3,36.6,33.7,1,Medical
MED-0331,9.8,1.1,13.4,5.6,0.0,17.7,26.2,24.6,3.0,14.8,14.0,10.7,11.6,0.0,10.6,8.4,28.9,20.4,18.3,0.0,21.5,11.2,13.7,8.0,7.0,25.0,4.6,11.3,17.2,17.3,5.8,10.1,14.4,0.0,23.7,15.6,19.9,8.8,25.9,23.0,27.2,13.2,0.0,16.6,31.0,0.0,36.4,27.8,13.2,23.4,17.0,11.7,27.3,15.2,16.1,18.9,19.6,19.7,15.9,15.2,4.2,27.3,21.1,8.1,9.6,12.8,25.5,3.7,12.1,15.7,19.4,14.6,20.0,27.5,2.9,10.1,20.0,0.0,6.0,24.7,12.6,22.6,26.0,9.8,20.5,31.1,19.1,0.0,11.7,20.8,18.8,0.0,22.6,13.1,6.6,10.7,1,Medical
MED-0215,0.0,22.6,15.9,16.0,18.0,5.8,23.8,25.8,10.1,29.6,7.9,23.9,6.3,36.7,9.4,7.0,28.2,8.7,0.0,10.7,15.1,21.8,17.4,10.7,14.3,13.4,12.7,23.8,23.7,12.0,20.4,11.3,6.6,17.8,11.5,13.3,13.2,18.0,18.8,19.9,28.4,18.3,10.0,5.9,19.0,19.4,12.1,11.2,21.4,12.2,17.2,26.1,0.0,8.6,23.0,16.1,34.6,16.4,19.2,18.6,15.8,9.2,21.8,20.5,29.4,17.2,22.8,16.8,6.4,11.2,0.0,7.4,10.8,0.7,18.7,25.4,0.0,12.9,0.0,20.4,15.0,4.8,8.0,15.5,22.0,23.1,26.9,2.5,7.8,10.2,15.9,32.2,39.1,5.7,18.2,14.5,1,Medical
MED-0467,15.5,7.0,9.4,12.2,11.8,42.9,22.2,2.9,22.3,2.7,18.0,18.9,0.0,33.9,0.0,13.3,28.1,9.2,17.9,15.1,0.0,9.7,28.5,0.0,24.5,24.5,19.3,0.0,26.6,9.8,12.3,26.1,6.3,11.4,34.5,15.0,9.6,22.1,15.1,30.9,15.9,42.0,7.5,32.8,14.6,30.4,16.1,13.8,5.5,17.0,21.5,16.0,17.2,24.8,16.6,10.1,5.5,18.9,26.8,5.6,4.8,15.3,0.0,23.1,8.9,26.1,30.6,19.9,19.8,10.0,4.7,30.0,18.2,20.0,22.4,27.7,10.2,9.3,16.0,7.8,18.2,23.4,33.1,0.7,24.5,32.9,12.3,22.8,9.1,14.0,14.9,25.6,25.1,0.4,18.8,17.5,1,Medical
MED-0122,27.7,35.8,17.6,14.1,38.8,18.2,41.1,24.8,30.6,21.3,28.9,33.2,36.4,29.8,15.6,47.4,12.5,44.1,43.4,32.3,37.5,24.4,39.0,20.9,20.8,27.0,21.3,26.7,31.5,40.2,27.2,33.6,29.9,33.6,43.3,40.1,31.9,14.6,25.5,22.7,36.2,40.8,27.2,31.4,16.3,21.4,39.2,36.5,18.4,42.3,27.3,29.2,21.6,25.0,19.0,40.9,31.1,18.0,28.5,36.7,41.8,40.7,28.9,25.6,38.8,34.1,32.9,33.3,57.6,24.1,30.0,24.2,5.5,23.9,43.0,28.2,27.1,28.6,8.5,29.3,39.9,30.1,27.9,33.6,31.5,36.5,22.0,28.0,26.7,15.8,31.0,38.5,20.9,36.9,34.2,22.9,1,Medical
SUR-0115,21.9,32.1,35.4,62.4,14.6,24.9,28.3,10.3,32.7,37.8,33.7,17.1,33.1,43.3,26.7,28.3,28.2,40.8,21.2,37.4,36.0,25.4,33.9,34.7,24.4,25.7,28.4,14.1,9.6,44.7,33.5,30.2,34.2,36.2,42.5,42.1,26.5,15.6,41.0,15.9,53.5,31.8,38.8,33.9,31.6,41.2,45.1,38.7,32.1,46.5,51.1,29.3,30.7,32.5,23.5,32.9,18.6,21.7,40.0,39.2,47.6,33.8,35.3,44.3,23.9,20.1,35.5,26.5,48.4,31.5,38.8,32.5,23.6,35.9,46.2,33.8,30.3,44.4,16.2,39.5,25.1,38.4,29.5,41.0,46.1,30.7,29.2,43.6,21.7,30.3,37.7,30.6,26.8,45.8,35.5,41.0,1,Surgical
MED-0021,43.8,60.4,44.7,45.1,46.8,44.0,42.9,59.3,63.9,54.0,42.9,44.3,57.0,29.7,45.4,45.2,45.5,37.4,40.8,41.7,62.7,35.6,58.5,46.8,49.1,57.7,44.6,48.6,42.1,44.7,25.1,36.1,60.7,44.2,62.6,59.2,39.2,48.5,41.7,42.6,46.0,54.3,44.3,30.0,44.1,48.3,43.9,60.2,68.0,40.7,57.8,54.2,41.3,47.9,35.8,48.3,51.1,40.5,60.5,61.3,55.4,54.9,67.5,36.9,54.2,45.4,42.6,62.3,46.9,37.3,50.4,30.3,36.3,42.0,61.9,51.0,61.1,44.9,31.9,42.5,60.2,21.0,52.1,42.4,45.8,47.8,51.2,51.1,45.3,40.8,42.9,49.1,71.1,51.1,59.7,46.6,0,Medical
SUR-0201,52.6,48.0,55.9,41.8,70.3,41.1,51.2,60.2,33.8,48.1,60.0,67.9,46.0,52.8,60.2,45.5,47.4,30.5,45.2,36.9,35.4,29.5,59.5,35.1,51.6,42.1,59.6,28.5,57.0,45.1,42.9,45.4,50.7,47.2,54.3,47.5,36.7,32.9,40.3,50.6,30.7,38.6,48.1,43.6,38.1,68.8,40.4,44.0,31.0,31.7,50.9,64.1,45.9,32.9,28.4,36.4,48.1,44.5,53.3,43.6,44.5,37.8,37.8,63.5,45.8,42.2,59.8,60.6,32.0,35.8,56.7,27.1,46.9,42.0,28.5,54.7,62.0,42.8,55.3,35.2,32.3,51.9,26.2,35.6,24.8,51.3,55.3,38.6,38.7,30.5,47.9,37.4,45.3,39.6,40.5,50.6,1,Surgical
MED-0072,9.5,35.0,18.6,19.5,27.4,24.2,33.0,19.6,29.3,23.7,37.1,40.8,24.5,25.4,9.6,24.7,29.0,40.3,26.1,30.7,49.7,32.7,36.1,27.8,25.5,26.0,26.8,41.0,36.5,27.8,29.3,25.8,26.7,8.8,14.0,17.5,5.7,43.5,24.0,16.1,12.3,37.9,21.5,44.1,38.3,37.9,6.1,43.7,28.5,31.9,28.8,14.3,20.3,23.6,9.3,27.0,44.4,32.5,48.6,31.8,39.1,26.6,18.7,37.4,11.2,28.9,44.4,45.4,29.0,44.4,19.2,13.4,42.1,27.1,30.6,30.0,37.7,40.8,17.3,48.5,0.0,44.6,21.2,39.6,0.0,23.4,21.5,32.9,36.7,12.9,12.9,23.2,29.1,13.8,22.8,23.0,1,Medical
MED-0107,7.8,35.7,23.5,34.4,32.4,20.4,35.4,42.2,37.5,33.8,39.2,45.3,42.9,33.7,21.2,36.9,34.3,10.4,25.7,25.4,47.3,24.9,41.0,39.9,45.7,37.5,33.4,17.2,22.0,21.7,27.2,17.5,41.6,36.1,34.0,20.9,7.7,49.9,47.5,40.3,30.1,32.4,33.9,37.6,38.3,38.9,23.3,32.6,45.7,35.9,33.6,31.5,28.2,35.4,27.1,23.8,33.0,37.8,33.4,36.9,41.4,40.9,12.5,44.8,34.9,17.1,31.2,41.1,27.6,29.7,53.4,27.4,33.5,28.9,18.2,34.7,9.3,14.0,40.7,26.9,13.3,37.0,21.7,39.4,25.9,32.6,29.3,37.0,18.0,28.7,29.5,29.9,28.1,34.8,27.4,48.8,1,Medical
MED-0271,19.3,14.1,4.7,0.0,18.8,14.2,0.0,22.4,0.0,15.5,0.0,0.0,0.0,10.5,0.0,5.1,12.6,3.2,5.7,0.0,13.2,1.8,18.4,12.1,13.5,10.2,17.8,13.4,0.0,5.6,6.5,0.7,1.6,4.6,21.8,0.0,28.6,9.0,12.2,0.0,16.9,3.6,2.8,7.3,20.6,13.5,9.5,6.1,0.0,13.4,0.0,1.6,11.1,4.9,11.1,13.5,23.9,15.1,13.0,14.4,2.9,4.2,21.5,18.8,19.4,3.4,3.5,15.9,7.0,12.1,6.1,18.1,4.9,8.6,17.8,0.0,21.9,1.5,1.8,18.9,18.2,9.7,8.0,25.4,0.2,23.3,25.4,24.8,24.3,0.0,17.9,25.8,0.0,0.0,9.6,13.1,1,Medical
MED-0436,30.6,35.9,21.8,28.5,20.9,17.4,31.4,29.7,33.9,14.6,22.6,20.8,21.8,32.5,16.6,16.7,42.1,45.2,19.5,15.7,27.7,9.0,31.8,33.0,30.5,38.8,20.1,26.6,30.2,10.0,9.5,40.9,23.2,18.0,20.4,15.9,12.5,19.3,34.3,39.4,29.7,32.8,24.4,29.8,21.4,27.1,29.0,19.1,43.4,25.5,31.1,7.6,18.9,2.5,26.6,24.5,34.9,13.9,17.1,21.8,24.8,12.3,23.3,24.4,35.1,29.3,40.8,3.2,32.8,14.9,26.9,28.5,25.0,34.8,36.4,31.6,17.5,1.0,36.4,36.2,32.6,32.5,41.1,11.8,8.7,17.7,28.4,26.0,24.2,25.0,18.9,5.9,23.4,31.3,30.6,20.5,1,Medical
MED-0103,29.5,34.6,40.6,22.4,38.1,31.8,29.6,25.8,17.8,48.2,28.8,31.5,35.7,11.9,12.8,28.9,26.6,14.6,36.5,26.9,21.8,25.9,45.6,35.9,26.4,45.9,19.8,33.1,33.1,6.7,43.4,14.0,16.7,8.3,33.1,18.7,20.5,21.3,45.5,31.8,20.0,39.0,39.0,25.4,6.4,17.2,43.1,15.2,27.3,35.9,21.1,37.1,36.9,25.0,25.6,48.3,31.3,19.8,30.7,12.7,41.8,22.2,18.5,12.4,30.3,18.5,37.9,26.5,24.7,48.9,20.1,19.6,42.8,35.0,33.7,11.9,15.9,0.0,17.0,32.7,31.0,21.4,27.3,37.3,11.0,40.7,38.7,28.3,28.3,20.7,22.5,32.8,32.4,7.9,15.6,26.2,1,Medical
